{"type":"FeatureCollection","name":"nagoya-population-mesh","crs":"EPSG:4326","description":"SYNTHETIC deterministic 500m population-mesh fixture. Conserves the official 2020 ward totals by area-weighted cell allocation; NOT real census mesh data. Use scripts/fetch-estat-mesh.py for the licensed real 500m mesh.","mesh_step_deg":0.004166666666666667,"features":[{"type":"Feature","properties":{"mesh_id":"mesh-0045-0030","ward_code":"23101","ward_name":"千種区","population":397,"cell_fraction":0.25},"geometry":{"type":"Polygon","coordinates":[[[136.9675,35.145],[136.971667,35.145],[136.971667,35.149167],[136.9675,35.149167],[136.9675,35.145]]]}},{"type":"Feature","properties":{"mesh_id":"mesh-0045-0031","ward_code":"23101","ward_name":"千種区","population":1189,"cell_fraction":0.75},"geometry":{"type":"Polygon","coordinates":[[[136.9675,35.149167],[136.971667,35.149167],[136.971667,35.153333],[136.9675,35.153333],[136.9675,35.149167]]]}},{"type":"Feature","properties":{"mesh_id":"mesh-0046-0031","ward_code":"23101","ward_name":"千種区","population":1585,"cell_fraction":1.0},"geometry":{"type":"Polygon","coordinates":[[[136.971667,35.149167],[136.975833,35.149167],[136.975833,35.153333],[136.971667,35.153333],[136.971667,35.149167]]]}},{"type":"Feature","properties":{"mesh_id":"mesh-0047-0031","ward_code":"23101","ward_name":"千種区","population":1189,"cell_fraction":0.75},"geometry":{"type":"Polygon","coordinates":[[[136.975833,35.149167],[136.98,35.149167],[136.98,35.153333],[136.975833,35.153333],[136.975833,35.149167]]]}},{"type":"Feature","properties":{"mesh_id":"mesh-0048-0031","ward_code":"23101","ward_name":"千種区","population":1585,"cell_fraction":1.0},"geometry":{"type":"Polygon","coordinates":[[[136.98,35.149167],[136.984167,35.149167],[136.984167,35.153333],[136.98,35.153333],[136.98,35.149167]]]}},{"type":"Feature","properties":{"mesh_id":"mesh-0049-0031","ward_code":"23101","ward_name":"千種区","population":793,"cell_fraction":0.5},"geometry":{"type":"Polygon","coordinates":[[[136.984167,35.149167],[136.988333,35.149167],[136.988333,35.153333],[136.984167,35.153333],[136.984167,35.149167]]]}},{"type":"Feature","properties":{"mesh_id":"mesh-0037-0032","ward_code":"23101","ward_name":"千種区","population":397,"cell_fraction":0.25},"geometry":{"type":"Polygon","coordinates":[[[136.934167,35.153333],[136.938333,35.153333],[136.938333,35.1575],[136.934167,35.1575],[136.934167,35.153333]]]}},{"type":"Feature","properties":{"mesh_id":"mesh-0038-0032","ward_code":"23101","ward_name":"千種区","population":793,"cell_fraction":0.5},"geometry":{"type":"Polygon","coordinates":[[[136.938333,35.153333],[136.9425,35.153333],[136.9425,35.1575],[136.938333,35.1575],[136.938333,35.153333]]]}},{"type":"Feature","properties":{"mesh_id":"mesh-0043-0032","ward_code":"23101","ward_name":"千種区","population":793,"cell_fraction":0.5},"geometry":{"type":"Polygon","coordinates":[[[136.959167,35.153333],[136.963333,35.153333],[136.963333,35.1575],[136.959167,35.1575],[136.959167,35.153333]]]}},{"type":"Feature","properties":{"mesh_id":"mesh-0044-0032","ward_code":"23101","ward_name":"千種区","population":1585,"cell_fraction":1.0},"geometry":{"type":"Polygon","coordinates":[[[136.963333,35.153333],[136.9675,35.153333],[136.9675,35.1575],[136.963333,35.1575],[136.963333,35.153333]]]}},{"type":"Feature","properties":{"mesh_id":"mesh-0045-0032","ward_code":"23101","ward_name":"千種区","population":1585,"cell_fraction":1.0},"geometry":{"type":"Polygon","coordinates":[[[136.9675,35.153333],[136.971667,35.153333],[136.971667,35.1575],[136.9675,35.1575],[136.9675,35.153333]]]}},{"type":"Feature","properties":{"mesh_id":"mesh-0046-0032","ward_code":"23101","ward_name":"千種区","population":1585,"cell_fraction":1.0},"geometry":{"type":"Polygon","coordinates":[[[136.971667,35.153333],[136.975833,35.153333],[136.975833,35.1575],[136.971667,35.1575],[136.971667,35.153333]]]}},{"type":"Feature","properties":{"mesh_id":"mesh-0047-0032","ward_code":"23101","ward_name":"千種区","population":1585,"cell_fraction":1.0},"geometry":{"type":"Polygon","coordinates":[[[136.975833,35.153333],[136.98,35.153333],[136.98,35.1575],[136.975833,35.1575],[136.975833,35.153333]]]}},{"type":"Feature","properties":{"mesh_id":"mesh-0048-0032","ward_code":"23101","ward_name":"千種区","population":1585,"cell_fraction":1.0},"geometry":{"type":"Polygon","coordinates":[[[136.98,35.153333],[136.984167,35.153333],[136.984167,35.1575],[136.98,35.1575],[136.98,35.153333]]]}},{"type":"Feature","properties":{"mesh_id":"mesh-0049-0032","ward_code":"23101","ward_name":"千種区","population":1585,"cell_fraction":1.0},"geometry":{"type":"Polygon","coordinates":[[[136.984167,35.153333],[136.988333,35.153333],[136.988333,35.1575],[136.984167,35.1575],[136.984167,35.153333]]]}},{"type":"Feature","properties":{"mesh_id":"mesh-0034-0033","ward_code":"23101","ward_name":"千種区","population":1189,"cell_fraction":0.75},"geometry":{"type":"Polygon","coordinates":[[[136.921667,35.1575],[136.925833,35.1575],[136.925833,35.161667],[136.921667,35.161667],[136.921667,35.1575]]]}},{"type":"Feature","properties":{"mesh_id":"mesh-0035-0033","ward_code":"23101","ward_name":"千種区","population":1585,"cell_fraction":1.0},"geometry":{"type":"Polygon","coordinates":[[[136.925833,35.1575],[136.93,35.1575],[136.93,35.161667],[136.925833,35.161667],[136.925833,35.1575]]]}},{"type":"Feature","properties":{"mesh_id":"mesh-0036-0033","ward_code":"23101","ward_name":"千種区","population":1189,"cell_fraction":0.75},"geometry":{"type":"Polygon","coordinates":[[[136.93,35.1575],[136.934167,35.1575],[136.934167,35.161667],[136.93,35.161667],[136.93,35.1575]]]}},{"type":"Feature","properties":{"mesh_id":"mesh-0037-0033","ward_code":"23101","ward_name":"千種区","population":1585,"cell_fraction":1.0},"geometry":{"type":"Polygon","coordinates":[[[136.934167,35.1575],[136.938333,35.1575],[136.938333,35.161667],[136.934167,35.161667],[136.934167,35.1575]]]}},{"type":"Feature","properties":{"mesh_id":"mesh-0038-0033","ward_code":"23101","ward_name":"千種区","population":1585,"cell_fraction":1.0},"geometry":{"type":"Polygon","coordinates":[[[136.938333,35.1575],[136.9425,35.1575],[136.9425,35.161667],[136.938333,35.161667],[136.938333,35.1575]]]}},{"type":"Feature","properties":{"mesh_id":"mesh-0039-0033","ward_code":"23101","ward_name":"千種区","population":1189,"cell_fraction":0.75},"geometry":{"type":"Polygon","coordinates":[[[136.9425,35.1575],[136.946667,35.1575],[136.946667,35.161667],[136.9425,35.161667],[136.9425,35.1575]]]}},{"type":"Feature","properties":{"mesh_id":"mesh-0040-0033","ward_code":"23101","ward_name":"千種区","population":1189,"cell_fraction":0.75},"geometry":{"type":"Polygon","coordinates":[[[136.946667,35.1575],[136.950833,35.1575],[136.950833,35.161667],[136.946667,35.161667],[136.946667,35.1575]]]}},{"type":"Feature","properties":{"mesh_id":"mesh-0041-0033","ward_code":"23101","ward_name":"千種区","population":1189,"cell_fraction":0.75},"geometry":{"type":"Polygon","coordinates":[[[136.950833,35.1575],[136.955,35.1575],[136.955,35.161667],[136.950833,35.161667],[136.950833,35.1575]]]}},{"type":"Feature","properties":{"mesh_id":"mesh-0042-0033","ward_code":"23101","ward_name":"千種区","population":793,"cell_fraction":0.5},"geometry":{"type":"Polygon","coordinates":[[[136.955,35.1575],[136.959167,35.1575],[136.959167,35.161667],[136.955,35.161667],[136.955,35.1575]]]}},{"type":"Feature","properties":{"mesh_id":"mesh-0043-0033","ward_code":"23101","ward_name":"千種区","population":1585,"cell_fraction":1.0},"geometry":{"type":"Polygon","coordinates":[[[136.959167,35.1575],[136.963333,35.1575],[136.963333,35.161667],[136.959167,35.161667],[136.959167,35.1575]]]}},{"type":"Feature","properties":{"mesh_id":"mesh-0044-0033","ward_code":"23101","ward_name":"千種区","population":1585,"cell_fraction":1.0},"geometry":{"type":"Polygon","coordinates":[[[136.963333,35.1575],[136.9675,35.1575],[136.9675,35.161667],[136.963333,35.161667],[136.963333,35.1575]]]}},{"type":"Feature","properties":{"mesh_id":"mesh-0045-0033","ward_code":"23101","ward_name":"千種区","population":1585,"cell_fraction":1.0},"geometry":{"type":"Polygon","coordinates":[[[136.9675,35.1575],[136.971667,35.1575],[136.971667,35.161667],[136.9675,35.161667],[136.9675,35.1575]]]}},{"type":"Feature","properties":{"mesh_id":"mesh-0046-0033","ward_code":"23101","ward_name":"千種区","population":1585,"cell_fraction":1.0},"geometry":{"type":"Polygon","coordinates":[[[136.971667,35.1575],[136.975833,35.1575],[136.975833,35.161667],[136.971667,35.161667],[136.971667,35.1575]]]}},{"type":"Feature","properties":{"mesh_id":"mesh-0047-0033","ward_code":"23101","ward_name":"千種区","population":1585,"cell_fraction":1.0},"geometry":{"type":"Polygon","coordinates":[[[136.975833,35.1575],[136.98,35.1575],[136.98,35.161667],[136.975833,35.161667],[136.975833,35.1575]]]}},{"type":"Feature","properties":{"mesh_id":"mesh-0048-0033","ward_code":"23101","ward_name":"千種区","population":1585,"cell_fraction":1.0},"geometry":{"type":"Polygon","coordinates":[[[136.98,35.1575],[136.984167,35.1575],[136.984167,35.161667],[136.98,35.161667],[136.98,35.1575]]]}},{"type":"Feature","properties":{"mesh_id":"mesh-0049-0033","ward_code":"23101","ward_name":"千種区","population":1585,"cell_fraction":1.0},"geometry":{"type":"Polygon","coordinates":[[[136.984167,35.1575],[136.988333,35.1575],[136.988333,35.161667],[136.984167,35.161667],[136.984167,35.1575]]]}},{"type":"Feature","properties":{"mesh_id":"mesh-0034-0034","ward_code":"23101","ward_name":"千種区","population":396,"cell_fraction":0.25},"geometry":{"type":"Polygon","coordinates":[[[136.921667,35.161667],[136.925833,35.161667],[136.925833,35.165833],[136.921667,35.165833],[136.921667,35.161667]]]}},{"type":"Feature","properties":{"mesh_id":"mesh-0035-0034","ward_code":"23101","ward_name":"千種区","population":1585,"cell_fraction":1.0},"geometry":{"type":"Polygon","coordinates":[[[136.925833,35.161667],[136.93,35.161667],[136.93,35.165833],[136.925833,35.165833],[136.925833,35.161667]]]}},{"type":"Feature","properties":{"mesh_id":"mesh-0036-0034","ward_code":"23101","ward_name":"千種区","population":1585,"cell_fraction":1.0},"geometry":{"type":"Polygon","coordinates":[[[136.93,35.161667],[136.934167,35.161667],[136.934167,35.165833],[136.93,35.165833],[136.93,35.161667]]]}},{"type":"Feature","properties":{"mesh_id":"mesh-0037-0034","ward_code":"23101","ward_name":"千種区","population":1585,"cell_fraction":1.0},"geometry":{"type":"Polygon","coordinates":[[[136.934167,35.161667],[136.938333,35.161667],[136.938333,35.165833],[136.934167,35.165833],[136.934167,35.161667]]]}},{"type":"Feature","properties":{"mesh_id":"mesh-0038-0034","ward_code":"23101","ward_name":"千種区","population":1585,"cell_fraction":1.0},"geometry":{"type":"Polygon","coordinates":[[[136.938333,35.161667],[136.9425,35.161667],[136.9425,35.165833],[136.938333,35.165833],[136.938333,35.161667]]]}},{"type":"Feature","properties":{"mesh_id":"mesh-0039-0034","ward_code":"23101","ward_name":"千種区","population":1585,"cell_fraction":1.0},"geometry":{"type":"Polygon","coordinates":[[[136.9425,35.161667],[136.946667,35.161667],[136.946667,35.165833],[136.9425,35.165833],[136.9425,35.161667]]]}},{"type":"Feature","properties":{"mesh_id":"mesh-0040-0034","ward_code":"23101","ward_name":"千種区","population":1585,"cell_fraction":1.0},"geometry":{"type":"Polygon","coordinates":[[[136.946667,35.161667],[136.950833,35.161667],[136.950833,35.165833],[136.946667,35.165833],[136.946667,35.161667]]]}},{"type":"Feature","properties":{"mesh_id":"mesh-0041-0034","ward_code":"23101","ward_name":"千種区","population":1585,"cell_fraction":1.0},"geometry":{"type":"Polygon","coordinates":[[[136.950833,35.161667],[136.955,35.161667],[136.955,35.165833],[136.950833,35.165833],[136.950833,35.161667]]]}},{"type":"Feature","properties":{"mesh_id":"mesh-0042-0034","ward_code":"23101","ward_name":"千種区","population":1585,"cell_fraction":1.0},"geometry":{"type":"Polygon","coordinates":[[[136.955,35.161667],[136.959167,35.161667],[136.959167,35.165833],[136.955,35.165833],[136.955,35.161667]]]}},{"type":"Feature","properties":{"mesh_id":"mesh-0043-0034","ward_code":"23101","ward_name":"千種区","population":1585,"cell_fraction":1.0},"geometry":{"type":"Polygon","coordinates":[[[136.959167,35.161667],[136.963333,35.161667],[136.963333,35.165833],[136.959167,35.165833],[136.959167,35.161667]]]}},{"type":"Feature","properties":{"mesh_id":"mesh-0044-0034","ward_code":"23101","ward_name":"千種区","population":1585,"cell_fraction":1.0},"geometry":{"type":"Polygon","coordinates":[[[136.963333,35.161667],[136.9675,35.161667],[136.9675,35.165833],[136.963333,35.165833],[136.963333,35.161667]]]}},{"type":"Feature","properties":{"mesh_id":"mesh-0045-0034","ward_code":"23101","ward_name":"千種区","population":1585,"cell_fraction":1.0},"geometry":{"type":"Polygon","coordinates":[[[136.9675,35.161667],[136.971667,35.161667],[136.971667,35.165833],[136.9675,35.165833],[136.9675,35.161667]]]}},{"type":"Feature","properties":{"mesh_id":"mesh-0046-0034","ward_code":"23101","ward_name":"千種区","population":1585,"cell_fraction":1.0},"geometry":{"type":"Polygon","coordinates":[[[136.971667,35.161667],[136.975833,35.161667],[136.975833,35.165833],[136.971667,35.165833],[136.971667,35.161667]]]}},{"type":"Feature","properties":{"mesh_id":"mesh-0047-0034","ward_code":"23101","ward_name":"千種区","population":1585,"cell_fraction":1.0},"geometry":{"type":"Polygon","coordinates":[[[136.975833,35.161667],[136.98,35.161667],[136.98,35.165833],[136.975833,35.165833],[136.975833,35.161667]]]}},{"type":"Feature","properties":{"mesh_id":"mesh-0048-0034","ward_code":"23101","ward_name":"千種区","population":1585,"cell_fraction":1.0},"geometry":{"type":"Polygon","coordinates":[[[136.98,35.161667],[136.984167,35.161667],[136.984167,35.165833],[136.98,35.165833],[136.98,35.161667]]]}},{"type":"Feature","properties":{"mesh_id":"mesh-0049-0034","ward_code":"23101","ward_name":"千種区","population":1585,"cell_fraction":1.0},"geometry":{"type":"Polygon","coordinates":[[[136.984167,35.161667],[136.988333,35.161667],[136.988333,35.165833],[136.984167,35.165833],[136.984167,35.161667]]]}},{"type":"Feature","properties":{"mesh_id":"mesh-0050-0034","ward_code":"23101","ward_name":"千種区","population":1189,"cell_fraction":0.75},"geometry":{"type":"Polygon","coordinates":[[[136.988333,35.161667],[136.9925,35.161667],[136.9925,35.165833],[136.988333,35.165833],[136.988333,35.161667]]]}},{"type":"Feature","properties":{"mesh_id":"mesh-0035-0035","ward_code":"23101","ward_name":"千種区","population":793,"cell_fraction":0.5},"geometry":{"type":"Polygon","coordinates":[[[136.925833,35.165833],[136.93,35.165833],[136.93,35.17],[136.925833,35.17],[136.925833,35.165833]]]}},{"type":"Feature","properties":{"mesh_id":"mesh-0036-0035","ward_code":"23101","ward_name":"千種区","population":1585,"cell_fraction":1.0},"geometry":{"type":"Polygon","coordinates":[[[136.93,35.165833],[136.934167,35.165833],[136.934167,35.17],[136.93,35.17],[136.93,35.165833]]]}},{"type":"Feature","properties":{"mesh_id":"mesh-0037-0035","ward_code":"23101","ward_name":"千種区","population":1585,"cell_fraction":1.0},"geometry":{"type":"Polygon","coordinates":[[[136.934167,35.165833],[136.938333,35.165833],[136.938333,35.17],[136.934167,35.17],[136.934167,35.165833]]]}},{"type":"Feature","properties":{"mesh_id":"mesh-0038-0035","ward_code":"23101","ward_name":"千種区","population":1585,"cell_fraction":1.0},"geometry":{"type":"Polygon","coordinates":[[[136.938333,35.165833],[136.9425,35.165833],[136.9425,35.17],[136.938333,35.17],[136.938333,35.165833]]]}},{"type":"Feature","properties":{"mesh_id":"mesh-0039-0035","ward_code":"23101","ward_name":"千種区","population":1585,"cell_fraction":1.0},"geometry":{"type":"Polygon","coordinates":[[[136.9425,35.165833],[136.946667,35.165833],[136.946667,35.17],[136.9425,35.17],[136.9425,35.165833]]]}},{"type":"Feature","properties":{"mesh_id":"mesh-0040-0035","ward_code":"23101","ward_name":"千種区","population":1585,"cell_fraction":1.0},"geometry":{"type":"Polygon","coordinates":[[[136.946667,35.165833],[136.950833,35.165833],[136.950833,35.17],[136.946667,35.17],[136.946667,35.165833]]]}},{"type":"Feature","properties":{"mesh_id":"mesh-0041-0035","ward_code":"23101","ward_name":"千種区","population":1585,"cell_fraction":1.0},"geometry":{"type":"Polygon","coordinates":[[[136.950833,35.165833],[136.955,35.165833],[136.955,35.17],[136.950833,35.17],[136.950833,35.165833]]]}},{"type":"Feature","properties":{"mesh_id":"mesh-0042-0035","ward_code":"23101","ward_name":"千種区","population":1585,"cell_fraction":1.0},"geometry":{"type":"Polygon","coordinates":[[[136.955,35.165833],[136.959167,35.165833],[136.959167,35.17],[136.955,35.17],[136.955,35.165833]]]}},{"type":"Feature","properties":{"mesh_id":"mesh-0043-0035","ward_code":"23101","ward_name":"千種区","population":1585,"cell_fraction":1.0},"geometry":{"type":"Polygon","coordinates":[[[136.959167,35.165833],[136.963333,35.165833],[136.963333,35.17],[136.959167,35.17],[136.959167,35.165833]]]}},{"type":"Feature","properties":{"mesh_id":"mesh-0044-0035","ward_code":"23101","ward_name":"千種区","population":1585,"cell_fraction":1.0},"geometry":{"type":"Polygon","coordinates":[[[136.963333,35.165833],[136.9675,35.165833],[136.9675,35.17],[136.963333,35.17],[136.963333,35.165833]]]}},{"type":"Feature","properties":{"mesh_id":"mesh-0045-0035","ward_code":"23101","ward_name":"千種区","population":1585,"cell_fraction":1.0},"geometry":{"type":"Polygon","coordinates":[[[136.9675,35.165833],[136.971667,35.165833],[136.971667,35.17],[136.9675,35.17],[136.9675,35.165833]]]}},{"type":"Feature","properties":{"mesh_id":"mesh-0046-0035","ward_code":"23101","ward_name":"千種区","population":1585,"cell_fraction":1.0},"geometry":{"type":"Polygon","coordinates":[[[136.971667,35.165833],[136.975833,35.165833],[136.975833,35.17],[136.971667,35.17],[136.971667,35.165833]]]}},{"type":"Feature","properties":{"mesh_id":"mesh-0047-0035","ward_code":"23101","ward_name":"千種区","population":1585,"cell_fraction":1.0},"geometry":{"type":"Polygon","coordinates":[[[136.975833,35.165833],[136.98,35.165833],[136.98,35.17],[136.975833,35.17],[136.975833,35.165833]]]}},{"type":"Feature","properties":{"mesh_id":"mesh-0048-0035","ward_code":"23101","ward_name":"千種区","population":1585,"cell_fraction":1.0},"geometry":{"type":"Polygon","coordinates":[[[136.98,35.165833],[136.984167,35.165833],[136.984167,35.17],[136.98,35.17],[136.98,35.165833]]]}},{"type":"Feature","properties":{"mesh_id":"mesh-0049-0035","ward_code":"23101","ward_name":"千種区","population":1585,"cell_fraction":1.0},"geometry":{"type":"Polygon","coordinates":[[[136.984167,35.165833],[136.988333,35.165833],[136.988333,35.17],[136.984167,35.17],[136.984167,35.165833]]]}},{"type":"Feature","properties":{"mesh_id":"mesh-0050-0035","ward_code":"23101","ward_name":"千種区","population":1189,"cell_fraction":0.75},"geometry":{"type":"Polygon","coordinates":[[[136.988333,35.165833],[136.9925,35.165833],[136.9925,35.17],[136.988333,35.17],[136.988333,35.165833]]]}},{"type":"Feature","properties":{"mesh_id":"mesh-0036-0036","ward_code":"23101","ward_name":"千種区","population":396,"cell_fraction":0.25},"geometry":{"type":"Polygon","coordinates":[[[136.93,35.17],[136.934167,35.17],[136.934167,35.174167],[136.93,35.174167],[136.93,35.17]]]}},{"type":"Feature","properties":{"mesh_id":"mesh-0037-0036","ward_code":"23101","ward_name":"千種区","population":1585,"cell_fraction":1.0},"geometry":{"type":"Polygon","coordinates":[[[136.934167,35.17],[136.938333,35.17],[136.938333,35.174167],[136.934167,35.174167],[136.934167,35.17]]]}},{"type":"Feature","properties":{"mesh_id":"mesh-0038-0036","ward_code":"23101","ward_name":"千種区","population":1585,"cell_fraction":1.0},"geometry":{"type":"Polygon","coordinates":[[[136.938333,35.17],[136.9425,35.17],[136.9425,35.174167],[136.938333,35.174167],[136.938333,35.17]]]}},{"type":"Feature","properties":{"mesh_id":"mesh-0039-0036","ward_code":"23101","ward_name":"千種区","population":1585,"cell_fraction":1.0},"geometry":{"type":"Polygon","coordinates":[[[136.9425,35.17],[136.946667,35.17],[136.946667,35.174167],[136.9425,35.174167],[136.9425,35.17]]]}},{"type":"Feature","properties":{"mesh_id":"mesh-0040-0036","ward_code":"23101","ward_name":"千種区","population":1585,"cell_fraction":1.0},"geometry":{"type":"Polygon","coordinates":[[[136.946667,35.17],[136.950833,35.17],[136.950833,35.174167],[136.946667,35.174167],[136.946667,35.17]]]}},{"type":"Feature","properties":{"mesh_id":"mesh-0041-0036","ward_code":"23101","ward_name":"千種区","population":1585,"cell_fraction":1.0},"geometry":{"type":"Polygon","coordinates":[[[136.950833,35.17],[136.955,35.17],[136.955,35.174167],[136.950833,35.174167],[136.950833,35.17]]]}},{"type":"Feature","properties":{"mesh_id":"mesh-0042-0036","ward_code":"23101","ward_name":"千種区","population":1585,"cell_fraction":1.0},"geometry":{"type":"Polygon","coordinates":[[[136.955,35.17],[136.959167,35.17],[136.959167,35.174167],[136.955,35.174167],[136.955,35.17]]]}},{"type":"Feature","properties":{"mesh_id":"mesh-0043-0036","ward_code":"23101","ward_name":"千種区","population":1585,"cell_fraction":1.0},"geometry":{"type":"Polygon","coordinates":[[[136.959167,35.17],[136.963333,35.17],[136.963333,35.174167],[136.959167,35.174167],[136.959167,35.17]]]}},{"type":"Feature","properties":{"mesh_id":"mesh-0044-0036","ward_code":"23101","ward_name":"千種区","population":1585,"cell_fraction":1.0},"geometry":{"type":"Polygon","coordinates":[[[136.963333,35.17],[136.9675,35.17],[136.9675,35.174167],[136.963333,35.174167],[136.963333,35.17]]]}},{"type":"Feature","properties":{"mesh_id":"mesh-0045-0036","ward_code":"23101","ward_name":"千種区","population":1585,"cell_fraction":1.0},"geometry":{"type":"Polygon","coordinates":[[[136.9675,35.17],[136.971667,35.17],[136.971667,35.174167],[136.9675,35.174167],[136.9675,35.17]]]}},{"type":"Feature","properties":{"mesh_id":"mesh-0046-0036","ward_code":"23101","ward_name":"千種区","population":1585,"cell_fraction":1.0},"geometry":{"type":"Polygon","coordinates":[[[136.971667,35.17],[136.975833,35.17],[136.975833,35.174167],[136.971667,35.174167],[136.971667,35.17]]]}},{"type":"Feature","properties":{"mesh_id":"mesh-0047-0036","ward_code":"23101","ward_name":"千種区","population":1585,"cell_fraction":1.0},"geometry":{"type":"Polygon","coordinates":[[[136.975833,35.17],[136.98,35.17],[136.98,35.174167],[136.975833,35.174167],[136.975833,35.17]]]}},{"type":"Feature","properties":{"mesh_id":"mesh-0048-0036","ward_code":"23101","ward_name":"千種区","population":1585,"cell_fraction":1.0},"geometry":{"type":"Polygon","coordinates":[[[136.98,35.17],[136.984167,35.17],[136.984167,35.174167],[136.98,35.174167],[136.98,35.17]]]}},{"type":"Feature","properties":{"mesh_id":"mesh-0037-0037","ward_code":"23101","ward_name":"千種区","population":793,"cell_fraction":0.5},"geometry":{"type":"Polygon","coordinates":[[[136.934167,35.174167],[136.938333,35.174167],[136.938333,35.178333],[136.934167,35.178333],[136.934167,35.174167]]]}},{"type":"Feature","properties":{"mesh_id":"mesh-0038-0037","ward_code":"23101","ward_name":"千種区","population":1585,"cell_fraction":1.0},"geometry":{"type":"Polygon","coordinates":[[[136.938333,35.174167],[136.9425,35.174167],[136.9425,35.178333],[136.938333,35.178333],[136.938333,35.174167]]]}},{"type":"Feature","properties":{"mesh_id":"mesh-0039-0037","ward_code":"23101","ward_name":"千種区","population":1585,"cell_fraction":1.0},"geometry":{"type":"Polygon","coordinates":[[[136.9425,35.174167],[136.946667,35.174167],[136.946667,35.178333],[136.9425,35.178333],[136.9425,35.174167]]]}},{"type":"Feature","properties":{"mesh_id":"mesh-0040-0037","ward_code":"23101","ward_name":"千種区","population":1585,"cell_fraction":1.0},"geometry":{"type":"Polygon","coordinates":[[[136.946667,35.174167],[136.950833,35.174167],[136.950833,35.178333],[136.946667,35.178333],[136.946667,35.174167]]]}},{"type":"Feature","properties":{"mesh_id":"mesh-0041-0037","ward_code":"23101","ward_name":"千種区","population":1585,"cell_fraction":1.0},"geometry":{"type":"Polygon","coordinates":[[[136.950833,35.174167],[136.955,35.174167],[136.955,35.178333],[136.950833,35.178333],[136.950833,35.174167]]]}},{"type":"Feature","properties":{"mesh_id":"mesh-0042-0037","ward_code":"23101","ward_name":"千種区","population":1585,"cell_fraction":1.0},"geometry":{"type":"Polygon","coordinates":[[[136.955,35.174167],[136.959167,35.174167],[136.959167,35.178333],[136.955,35.178333],[136.955,35.174167]]]}},{"type":"Feature","properties":{"mesh_id":"mesh-0043-0037","ward_code":"23101","ward_name":"千種区","population":1585,"cell_fraction":1.0},"geometry":{"type":"Polygon","coordinates":[[[136.959167,35.174167],[136.963333,35.174167],[136.963333,35.178333],[136.959167,35.178333],[136.959167,35.174167]]]}},{"type":"Feature","properties":{"mesh_id":"mesh-0044-0037","ward_code":"23101","ward_name":"千種区","population":1585,"cell_fraction":1.0},"geometry":{"type":"Polygon","coordinates":[[[136.963333,35.174167],[136.9675,35.174167],[136.9675,35.178333],[136.963333,35.178333],[136.963333,35.174167]]]}},{"type":"Feature","properties":{"mesh_id":"mesh-0045-0037","ward_code":"23101","ward_name":"千種区","population":1585,"cell_fraction":1.0},"geometry":{"type":"Polygon","coordinates":[[[136.9675,35.174167],[136.971667,35.174167],[136.971667,35.178333],[136.9675,35.178333],[136.9675,35.174167]]]}},{"type":"Feature","properties":{"mesh_id":"mesh-0046-0037","ward_code":"23101","ward_name":"千種区","population":1585,"cell_fraction":1.0},"geometry":{"type":"Polygon","coordinates":[[[136.971667,35.174167],[136.975833,35.174167],[136.975833,35.178333],[136.971667,35.178333],[136.971667,35.174167]]]}},{"type":"Feature","properties":{"mesh_id":"mesh-0047-0037","ward_code":"23101","ward_name":"千種区","population":1189,"cell_fraction":0.75},"geometry":{"type":"Polygon","coordinates":[[[136.975833,35.174167],[136.98,35.174167],[136.98,35.178333],[136.975833,35.178333],[136.975833,35.174167]]]}},{"type":"Feature","properties":{"mesh_id":"mesh-0048-0037","ward_code":"23101","ward_name":"千種区","population":396,"cell_fraction":0.25},"geometry":{"type":"Polygon","coordinates":[[[136.98,35.174167],[136.984167,35.174167],[136.984167,35.178333],[136.98,35.178333],[136.98,35.174167]]]}},{"type":"Feature","properties":{"mesh_id":"mesh-0037-0038","ward_code":"23101","ward_name":"千種区","population":396,"cell_fraction":0.25},"geometry":{"type":"Polygon","coordinates":[[[136.934167,35.178333],[136.938333,35.178333],[136.938333,35.1825],[136.934167,35.1825],[136.934167,35.178333]]]}},{"type":"Feature","properties":{"mesh_id":"mesh-0038-0038","ward_code":"23101","ward_name":"千種区","population":1189,"cell_fraction":0.75},"geometry":{"type":"Polygon","coordinates":[[[136.938333,35.178333],[136.9425,35.178333],[136.9425,35.1825],[136.938333,35.1825],[136.938333,35.178333]]]}},{"type":"Feature","properties":{"mesh_id":"mesh-0039-0038","ward_code":"23101","ward_name":"千種区","population":1585,"cell_fraction":1.0},"geometry":{"type":"Polygon","coordinates":[[[136.9425,35.178333],[136.946667,35.178333],[136.946667,35.1825],[136.9425,35.1825],[136.9425,35.178333]]]}},{"type":"Feature","properties":{"mesh_id":"mesh-0040-0038","ward_code":"23101","ward_name":"千種区","population":1585,"cell_fraction":1.0},"geometry":{"type":"Polygon","coordinates":[[[136.946667,35.178333],[136.950833,35.178333],[136.950833,35.1825],[136.946667,35.1825],[136.946667,35.178333]]]}},{"type":"Feature","properties":{"mesh_id":"mesh-0041-0038","ward_code":"23101","ward_name":"千種区","population":1585,"cell_fraction":1.0},"geometry":{"type":"Polygon","coordinates":[[[136.950833,35.178333],[136.955,35.178333],[136.955,35.1825],[136.950833,35.1825],[136.950833,35.178333]]]}},{"type":"Feature","properties":{"mesh_id":"mesh-0042-0038","ward_code":"23101","ward_name":"千種区","population":1585,"cell_fraction":1.0},"geometry":{"type":"Polygon","coordinates":[[[136.955,35.178333],[136.959167,35.178333],[136.959167,35.1825],[136.955,35.1825],[136.955,35.178333]]]}},{"type":"Feature","properties":{"mesh_id":"mesh-0043-0038","ward_code":"23101","ward_name":"千種区","population":1585,"cell_fraction":1.0},"geometry":{"type":"Polygon","coordinates":[[[136.959167,35.178333],[136.963333,35.178333],[136.963333,35.1825],[136.959167,35.1825],[136.959167,35.178333]]]}},{"type":"Feature","properties":{"mesh_id":"mesh-0044-0038","ward_code":"23101","ward_name":"千種区","population":1585,"cell_fraction":1.0},"geometry":{"type":"Polygon","coordinates":[[[136.963333,35.178333],[136.9675,35.178333],[136.9675,35.1825],[136.963333,35.1825],[136.963333,35.178333]]]}},{"type":"Feature","properties":{"mesh_id":"mesh-0045-0038","ward_code":"23101","ward_name":"千種区","population":1585,"cell_fraction":1.0},"geometry":{"type":"Polygon","coordinates":[[[136.9675,35.178333],[136.971667,35.178333],[136.971667,35.1825],[136.9675,35.1825],[136.9675,35.178333]]]}},{"type":"Feature","properties":{"mesh_id":"mesh-0046-0038","ward_code":"23101","ward_name":"千種区","population":1585,"cell_fraction":1.0},"geometry":{"type":"Polygon","coordinates":[[[136.971667,35.178333],[136.975833,35.178333],[136.975833,35.1825],[136.971667,35.1825],[136.971667,35.178333]]]}},{"type":"Feature","properties":{"mesh_id":"mesh-0047-0038","ward_code":"23101","ward_name":"千種区","population":1189,"cell_fraction":0.75},"geometry":{"type":"Polygon","coordinates":[[[136.975833,35.178333],[136.98,35.178333],[136.98,35.1825],[136.975833,35.1825],[136.975833,35.178333]]]}},{"type":"Feature","properties":{"mesh_id":"mesh-0048-0038","ward_code":"23101","ward_name":"千種区","population":793,"cell_fraction":0.5},"geometry":{"type":"Polygon","coordinates":[[[136.98,35.178333],[136.984167,35.178333],[136.984167,35.1825],[136.98,35.1825],[136.98,35.178333]]]}},{"type":"Feature","properties":{"mesh_id":"mesh-0039-0039","ward_code":"23101","ward_name":"千種区","population":396,"cell_fraction":0.25},"geometry":{"type":"Polygon","coordinates":[[[136.9425,35.1825],[136.946667,35.1825],[136.946667,35.186667],[136.9425,35.186667],[136.9425,35.1825]]]}},{"type":"Feature","properties":{"mesh_id":"mesh-0040-0039","ward_code":"23101","ward_name":"千種区","population":793,"cell_fraction":0.5},"geometry":{"type":"Polygon","coordinates":[[[136.946667,35.1825],[136.950833,35.1825],[136.950833,35.186667],[136.946667,35.186667],[136.946667,35.1825]]]}},{"type":"Feature","properties":{"mesh_id":"mesh-0041-0039","ward_code":"23101","ward_name":"千種区","population":793,"cell_fraction":0.5},"geometry":{"type":"Polygon","coordinates":[[[136.950833,35.1825],[136.955,35.1825],[136.955,35.186667],[136.950833,35.186667],[136.950833,35.1825]]]}},{"type":"Feature","properties":{"mesh_id":"mesh-0042-0039","ward_code":"23101","ward_name":"千種区","population":1585,"cell_fraction":1.0},"geometry":{"type":"Polygon","coordinates":[[[136.955,35.1825],[136.959167,35.1825],[136.959167,35.186667],[136.955,35.186667],[136.955,35.1825]]]}},{"type":"Feature","properties":{"mesh_id":"mesh-0043-0039","ward_code":"23101","ward_name":"千種区","population":1585,"cell_fraction":1.0},"geometry":{"type":"Polygon","coordinates":[[[136.959167,35.1825],[136.963333,35.1825],[136.963333,35.186667],[136.959167,35.186667],[136.959167,35.1825]]]}},{"type":"Feature","properties":{"mesh_id":"mesh-0044-0039","ward_code":"23101","ward_name":"千種区","population":1585,"cell_fraction":1.0},"geometry":{"type":"Polygon","coordinates":[[[136.963333,35.1825],[136.9675,35.1825],[136.9675,35.186667],[136.963333,35.186667],[136.963333,35.1825]]]}},{"type":"Feature","properties":{"mesh_id":"mesh-0045-0039","ward_code":"23101","ward_name":"千種区","population":1585,"cell_fraction":1.0},"geometry":{"type":"Polygon","coordinates":[[[136.9675,35.1825],[136.971667,35.1825],[136.971667,35.186667],[136.9675,35.186667],[136.9675,35.1825]]]}},{"type":"Feature","properties":{"mesh_id":"mesh-0046-0039","ward_code":"23101","ward_name":"千種区","population":1585,"cell_fraction":1.0},"geometry":{"type":"Polygon","coordinates":[[[136.971667,35.1825],[136.975833,35.1825],[136.975833,35.186667],[136.971667,35.186667],[136.971667,35.1825]]]}},{"type":"Feature","properties":{"mesh_id":"mesh-0047-0039","ward_code":"23101","ward_name":"千種区","population":1585,"cell_fraction":1.0},"geometry":{"type":"Polygon","coordinates":[[[136.975833,35.1825],[136.98,35.1825],[136.98,35.186667],[136.975833,35.186667],[136.975833,35.1825]]]}},{"type":"Feature","properties":{"mesh_id":"mesh-0048-0039","ward_code":"23101","ward_name":"千種区","population":1585,"cell_fraction":1.0},"geometry":{"type":"Polygon","coordinates":[[[136.98,35.1825],[136.984167,35.1825],[136.984167,35.186667],[136.98,35.186667],[136.98,35.1825]]]}},{"type":"Feature","properties":{"mesh_id":"mesh-0049-0039","ward_code":"23101","ward_name":"千種区","population":793,"cell_fraction":0.5},"geometry":{"type":"Polygon","coordinates":[[[136.984167,35.1825],[136.988333,35.1825],[136.988333,35.186667],[136.984167,35.186667],[136.984167,35.1825]]]}},{"type":"Feature","properties":{"mesh_id":"mesh-0044-0040","ward_code":"23101","ward_name":"千種区","population":793,"cell_fraction":0.5},"geometry":{"type":"Polygon","coordinates":[[[136.963333,35.186667],[136.9675,35.186667],[136.9675,35.190833],[136.963333,35.190833],[136.963333,35.186667]]]}},{"type":"Feature","properties":{"mesh_id":"mesh-0045-0040","ward_code":"23101","ward_name":"千種区","population":1585,"cell_fraction":1.0},"geometry":{"type":"Polygon","coordinates":[[[136.9675,35.186667],[136.971667,35.186667],[136.971667,35.190833],[136.9675,35.190833],[136.9675,35.186667]]]}},{"type":"Feature","properties":{"mesh_id":"mesh-0046-0040","ward_code":"23101","ward_name":"千種区","population":1585,"cell_fraction":1.0},"geometry":{"type":"Polygon","coordinates":[[[136.971667,35.186667],[136.975833,35.186667],[136.975833,35.190833],[136.971667,35.190833],[136.971667,35.186667]]]}},{"type":"Feature","properties":{"mesh_id":"mesh-0047-0040","ward_code":"23101","ward_name":"千種区","population":1585,"cell_fraction":1.0},"geometry":{"type":"Polygon","coordinates":[[[136.975833,35.186667],[136.98,35.186667],[136.98,35.190833],[136.975833,35.190833],[136.975833,35.186667]]]}},{"type":"Feature","properties":{"mesh_id":"mesh-0048-0040","ward_code":"23101","ward_name":"千種区","population":1585,"cell_fraction":1.0},"geometry":{"type":"Polygon","coordinates":[[[136.98,35.186667],[136.984167,35.186667],[136.984167,35.190833],[136.98,35.190833],[136.98,35.186667]]]}},{"type":"Feature","properties":{"mesh_id":"mesh-0049-0040","ward_code":"23101","ward_name":"千種区","population":793,"cell_fraction":0.5},"geometry":{"type":"Polygon","coordinates":[[[136.984167,35.186667],[136.988333,35.186667],[136.988333,35.190833],[136.984167,35.190833],[136.984167,35.186667]]]}},{"type":"Feature","properties":{"mesh_id":"mesh-0048-0041","ward_code":"23101","ward_name":"千種区","population":396,"cell_fraction":0.25},"geometry":{"type":"Polygon","coordinates":[[[136.98,35.190833],[136.984167,35.190833],[136.984167,35.195],[136.98,35.195],[136.98,35.190833]]]}},{"type":"Feature","properties":{"mesh_id":"mesh-0049-0041","ward_code":"23101","ward_name":"千種区","population":396,"cell_fraction":0.25},"geometry":{"type":"Polygon","coordinates":[[[136.984167,35.190833],[136.988333,35.190833],[136.988333,35.195],[136.984167,35.195],[136.984167,35.190833]]]}},{"type":"Feature","properties":{"mesh_id":"mesh-0031-0036","ward_code":"23102","ward_name":"東区","population":1907,"cell_fraction":1.0},"geometry":{"type":"Polygon","coordinates":[[[136.909167,35.17],[136.913333,35.17],[136.913333,35.174167],[136.909167,35.174167],[136.909167,35.17]]]}},{"type":"Feature","properties":{"mesh_id":"mesh-0032-0036","ward_code":"23102","ward_name":"東区","population":1907,"cell_fraction":1.0},"geometry":{"type":"Polygon","coordinates":[[[136.913333,35.17],[136.9175,35.17],[136.9175,35.174167],[136.913333,35.174167],[136.913333,35.17]]]}},{"type":"Feature","properties":{"mesh_id":"mesh-0033-0036","ward_code":"23102","ward_name":"東区","population":1907,"cell_fraction":1.0},"geometry":{"type":"Polygon","coordinates":[[[136.9175,35.17],[136.921667,35.17],[136.921667,35.174167],[136.9175,35.174167],[136.9175,35.17]]]}},{"type":"Feature","properties":{"mesh_id":"mesh-0034-0036","ward_code":"23102","ward_name":"東区","population":1907,"cell_fraction":1.0},"geometry":{"type":"Polygon","coordinates":[[[136.921667,35.17],[136.925833,35.17],[136.925833,35.174167],[136.921667,35.174167],[136.921667,35.17]]]}},{"type":"Feature","properties":{"mesh_id":"mesh-0035-0036","ward_code":"23102","ward_name":"東区","population":1907,"cell_fraction":1.0},"geometry":{"type":"Polygon","coordinates":[[[136.925833,35.17],[136.93,35.17],[136.93,35.174167],[136.925833,35.174167],[136.925833,35.17]]]}},{"type":"Feature","properties":{"mesh_id":"mesh-0036-0036","ward_code":"23102","ward_name":"東区","population":1431,"cell_fraction":0.75},"geometry":{"type":"Polygon","coordinates":[[[136.93,35.17],[136.934167,35.17],[136.934167,35.174167],[136.93,35.174167],[136.93,35.17]]]}},{"type":"Feature","properties":{"mesh_id":"mesh-0031-0037","ward_code":"23102","ward_name":"東区","population":1907,"cell_fraction":1.0},"geometry":{"type":"Polygon","coordinates":[[[136.909167,35.174167],[136.913333,35.174167],[136.913333,35.178333],[136.909167,35.178333],[136.909167,35.174167]]]}},{"type":"Feature","properties":{"mesh_id":"mesh-0032-0037","ward_code":"23102","ward_name":"東区","population":1907,"cell_fraction":1.0},"geometry":{"type":"Polygon","coordinates":[[[136.913333,35.174167],[136.9175,35.174167],[136.9175,35.178333],[136.913333,35.178333],[136.913333,35.174167]]]}},{"type":"Feature","properties":{"mesh_id":"mesh-0033-0037","ward_code":"23102","ward_name":"東区","population":1907,"cell_fraction":1.0},"geometry":{"type":"Polygon","coordinates":[[[136.9175,35.174167],[136.921667,35.174167],[136.921667,35.178333],[136.9175,35.178333],[136.9175,35.174167]]]}},{"type":"Feature","properties":{"mesh_id":"mesh-0034-0037","ward_code":"23102","ward_name":"東区","population":1907,"cell_fraction":1.0},"geometry":{"type":"Polygon","coordinates":[[[136.921667,35.174167],[136.925833,35.174167],[136.925833,35.178333],[136.921667,35.178333],[136.921667,35.174167]]]}},{"type":"Feature","properties":{"mesh_id":"mesh-0035-0037","ward_code":"23102","ward_name":"東区","population":1907,"cell_fraction":1.0},"geometry":{"type":"Polygon","coordinates":[[[136.925833,35.174167],[136.93,35.174167],[136.93,35.178333],[136.925833,35.178333],[136.925833,35.174167]]]}},{"type":"Feature","properties":{"mesh_id":"mesh-0036-0037","ward_code":"23102","ward_name":"東区","population":1907,"cell_fraction":1.0},"geometry":{"type":"Polygon","coordinates":[[[136.93,35.174167],[136.934167,35.174167],[136.934167,35.178333],[136.93,35.178333],[136.93,35.174167]]]}},{"type":"Feature","properties":{"mesh_id":"mesh-0037-0037","ward_code":"23102","ward_name":"東区","population":954,"cell_fraction":0.5},"geometry":{"type":"Polygon","coordinates":[[[136.934167,35.174167],[136.938333,35.174167],[136.938333,35.178333],[136.934167,35.178333],[136.934167,35.174167]]]}},{"type":"Feature","properties":{"mesh_id":"mesh-0031-0038","ward_code":"23102","ward_name":"東区","population":1907,"cell_fraction":1.0},"geometry":{"type":"Polygon","coordinates":[[[136.909167,35.178333],[136.913333,35.178333],[136.913333,35.1825],[136.909167,35.1825],[136.909167,35.178333]]]}},{"type":"Feature","properties":{"mesh_id":"mesh-0032-0038","ward_code":"23102","ward_name":"東区","population":1907,"cell_fraction":1.0},"geometry":{"type":"Polygon","coordinates":[[[136.913333,35.178333],[136.9175,35.178333],[136.9175,35.1825],[136.913333,35.1825],[136.913333,35.178333]]]}},{"type":"Feature","properties":{"mesh_id":"mesh-0033-0038","ward_code":"23102","ward_name":"東区","population":1907,"cell_fraction":1.0},"geometry":{"type":"Polygon","coordinates":[[[136.9175,35.178333],[136.921667,35.178333],[136.921667,35.1825],[136.9175,35.1825],[136.9175,35.178333]]]}},{"type":"Feature","properties":{"mesh_id":"mesh-0034-0038","ward_code":"23102","ward_name":"東区","population":1907,"cell_fraction":1.0},"geometry":{"type":"Polygon","coordinates":[[[136.921667,35.178333],[136.925833,35.178333],[136.925833,35.1825],[136.921667,35.1825],[136.921667,35.178333]]]}},{"type":"Feature","properties":{"mesh_id":"mesh-0035-0038","ward_code":"23102","ward_name":"東区","population":1907,"cell_fraction":1.0},"geometry":{"type":"Polygon","coordinates":[[[136.925833,35.178333],[136.93,35.178333],[136.93,35.1825],[136.925833,35.1825],[136.925833,35.178333]]]}},{"type":"Feature","properties":{"mesh_id":"mesh-0036-0038","ward_code":"23102","ward_name":"東区","population":1907,"cell_fraction":1.0},"geometry":{"type":"Polygon","coordinates":[[[136.93,35.178333],[136.934167,35.178333],[136.934167,35.1825],[136.93,35.1825],[136.93,35.178333]]]}},{"type":"Feature","properties":{"mesh_id":"mesh-0037-0038","ward_code":"23102","ward_name":"東区","population":1431,"cell_fraction":0.75},"geometry":{"type":"Polygon","coordinates":[[[136.934167,35.178333],[136.938333,35.178333],[136.938333,35.1825],[136.934167,35.1825],[136.934167,35.178333]]]}},{"type":"Feature","properties":{"mesh_id":"mesh-0038-0038","ward_code":"23102","ward_name":"東区","population":477,"cell_fraction":0.25},"geometry":{"type":"Polygon","coordinates":[[[136.938333,35.178333],[136.9425,35.178333],[136.9425,35.1825],[136.938333,35.1825],[136.938333,35.178333]]]}},{"type":"Feature","properties":{"mesh_id":"mesh-0030-0039","ward_code":"23102","ward_name":"東区","population":477,"cell_fraction":0.25},"geometry":{"type":"Polygon","coordinates":[[[136.905,35.1825],[136.909167,35.1825],[136.909167,35.186667],[136.905,35.186667],[136.905,35.1825]]]}},{"type":"Feature","properties":{"mesh_id":"mesh-0031-0039","ward_code":"23102","ward_name":"東区","population":1907,"cell_fraction":1.0},"geometry":{"type":"Polygon","coordinates":[[[136.909167,35.1825],[136.913333,35.1825],[136.913333,35.186667],[136.909167,35.186667],[136.909167,35.1825]]]}},{"type":"Feature","properties":{"mesh_id":"mesh-0032-0039","ward_code":"23102","ward_name":"東区","population":1431,"cell_fraction":0.75},"geometry":{"type":"Polygon","coordinates":[[[136.913333,35.1825],[136.9175,35.1825],[136.9175,35.186667],[136.913333,35.186667],[136.913333,35.1825]]]}},{"type":"Feature","properties":{"mesh_id":"mesh-0033-0039","ward_code":"23102","ward_name":"東区","population":1907,"cell_fraction":1.0},"geometry":{"type":"Polygon","coordinates":[[[136.9175,35.1825],[136.921667,35.1825],[136.921667,35.186667],[136.9175,35.186667],[136.9175,35.1825]]]}},{"type":"Feature","properties":{"mesh_id":"mesh-0034-0039","ward_code":"23102","ward_name":"東区","population":1907,"cell_fraction":1.0},"geometry":{"type":"Polygon","coordinates":[[[136.921667,35.1825],[136.925833,35.1825],[136.925833,35.186667],[136.921667,35.186667],[136.921667,35.1825]]]}},{"type":"Feature","properties":{"mesh_id":"mesh-0035-0039","ward_code":"23102","ward_name":"東区","population":1907,"cell_fraction":1.0},"geometry":{"type":"Polygon","coordinates":[[[136.925833,35.1825],[136.93,35.1825],[136.93,35.186667],[136.925833,35.186667],[136.925833,35.1825]]]}},{"type":"Feature","properties":{"mesh_id":"mesh-0036-0039","ward_code":"23102","ward_name":"東区","population":1907,"cell_fraction":1.0},"geometry":{"type":"Polygon","coordinates":[[[136.93,35.1825],[136.934167,35.1825],[136.934167,35.186667],[136.93,35.186667],[136.93,35.1825]]]}},{"type":"Feature","properties":{"mesh_id":"mesh-0037-0039","ward_code":"23102","ward_name":"東区","population":1907,"cell_fraction":1.0},"geometry":{"type":"Polygon","coordinates":[[[136.934167,35.1825],[136.938333,35.1825],[136.938333,35.186667],[136.934167,35.186667],[136.934167,35.1825]]]}},{"type":"Feature","properties":{"mesh_id":"mesh-0038-0039","ward_code":"23102","ward_name":"東区","population":1907,"cell_fraction":1.0},"geometry":{"type":"Polygon","coordinates":[[[136.938333,35.1825],[136.9425,35.1825],[136.9425,35.186667],[136.938333,35.186667],[136.938333,35.1825]]]}},{"type":"Feature","properties":{"mesh_id":"mesh-0039-0039","ward_code":"23102","ward_name":"東区","population":1430,"cell_fraction":0.75},"geometry":{"type":"Polygon","coordinates":[[[136.9425,35.1825],[136.946667,35.1825],[136.946667,35.186667],[136.9425,35.186667],[136.9425,35.1825]]]}},{"type":"Feature","properties":{"mesh_id":"mesh-0040-0039","ward_code":"23102","ward_name":"東区","population":954,"cell_fraction":0.5},"geometry":{"type":"Polygon","coordinates":[[[136.946667,35.1825],[136.950833,35.1825],[136.950833,35.186667],[136.946667,35.186667],[136.946667,35.1825]]]}},{"type":"Feature","properties":{"mesh_id":"mesh-0041-0039","ward_code":"23102","ward_name":"東区","population":954,"cell_fraction":0.5},"geometry":{"type":"Polygon","coordinates":[[[136.950833,35.1825],[136.955,35.1825],[136.955,35.186667],[136.950833,35.186667],[136.950833,35.1825]]]}},{"type":"Feature","properties":{"mesh_id":"mesh-0033-0040","ward_code":"23102","ward_name":"東区","population":477,"cell_fraction":0.25},"geometry":{"type":"Polygon","coordinates":[[[136.9175,35.186667],[136.921667,35.186667],[136.921667,35.190833],[136.9175,35.190833],[136.9175,35.186667]]]}},{"type":"Feature","properties":{"mesh_id":"mesh-0034-0040","ward_code":"23102","ward_name":"東区","population":954,"cell_fraction":0.5},"geometry":{"type":"Polygon","coordinates":[[[136.921667,35.186667],[136.925833,35.186667],[136.925833,35.190833],[136.921667,35.190833],[136.921667,35.186667]]]}},{"type":"Feature","properties":{"mesh_id":"mesh-0035-0040","ward_code":"23102","ward_name":"東区","population":954,"cell_fraction":0.5},"geometry":{"type":"Polygon","coordinates":[[[136.925833,35.186667],[136.93,35.186667],[136.93,35.190833],[136.925833,35.190833],[136.925833,35.186667]]]}},{"type":"Feature","properties":{"mesh_id":"mesh-0036-0040","ward_code":"23102","ward_name":"東区","population":1430,"cell_fraction":0.75},"geometry":{"type":"Polygon","coordinates":[[[136.93,35.186667],[136.934167,35.186667],[136.934167,35.190833],[136.93,35.190833],[136.93,35.186667]]]}},{"type":"Feature","properties":{"mesh_id":"mesh-0037-0040","ward_code":"23102","ward_name":"東区","population":1907,"cell_fraction":1.0},"geometry":{"type":"Polygon","coordinates":[[[136.934167,35.186667],[136.938333,35.186667],[136.938333,35.190833],[136.934167,35.190833],[136.934167,35.186667]]]}},{"type":"Feature","properties":{"mesh_id":"mesh-0038-0040","ward_code":"23102","ward_name":"東区","population":1907,"cell_fraction":1.0},"geometry":{"type":"Polygon","coordinates":[[[136.938333,35.186667],[136.9425,35.186667],[136.9425,35.190833],[136.938333,35.190833],[136.938333,35.186667]]]}},{"type":"Feature","properties":{"mesh_id":"mesh-0039-0040","ward_code":"23102","ward_name":"東区","population":1907,"cell_fraction":1.0},"geometry":{"type":"Polygon","coordinates":[[[136.9425,35.186667],[136.946667,35.186667],[136.946667,35.190833],[136.9425,35.190833],[136.9425,35.186667]]]}},{"type":"Feature","properties":{"mesh_id":"mesh-0040-0040","ward_code":"23102","ward_name":"東区","population":1907,"cell_fraction":1.0},"geometry":{"type":"Polygon","coordinates":[[[136.946667,35.186667],[136.950833,35.186667],[136.950833,35.190833],[136.946667,35.190833],[136.946667,35.186667]]]}},{"type":"Feature","properties":{"mesh_id":"mesh-0041-0040","ward_code":"23102","ward_name":"東区","population":1907,"cell_fraction":1.0},"geometry":{"type":"Polygon","coordinates":[[[136.950833,35.186667],[136.955,35.186667],[136.955,35.190833],[136.950833,35.190833],[136.950833,35.186667]]]}},{"type":"Feature","properties":{"mesh_id":"mesh-0042-0040","ward_code":"23102","ward_name":"東区","population":1907,"cell_fraction":1.0},"geometry":{"type":"Polygon","coordinates":[[[136.955,35.186667],[136.959167,35.186667],[136.959167,35.190833],[136.955,35.190833],[136.955,35.186667]]]}},{"type":"Feature","properties":{"mesh_id":"mesh-0043-0040","ward_code":"23102","ward_name":"東区","population":1907,"cell_fraction":1.0},"geometry":{"type":"Polygon","coordinates":[[[136.959167,35.186667],[136.963333,35.186667],[136.963333,35.190833],[136.959167,35.190833],[136.959167,35.186667]]]}},{"type":"Feature","properties":{"mesh_id":"mesh-0044-0040","ward_code":"23102","ward_name":"東区","population":954,"cell_fraction":0.5},"geometry":{"type":"Polygon","coordinates":[[[136.963333,35.186667],[136.9675,35.186667],[136.9675,35.190833],[136.963333,35.190833],[136.963333,35.186667]]]}},{"type":"Feature","properties":{"mesh_id":"mesh-0037-0041","ward_code":"23102","ward_name":"東区","population":477,"cell_fraction":0.25},"geometry":{"type":"Polygon","coordinates":[[[136.934167,35.190833],[136.938333,35.190833],[136.938333,35.195],[136.934167,35.195],[136.934167,35.190833]]]}},{"type":"Feature","properties":{"mesh_id":"mesh-0038-0041","ward_code":"23102","ward_name":"東区","population":1907,"cell_fraction":1.0},"geometry":{"type":"Polygon","coordinates":[[[136.938333,35.190833],[136.9425,35.190833],[136.9425,35.195],[136.938333,35.195],[136.938333,35.190833]]]}},{"type":"Feature","properties":{"mesh_id":"mesh-0039-0041","ward_code":"23102","ward_name":"東区","population":1907,"cell_fraction":1.0},"geometry":{"type":"Polygon","coordinates":[[[136.9425,35.190833],[136.946667,35.190833],[136.946667,35.195],[136.9425,35.195],[136.9425,35.190833]]]}},{"type":"Feature","properties":{"mesh_id":"mesh-0040-0041","ward_code":"23102","ward_name":"東区","population":1907,"cell_fraction":1.0},"geometry":{"type":"Polygon","coordinates":[[[136.946667,35.190833],[136.950833,35.190833],[136.950833,35.195],[136.946667,35.195],[136.946667,35.190833]]]}},{"type":"Feature","properties":{"mesh_id":"mesh-0041-0041","ward_code":"23102","ward_name":"東区","population":954,"cell_fraction":0.5},"geometry":{"type":"Polygon","coordinates":[[[136.950833,35.190833],[136.955,35.190833],[136.955,35.195],[136.950833,35.195],[136.950833,35.190833]]]}},{"type":"Feature","properties":{"mesh_id":"mesh-0042-0041","ward_code":"23102","ward_name":"東区","population":954,"cell_fraction":0.5},"geometry":{"type":"Polygon","coordinates":[[[136.955,35.190833],[136.959167,35.190833],[136.959167,35.195],[136.955,35.195],[136.955,35.190833]]]}},{"type":"Feature","properties":{"mesh_id":"mesh-0038-0042","ward_code":"23102","ward_name":"東区","population":954,"cell_fraction":0.5},"geometry":{"type":"Polygon","coordinates":[[[136.938333,35.195],[136.9425,35.195],[136.9425,35.199167],[136.938333,35.199167],[136.938333,35.195]]]}},{"type":"Feature","properties":{"mesh_id":"mesh-0039-0042","ward_code":"23102","ward_name":"東区","population":1430,"cell_fraction":0.75},"geometry":{"type":"Polygon","coordinates":[[[136.9425,35.195],[136.946667,35.195],[136.946667,35.199167],[136.9425,35.199167],[136.9425,35.195]]]}},{"type":"Feature","properties":{"mesh_id":"mesh-0040-0042","ward_code":"23102","ward_name":"東区","population":477,"cell_fraction":0.25},"geometry":{"type":"Polygon","coordinates":[[[136.946667,35.195],[136.950833,35.195],[136.950833,35.199167],[136.946667,35.199167],[136.946667,35.195]]]}},{"type":"Feature","properties":{"mesh_id":"mesh-0032-0039","ward_code":"23103","ward_name":"北区","population":409,"cell_fraction":0.25},"geometry":{"type":"Polygon","coordinates":[[[136.913333,35.1825],[136.9175,35.1825],[136.9175,35.186667],[136.913333,35.186667],[136.913333,35.1825]]]}},{"type":"Feature","properties":{"mesh_id":"mesh-0028-0040","ward_code":"23103","ward_name":"北区","population":819,"cell_fraction":0.5},"geometry":{"type":"Polygon","coordinates":[[[136.896667,35.186667],[136.900833,35.186667],[136.900833,35.190833],[136.896667,35.190833],[136.896667,35.186667]]]}},{"type":"Feature","properties":{"mesh_id":"mesh-0029-0040","ward_code":"23103","ward_name":"北区","population":1638,"cell_fraction":1.0},"geometry":{"type":"Polygon","coordinates":[[[136.900833,35.186667],[136.905,35.186667],[136.905,35.190833],[136.900833,35.190833],[136.900833,35.186667]]]}},{"type":"Feature","properties":{"mesh_id":"mesh-0030-0040","ward_code":"23103","ward_name":"北区","population":1638,"cell_fraction":1.0},"geometry":{"type":"Polygon","coordinates":[[[136.905,35.186667],[136.909167,35.186667],[136.909167,35.190833],[136.905,35.190833],[136.905,35.186667]]]}},{"type":"Feature","properties":{"mesh_id":"mesh-0031-0040","ward_code":"23103","ward_name":"北区","population":1638,"cell_fraction":1.0},"geometry":{"type":"Polygon","coordinates":[[[136.909167,35.186667],[136.913333,35.186667],[136.913333,35.190833],[136.909167,35.190833],[136.909167,35.186667]]]}},{"type":"Feature","properties":{"mesh_id":"mesh-0032-0040","ward_code":"23103","ward_name":"北区","population":1638,"cell_fraction":1.0},"geometry":{"type":"Polygon","coordinates":[[[136.913333,35.186667],[136.9175,35.186667],[136.9175,35.190833],[136.913333,35.190833],[136.913333,35.186667]]]}},{"type":"Feature","properties":{"mesh_id":"mesh-0033-0040","ward_code":"23103","ward_name":"北区","population":1228,"cell_fraction":0.75},"geometry":{"type":"Polygon","coordinates":[[[136.9175,35.186667],[136.921667,35.186667],[136.921667,35.190833],[136.9175,35.190833],[136.9175,35.186667]]]}},{"type":"Feature","properties":{"mesh_id":"mesh-0034-0040","ward_code":"23103","ward_name":"北区","population":819,"cell_fraction":0.5},"geometry":{"type":"Polygon","coordinates":[[[136.921667,35.186667],[136.925833,35.186667],[136.925833,35.190833],[136.921667,35.190833],[136.921667,35.186667]]]}},{"type":"Feature","properties":{"mesh_id":"mesh-0035-0040","ward_code":"23103","ward_name":"北区","population":819,"cell_fraction":0.5},"geometry":{"type":"Polygon","coordinates":[[[136.925833,35.186667],[136.93,35.186667],[136.93,35.190833],[136.925833,35.190833],[136.925833,35.186667]]]}},{"type":"Feature","properties":{"mesh_id":"mesh-0036-0040","ward_code":"23103","ward_name":"北区","population":409,"cell_fraction":0.25},"geometry":{"type":"Polygon","coordinates":[[[136.93,35.186667],[136.934167,35.186667],[136.934167,35.190833],[136.93,35.190833],[136.93,35.186667]]]}},{"type":"Feature","properties":{"mesh_id":"mesh-0029-0041","ward_code":"23103","ward_name":"北区","population":1638,"cell_fraction":1.0},"geometry":{"type":"Polygon","coordinates":[[[136.900833,35.190833],[136.905,35.190833],[136.905,35.195],[136.900833,35.195],[136.900833,35.190833]]]}},{"type":"Feature","properties":{"mesh_id":"mesh-0030-0041","ward_code":"23103","ward_name":"北区","population":1638,"cell_fraction":1.0},"geometry":{"type":"Polygon","coordinates":[[[136.905,35.190833],[136.909167,35.190833],[136.909167,35.195],[136.905,35.195],[136.905,35.190833]]]}},{"type":"Feature","properties":{"mesh_id":"mesh-0031-0041","ward_code":"23103","ward_name":"北区","population":1638,"cell_fraction":1.0},"geometry":{"type":"Polygon","coordinates":[[[136.909167,35.190833],[136.913333,35.190833],[136.913333,35.195],[136.909167,35.195],[136.909167,35.190833]]]}},{"type":"Feature","properties":{"mesh_id":"mesh-0032-0041","ward_code":"23103","ward_name":"北区","population":1638,"cell_fraction":1.0},"geometry":{"type":"Polygon","coordinates":[[[136.913333,35.190833],[136.9175,35.190833],[136.9175,35.195],[136.913333,35.195],[136.913333,35.190833]]]}},{"type":"Feature","properties":{"mesh_id":"mesh-0033-0041","ward_code":"23103","ward_name":"北区","population":1638,"cell_fraction":1.0},"geometry":{"type":"Polygon","coordinates":[[[136.9175,35.190833],[136.921667,35.190833],[136.921667,35.195],[136.9175,35.195],[136.9175,35.190833]]]}},{"type":"Feature","properties":{"mesh_id":"mesh-0034-0041","ward_code":"23103","ward_name":"北区","population":1638,"cell_fraction":1.0},"geometry":{"type":"Polygon","coordinates":[[[136.921667,35.190833],[136.925833,35.190833],[136.925833,35.195],[136.921667,35.195],[136.921667,35.190833]]]}},{"type":"Feature","properties":{"mesh_id":"mesh-0035-0041","ward_code":"23103","ward_name":"北区","population":1638,"cell_fraction":1.0},"geometry":{"type":"Polygon","coordinates":[[[136.925833,35.190833],[136.93,35.190833],[136.93,35.195],[136.925833,35.195],[136.925833,35.190833]]]}},{"type":"Feature","properties":{"mesh_id":"mesh-0036-0041","ward_code":"23103","ward_name":"北区","population":1638,"cell_fraction":1.0},"geometry":{"type":"Polygon","coordinates":[[[136.93,35.190833],[136.934167,35.190833],[136.934167,35.195],[136.93,35.195],[136.93,35.190833]]]}},{"type":"Feature","properties":{"mesh_id":"mesh-0037-0041","ward_code":"23103","ward_name":"北区","population":1228,"cell_fraction":0.75},"geometry":{"type":"Polygon","coordinates":[[[136.934167,35.190833],[136.938333,35.190833],[136.938333,35.195],[136.934167,35.195],[136.934167,35.190833]]]}},{"type":"Feature","properties":{"mesh_id":"mesh-0029-0042","ward_code":"23103","ward_name":"北区","population":1638,"cell_fraction":1.0},"geometry":{"type":"Polygon","coordinates":[[[136.900833,35.195],[136.905,35.195],[136.905,35.199167],[136.900833,35.199167],[136.900833,35.195]]]}},{"type":"Feature","properties":{"mesh_id":"mesh-0030-0042","ward_code":"23103","ward_name":"北区","population":1638,"cell_fraction":1.0},"geometry":{"type":"Polygon","coordinates":[[[136.905,35.195],[136.909167,35.195],[136.909167,35.199167],[136.905,35.199167],[136.905,35.195]]]}},{"type":"Feature","properties":{"mesh_id":"mesh-0031-0042","ward_code":"23103","ward_name":"北区","population":1638,"cell_fraction":1.0},"geometry":{"type":"Polygon","coordinates":[[[136.909167,35.195],[136.913333,35.195],[136.913333,35.199167],[136.909167,35.199167],[136.909167,35.195]]]}},{"type":"Feature","properties":{"mesh_id":"mesh-0032-0042","ward_code":"23103","ward_name":"北区","population":1638,"cell_fraction":1.0},"geometry":{"type":"Polygon","coordinates":[[[136.913333,35.195],[136.9175,35.195],[136.9175,35.199167],[136.913333,35.199167],[136.913333,35.195]]]}},{"type":"Feature","properties":{"mesh_id":"mesh-0033-0042","ward_code":"23103","ward_name":"北区","population":1638,"cell_fraction":1.0},"geometry":{"type":"Polygon","coordinates":[[[136.9175,35.195],[136.921667,35.195],[136.921667,35.199167],[136.9175,35.199167],[136.9175,35.195]]]}},{"type":"Feature","properties":{"mesh_id":"mesh-0034-0042","ward_code":"23103","ward_name":"北区","population":1638,"cell_fraction":1.0},"geometry":{"type":"Polygon","coordinates":[[[136.921667,35.195],[136.925833,35.195],[136.925833,35.199167],[136.921667,35.199167],[136.921667,35.195]]]}},{"type":"Feature","properties":{"mesh_id":"mesh-0035-0042","ward_code":"23103","ward_name":"北区","population":1638,"cell_fraction":1.0},"geometry":{"type":"Polygon","coordinates":[[[136.925833,35.195],[136.93,35.195],[136.93,35.199167],[136.925833,35.199167],[136.925833,35.195]]]}},{"type":"Feature","properties":{"mesh_id":"mesh-0036-0042","ward_code":"23103","ward_name":"北区","population":1638,"cell_fraction":1.0},"geometry":{"type":"Polygon","coordinates":[[[136.93,35.195],[136.934167,35.195],[136.934167,35.199167],[136.93,35.199167],[136.93,35.195]]]}},{"type":"Feature","properties":{"mesh_id":"mesh-0037-0042","ward_code":"23103","ward_name":"北区","population":1638,"cell_fraction":1.0},"geometry":{"type":"Polygon","coordinates":[[[136.934167,35.195],[136.938333,35.195],[136.938333,35.199167],[136.934167,35.199167],[136.934167,35.195]]]}},{"type":"Feature","properties":{"mesh_id":"mesh-0038-0042","ward_code":"23103","ward_name":"北区","population":819,"cell_fraction":0.5},"geometry":{"type":"Polygon","coordinates":[[[136.938333,35.195],[136.9425,35.195],[136.9425,35.199167],[136.938333,35.199167],[136.938333,35.195]]]}},{"type":"Feature","properties":{"mesh_id":"mesh-0029-0043","ward_code":"23103","ward_name":"北区","population":1638,"cell_fraction":1.0},"geometry":{"type":"Polygon","coordinates":[[[136.900833,35.199167],[136.905,35.199167],[136.905,35.203333],[136.900833,35.203333],[136.900833,35.199167]]]}},{"type":"Feature","properties":{"mesh_id":"mesh-0030-0043","ward_code":"23103","ward_name":"北区","population":1638,"cell_fraction":1.0},"geometry":{"type":"Polygon","coordinates":[[[136.905,35.199167],[136.909167,35.199167],[136.909167,35.203333],[136.905,35.203333],[136.905,35.199167]]]}},{"type":"Feature","properties":{"mesh_id":"mesh-0031-0043","ward_code":"23103","ward_name":"北区","population":1638,"cell_fraction":1.0},"geometry":{"type":"Polygon","coordinates":[[[136.909167,35.199167],[136.913333,35.199167],[136.913333,35.203333],[136.909167,35.203333],[136.909167,35.199167]]]}},{"type":"Feature","properties":{"mesh_id":"mesh-0032-0043","ward_code":"23103","ward_name":"北区","population":1638,"cell_fraction":1.0},"geometry":{"type":"Polygon","coordinates":[[[136.913333,35.199167],[136.9175,35.199167],[136.9175,35.203333],[136.913333,35.203333],[136.913333,35.199167]]]}},{"type":"Feature","properties":{"mesh_id":"mesh-0033-0043","ward_code":"23103","ward_name":"北区","population":1638,"cell_fraction":1.0},"geometry":{"type":"Polygon","coordinates":[[[136.9175,35.199167],[136.921667,35.199167],[136.921667,35.203333],[136.9175,35.203333],[136.9175,35.199167]]]}},{"type":"Feature","properties":{"mesh_id":"mesh-0034-0043","ward_code":"23103","ward_name":"北区","population":1638,"cell_fraction":1.0},"geometry":{"type":"Polygon","coordinates":[[[136.921667,35.199167],[136.925833,35.199167],[136.925833,35.203333],[136.921667,35.203333],[136.921667,35.199167]]]}},{"type":"Feature","properties":{"mesh_id":"mesh-0035-0043","ward_code":"23103","ward_name":"北区","population":1638,"cell_fraction":1.0},"geometry":{"type":"Polygon","coordinates":[[[136.925833,35.199167],[136.93,35.199167],[136.93,35.203333],[136.925833,35.203333],[136.925833,35.199167]]]}},{"type":"Feature","properties":{"mesh_id":"mesh-0036-0043","ward_code":"23103","ward_name":"北区","population":1638,"cell_fraction":1.0},"geometry":{"type":"Polygon","coordinates":[[[136.93,35.199167],[136.934167,35.199167],[136.934167,35.203333],[136.93,35.203333],[136.93,35.199167]]]}},{"type":"Feature","properties":{"mesh_id":"mesh-0037-0043","ward_code":"23103","ward_name":"北区","population":1638,"cell_fraction":1.0},"geometry":{"type":"Polygon","coordinates":[[[136.934167,35.199167],[136.938333,35.199167],[136.938333,35.203333],[136.934167,35.203333],[136.934167,35.199167]]]}},{"type":"Feature","properties":{"mesh_id":"mesh-0038-0043","ward_code":"23103","ward_name":"北区","population":1638,"cell_fraction":1.0},"geometry":{"type":"Polygon","coordinates":[[[136.938333,35.199167],[136.9425,35.199167],[136.9425,35.203333],[136.938333,35.203333],[136.938333,35.199167]]]}},{"type":"Feature","properties":{"mesh_id":"mesh-0029-0044","ward_code":"23103","ward_name":"北区","population":1638,"cell_fraction":1.0},"geometry":{"type":"Polygon","coordinates":[[[136.900833,35.203333],[136.905,35.203333],[136.905,35.2075],[136.900833,35.2075],[136.900833,35.203333]]]}},{"type":"Feature","properties":{"mesh_id":"mesh-0030-0044","ward_code":"23103","ward_name":"北区","population":1638,"cell_fraction":1.0},"geometry":{"type":"Polygon","coordinates":[[[136.905,35.203333],[136.909167,35.203333],[136.909167,35.2075],[136.905,35.2075],[136.905,35.203333]]]}},{"type":"Feature","properties":{"mesh_id":"mesh-0031-0044","ward_code":"23103","ward_name":"北区","population":1638,"cell_fraction":1.0},"geometry":{"type":"Polygon","coordinates":[[[136.909167,35.203333],[136.913333,35.203333],[136.913333,35.2075],[136.909167,35.2075],[136.909167,35.203333]]]}},{"type":"Feature","properties":{"mesh_id":"mesh-0032-0044","ward_code":"23103","ward_name":"北区","population":1638,"cell_fraction":1.0},"geometry":{"type":"Polygon","coordinates":[[[136.913333,35.203333],[136.9175,35.203333],[136.9175,35.2075],[136.913333,35.2075],[136.913333,35.203333]]]}},{"type":"Feature","properties":{"mesh_id":"mesh-0033-0044","ward_code":"23103","ward_name":"北区","population":1638,"cell_fraction":1.0},"geometry":{"type":"Polygon","coordinates":[[[136.9175,35.203333],[136.921667,35.203333],[136.921667,35.2075],[136.9175,35.2075],[136.9175,35.203333]]]}},{"type":"Feature","properties":{"mesh_id":"mesh-0034-0044","ward_code":"23103","ward_name":"北区","population":1638,"cell_fraction":1.0},"geometry":{"type":"Polygon","coordinates":[[[136.921667,35.203333],[136.925833,35.203333],[136.925833,35.2075],[136.921667,35.2075],[136.921667,35.203333]]]}},{"type":"Feature","properties":{"mesh_id":"mesh-0035-0044","ward_code":"23103","ward_name":"北区","population":1638,"cell_fraction":1.0},"geometry":{"type":"Polygon","coordinates":[[[136.925833,35.203333],[136.93,35.203333],[136.93,35.2075],[136.925833,35.2075],[136.925833,35.203333]]]}},{"type":"Feature","properties":{"mesh_id":"mesh-0036-0044","ward_code":"23103","ward_name":"北区","population":1638,"cell_fraction":1.0},"geometry":{"type":"Polygon","coordinates":[[[136.93,35.203333],[136.934167,35.203333],[136.934167,35.2075],[136.93,35.2075],[136.93,35.203333]]]}},{"type":"Feature","properties":{"mesh_id":"mesh-0037-0044","ward_code":"23103","ward_name":"北区","population":1638,"cell_fraction":1.0},"geometry":{"type":"Polygon","coordinates":[[[136.934167,35.203333],[136.938333,35.203333],[136.938333,35.2075],[136.934167,35.2075],[136.934167,35.203333]]]}},{"type":"Feature","properties":{"mesh_id":"mesh-0038-0044","ward_code":"23103","ward_name":"北区","population":409,"cell_fraction":0.25},"geometry":{"type":"Polygon","coordinates":[[[136.938333,35.203333],[136.9425,35.203333],[136.9425,35.2075],[136.938333,35.2075],[136.938333,35.203333]]]}},{"type":"Feature","properties":{"mesh_id":"mesh-0027-0045","ward_code":"23103","ward_name":"北区","population":409,"cell_fraction":0.25},"geometry":{"type":"Polygon","coordinates":[[[136.8925,35.2075],[136.896667,35.2075],[136.896667,35.211667],[136.8925,35.211667],[136.8925,35.2075]]]}},{"type":"Feature","properties":{"mesh_id":"mesh-0028-0045","ward_code":"23103","ward_name":"北区","population":819,"cell_fraction":0.5},"geometry":{"type":"Polygon","coordinates":[[[136.896667,35.2075],[136.900833,35.2075],[136.900833,35.211667],[136.896667,35.211667],[136.896667,35.2075]]]}},{"type":"Feature","properties":{"mesh_id":"mesh-0029-0045","ward_code":"23103","ward_name":"北区","population":1638,"cell_fraction":1.0},"geometry":{"type":"Polygon","coordinates":[[[136.900833,35.2075],[136.905,35.2075],[136.905,35.211667],[136.900833,35.211667],[136.900833,35.2075]]]}},{"type":"Feature","properties":{"mesh_id":"mesh-0030-0045","ward_code":"23103","ward_name":"北区","population":1638,"cell_fraction":1.0},"geometry":{"type":"Polygon","coordinates":[[[136.905,35.2075],[136.909167,35.2075],[136.909167,35.211667],[136.905,35.211667],[136.905,35.2075]]]}},{"type":"Feature","properties":{"mesh_id":"mesh-0031-0045","ward_code":"23103","ward_name":"北区","population":1638,"cell_fraction":1.0},"geometry":{"type":"Polygon","coordinates":[[[136.909167,35.2075],[136.913333,35.2075],[136.913333,35.211667],[136.909167,35.211667],[136.909167,35.2075]]]}},{"type":"Feature","properties":{"mesh_id":"mesh-0032-0045","ward_code":"23103","ward_name":"北区","population":1638,"cell_fraction":1.0},"geometry":{"type":"Polygon","coordinates":[[[136.913333,35.2075],[136.9175,35.2075],[136.9175,35.211667],[136.913333,35.211667],[136.913333,35.2075]]]}},{"type":"Feature","properties":{"mesh_id":"mesh-0033-0045","ward_code":"23103","ward_name":"北区","population":1638,"cell_fraction":1.0},"geometry":{"type":"Polygon","coordinates":[[[136.9175,35.2075],[136.921667,35.2075],[136.921667,35.211667],[136.9175,35.211667],[136.9175,35.2075]]]}},{"type":"Feature","properties":{"mesh_id":"mesh-0034-0045","ward_code":"23103","ward_name":"北区","population":1638,"cell_fraction":1.0},"geometry":{"type":"Polygon","coordinates":[[[136.921667,35.2075],[136.925833,35.2075],[136.925833,35.211667],[136.921667,35.211667],[136.921667,35.2075]]]}},{"type":"Feature","properties":{"mesh_id":"mesh-0035-0045","ward_code":"23103","ward_name":"北区","population":819,"cell_fraction":0.5},"geometry":{"type":"Polygon","coordinates":[[[136.925833,35.2075],[136.93,35.2075],[136.93,35.211667],[136.925833,35.211667],[136.925833,35.2075]]]}},{"type":"Feature","properties":{"mesh_id":"mesh-0036-0045","ward_code":"23103","ward_name":"北区","population":409,"cell_fraction":0.25},"geometry":{"type":"Polygon","coordinates":[[[136.93,35.2075],[136.934167,35.2075],[136.934167,35.211667],[136.93,35.211667],[136.93,35.2075]]]}},{"type":"Feature","properties":{"mesh_id":"mesh-0027-0046","ward_code":"23103","ward_name":"北区","population":819,"cell_fraction":0.5},"geometry":{"type":"Polygon","coordinates":[[[136.8925,35.211667],[136.896667,35.211667],[136.896667,35.215833],[136.8925,35.215833],[136.8925,35.211667]]]}},{"type":"Feature","properties":{"mesh_id":"mesh-0028-0046","ward_code":"23103","ward_name":"北区","population":1638,"cell_fraction":1.0},"geometry":{"type":"Polygon","coordinates":[[[136.896667,35.211667],[136.900833,35.211667],[136.900833,35.215833],[136.896667,35.215833],[136.896667,35.211667]]]}},{"type":"Feature","properties":{"mesh_id":"mesh-0029-0046","ward_code":"23103","ward_name":"北区","population":1638,"cell_fraction":1.0},"geometry":{"type":"Polygon","coordinates":[[[136.900833,35.211667],[136.905,35.211667],[136.905,35.215833],[136.900833,35.215833],[136.900833,35.211667]]]}},{"type":"Feature","properties":{"mesh_id":"mesh-0030-0046","ward_code":"23103","ward_name":"北区","population":1638,"cell_fraction":1.0},"geometry":{"type":"Polygon","coordinates":[[[136.905,35.211667],[136.909167,35.211667],[136.909167,35.215833],[136.905,35.215833],[136.905,35.211667]]]}},{"type":"Feature","properties":{"mesh_id":"mesh-0031-0046","ward_code":"23103","ward_name":"北区","population":1638,"cell_fraction":1.0},"geometry":{"type":"Polygon","coordinates":[[[136.909167,35.211667],[136.913333,35.211667],[136.913333,35.215833],[136.909167,35.215833],[136.909167,35.211667]]]}},{"type":"Feature","properties":{"mesh_id":"mesh-0032-0046","ward_code":"23103","ward_name":"北区","population":1638,"cell_fraction":1.0},"geometry":{"type":"Polygon","coordinates":[[[136.913333,35.211667],[136.9175,35.211667],[136.9175,35.215833],[136.913333,35.215833],[136.913333,35.211667]]]}},{"type":"Feature","properties":{"mesh_id":"mesh-0033-0046","ward_code":"23103","ward_name":"北区","population":1638,"cell_fraction":1.0},"geometry":{"type":"Polygon","coordinates":[[[136.9175,35.211667],[136.921667,35.211667],[136.921667,35.215833],[136.9175,35.215833],[136.9175,35.211667]]]}},{"type":"Feature","properties":{"mesh_id":"mesh-0034-0046","ward_code":"23103","ward_name":"北区","population":1638,"cell_fraction":1.0},"geometry":{"type":"Polygon","coordinates":[[[136.921667,35.211667],[136.925833,35.211667],[136.925833,35.215833],[136.921667,35.215833],[136.921667,35.211667]]]}},{"type":"Feature","properties":{"mesh_id":"mesh-0035-0046","ward_code":"23103","ward_name":"北区","population":1638,"cell_fraction":1.0},"geometry":{"type":"Polygon","coordinates":[[[136.925833,35.211667],[136.93,35.211667],[136.93,35.215833],[136.925833,35.215833],[136.925833,35.211667]]]}},{"type":"Feature","properties":{"mesh_id":"mesh-0029-0047","ward_code":"23103","ward_name":"北区","population":1228,"cell_fraction":0.75},"geometry":{"type":"Polygon","coordinates":[[[136.900833,35.215833],[136.905,35.215833],[136.905,35.22],[136.900833,35.22],[136.900833,35.215833]]]}},{"type":"Feature","properties":{"mesh_id":"mesh-0030-0047","ward_code":"23103","ward_name":"北区","population":1638,"cell_fraction":1.0},"geometry":{"type":"Polygon","coordinates":[[[136.905,35.215833],[136.909167,35.215833],[136.909167,35.22],[136.905,35.22],[136.905,35.215833]]]}},{"type":"Feature","properties":{"mesh_id":"mesh-0031-0047","ward_code":"23103","ward_name":"北区","population":1638,"cell_fraction":1.0},"geometry":{"type":"Polygon","coordinates":[[[136.909167,35.215833],[136.913333,35.215833],[136.913333,35.22],[136.909167,35.22],[136.909167,35.215833]]]}},{"type":"Feature","properties":{"mesh_id":"mesh-0032-0047","ward_code":"23103","ward_name":"北区","population":1638,"cell_fraction":1.0},"geometry":{"type":"Polygon","coordinates":[[[136.913333,35.215833],[136.9175,35.215833],[136.9175,35.22],[136.913333,35.22],[136.913333,35.215833]]]}},{"type":"Feature","properties":{"mesh_id":"mesh-0033-0047","ward_code":"23103","ward_name":"北区","population":1638,"cell_fraction":1.0},"geometry":{"type":"Polygon","coordinates":[[[136.9175,35.215833],[136.921667,35.215833],[136.921667,35.22],[136.9175,35.22],[136.9175,35.215833]]]}},{"type":"Feature","properties":{"mesh_id":"mesh-0034-0047","ward_code":"23103","ward_name":"北区","population":1638,"cell_fraction":1.0},"geometry":{"type":"Polygon","coordinates":[[[136.921667,35.215833],[136.925833,35.215833],[136.925833,35.22],[136.921667,35.22],[136.921667,35.215833]]]}},{"type":"Feature","properties":{"mesh_id":"mesh-0035-0047","ward_code":"23103","ward_name":"北区","population":1638,"cell_fraction":1.0},"geometry":{"type":"Polygon","coordinates":[[[136.925833,35.215833],[136.93,35.215833],[136.93,35.22],[136.925833,35.22],[136.925833,35.215833]]]}},{"type":"Feature","properties":{"mesh_id":"mesh-0036-0047","ward_code":"23103","ward_name":"北区","population":1638,"cell_fraction":1.0},"geometry":{"type":"Polygon","coordinates":[[[136.93,35.215833],[136.934167,35.215833],[136.934167,35.22],[136.93,35.22],[136.93,35.215833]]]}},{"type":"Feature","properties":{"mesh_id":"mesh-0037-0047","ward_code":"23103","ward_name":"北区","population":1228,"cell_fraction":0.75},"geometry":{"type":"Polygon","coordinates":[[[136.934167,35.215833],[136.938333,35.215833],[136.938333,35.22],[136.934167,35.22],[136.934167,35.215833]]]}},{"type":"Feature","properties":{"mesh_id":"mesh-0030-0048","ward_code":"23103","ward_name":"北区","population":819,"cell_fraction":0.5},"geometry":{"type":"Polygon","coordinates":[[[136.905,35.22],[136.909167,35.22],[136.909167,35.224167],[136.905,35.224167],[136.905,35.22]]]}},{"type":"Feature","properties":{"mesh_id":"mesh-0031-0048","ward_code":"23103","ward_name":"北区","population":1638,"cell_fraction":1.0},"geometry":{"type":"Polygon","coordinates":[[[136.909167,35.22],[136.913333,35.22],[136.913333,35.224167],[136.909167,35.224167],[136.909167,35.22]]]}},{"type":"Feature","properties":{"mesh_id":"mesh-0032-0048","ward_code":"23103","ward_name":"北区","population":1638,"cell_fraction":1.0},"geometry":{"type":"Polygon","coordinates":[[[136.913333,35.22],[136.9175,35.22],[136.9175,35.224167],[136.913333,35.224167],[136.913333,35.22]]]}},{"type":"Feature","properties":{"mesh_id":"mesh-0033-0048","ward_code":"23103","ward_name":"北区","population":1638,"cell_fraction":1.0},"geometry":{"type":"Polygon","coordinates":[[[136.9175,35.22],[136.921667,35.22],[136.921667,35.224167],[136.9175,35.224167],[136.9175,35.22]]]}},{"type":"Feature","properties":{"mesh_id":"mesh-0034-0048","ward_code":"23103","ward_name":"北区","population":1638,"cell_fraction":1.0},"geometry":{"type":"Polygon","coordinates":[[[136.921667,35.22],[136.925833,35.22],[136.925833,35.224167],[136.921667,35.224167],[136.921667,35.22]]]}},{"type":"Feature","properties":{"mesh_id":"mesh-0035-0048","ward_code":"23103","ward_name":"北区","population":1638,"cell_fraction":1.0},"geometry":{"type":"Polygon","coordinates":[[[136.925833,35.22],[136.93,35.22],[136.93,35.224167],[136.925833,35.224167],[136.925833,35.22]]]}},{"type":"Feature","properties":{"mesh_id":"mesh-0036-0048","ward_code":"23103","ward_name":"北区","population":1228,"cell_fraction":0.75},"geometry":{"type":"Polygon","coordinates":[[[136.93,35.22],[136.934167,35.22],[136.934167,35.224167],[136.93,35.224167],[136.93,35.22]]]}},{"type":"Feature","properties":{"mesh_id":"mesh-0037-0048","ward_code":"23103","ward_name":"北区","population":1638,"cell_fraction":1.0},"geometry":{"type":"Polygon","coordinates":[[[136.934167,35.22],[136.938333,35.22],[136.938333,35.224167],[136.934167,35.224167],[136.934167,35.22]]]}},{"type":"Feature","properties":{"mesh_id":"mesh-0038-0048","ward_code":"23103","ward_name":"北区","population":819,"cell_fraction":0.5},"geometry":{"type":"Polygon","coordinates":[[[136.938333,35.22],[136.9425,35.22],[136.9425,35.224167],[136.938333,35.224167],[136.938333,35.22]]]}},{"type":"Feature","properties":{"mesh_id":"mesh-0029-0049","ward_code":"23103","ward_name":"北区","population":409,"cell_fraction":0.25},"geometry":{"type":"Polygon","coordinates":[[[136.900833,35.224167],[136.905,35.224167],[136.905,35.228333],[136.900833,35.228333],[136.900833,35.224167]]]}},{"type":"Feature","properties":{"mesh_id":"mesh-0030-0049","ward_code":"23103","ward_name":"北区","population":1638,"cell_fraction":1.0},"geometry":{"type":"Polygon","coordinates":[[[136.905,35.224167],[136.909167,35.224167],[136.909167,35.228333],[136.905,35.228333],[136.905,35.224167]]]}},{"type":"Feature","properties":{"mesh_id":"mesh-0031-0049","ward_code":"23103","ward_name":"北区","population":1638,"cell_fraction":1.0},"geometry":{"type":"Polygon","coordinates":[[[136.909167,35.224167],[136.913333,35.224167],[136.913333,35.228333],[136.909167,35.228333],[136.909167,35.224167]]]}},{"type":"Feature","properties":{"mesh_id":"mesh-0032-0049","ward_code":"23103","ward_name":"北区","population":1637,"cell_fraction":1.0},"geometry":{"type":"Polygon","coordinates":[[[136.913333,35.224167],[136.9175,35.224167],[136.9175,35.228333],[136.913333,35.228333],[136.913333,35.224167]]]}},{"type":"Feature","properties":{"mesh_id":"mesh-0033-0049","ward_code":"23103","ward_name":"北区","population":1637,"cell_fraction":1.0},"geometry":{"type":"Polygon","coordinates":[[[136.9175,35.224167],[136.921667,35.224167],[136.921667,35.228333],[136.9175,35.228333],[136.9175,35.224167]]]}},{"type":"Feature","properties":{"mesh_id":"mesh-0034-0049","ward_code":"23103","ward_name":"北区","population":1637,"cell_fraction":1.0},"geometry":{"type":"Polygon","coordinates":[[[136.921667,35.224167],[136.925833,35.224167],[136.925833,35.228333],[136.921667,35.228333],[136.921667,35.224167]]]}},{"type":"Feature","properties":{"mesh_id":"mesh-0035-0049","ward_code":"23103","ward_name":"北区","population":819,"cell_fraction":0.5},"geometry":{"type":"Polygon","coordinates":[[[136.925833,35.224167],[136.93,35.224167],[136.93,35.228333],[136.925833,35.228333],[136.925833,35.224167]]]}},{"type":"Feature","properties":{"mesh_id":"mesh-0030-0050","ward_code":"23103","ward_name":"北区","population":1637,"cell_fraction":1.0},"geometry":{"type":"Polygon","coordinates":[[[136.905,35.228333],[136.909167,35.228333],[136.909167,35.2325],[136.905,35.2325],[136.905,35.228333]]]}},{"type":"Feature","properties":{"mesh_id":"mesh-0031-0050","ward_code":"23103","ward_name":"北区","population":1637,"cell_fraction":1.0},"geometry":{"type":"Polygon","coordinates":[[[136.909167,35.228333],[136.913333,35.228333],[136.913333,35.2325],[136.909167,35.2325],[136.909167,35.228333]]]}},{"type":"Feature","properties":{"mesh_id":"mesh-0032-0050","ward_code":"23103","ward_name":"北区","population":1637,"cell_fraction":1.0},"geometry":{"type":"Polygon","coordinates":[[[136.913333,35.228333],[136.9175,35.228333],[136.9175,35.2325],[136.913333,35.2325],[136.913333,35.228333]]]}},{"type":"Feature","properties":{"mesh_id":"mesh-0033-0050","ward_code":"23103","ward_name":"北区","population":1637,"cell_fraction":1.0},"geometry":{"type":"Polygon","coordinates":[[[136.9175,35.228333],[136.921667,35.228333],[136.921667,35.2325],[136.9175,35.2325],[136.9175,35.228333]]]}},{"type":"Feature","properties":{"mesh_id":"mesh-0034-0050","ward_code":"23103","ward_name":"北区","population":1637,"cell_fraction":1.0},"geometry":{"type":"Polygon","coordinates":[[[136.921667,35.228333],[136.925833,35.228333],[136.925833,35.2325],[136.921667,35.2325],[136.921667,35.228333]]]}},{"type":"Feature","properties":{"mesh_id":"mesh-0035-0050","ward_code":"23103","ward_name":"北区","population":409,"cell_fraction":0.25},"geometry":{"type":"Polygon","coordinates":[[[136.925833,35.228333],[136.93,35.228333],[136.93,35.2325],[136.925833,35.2325],[136.925833,35.228333]]]}},{"type":"Feature","properties":{"mesh_id":"mesh-0029-0051","ward_code":"23103","ward_name":"北区","population":1228,"cell_fraction":0.75},"geometry":{"type":"Polygon","coordinates":[[[136.900833,35.2325],[136.905,35.2325],[136.905,35.236667],[136.900833,35.236667],[136.900833,35.2325]]]}},{"type":"Feature","properties":{"mesh_id":"mesh-0030-0051","ward_code":"23103","ward_name":"北区","population":1637,"cell_fraction":1.0},"geometry":{"type":"Polygon","coordinates":[[[136.905,35.2325],[136.909167,35.2325],[136.909167,35.236667],[136.905,35.236667],[136.905,35.2325]]]}},{"type":"Feature","properties":{"mesh_id":"mesh-0031-0051","ward_code":"23103","ward_name":"北区","population":1637,"cell_fraction":1.0},"geometry":{"type":"Polygon","coordinates":[[[136.909167,35.2325],[136.913333,35.2325],[136.913333,35.236667],[136.909167,35.236667],[136.909167,35.2325]]]}},{"type":"Feature","properties":{"mesh_id":"mesh-0032-0051","ward_code":"23103","ward_name":"北区","population":1637,"cell_fraction":1.0},"geometry":{"type":"Polygon","coordinates":[[[136.913333,35.2325],[136.9175,35.2325],[136.9175,35.236667],[136.913333,35.236667],[136.913333,35.2325]]]}},{"type":"Feature","properties":{"mesh_id":"mesh-0033-0051","ward_code":"23103","ward_name":"北区","population":1637,"cell_fraction":1.0},"geometry":{"type":"Polygon","coordinates":[[[136.9175,35.2325],[136.921667,35.2325],[136.921667,35.236667],[136.9175,35.236667],[136.9175,35.2325]]]}},{"type":"Feature","properties":{"mesh_id":"mesh-0034-0051","ward_code":"23103","ward_name":"北区","population":1637,"cell_fraction":1.0},"geometry":{"type":"Polygon","coordinates":[[[136.921667,35.2325],[136.925833,35.2325],[136.925833,35.236667],[136.921667,35.236667],[136.921667,35.2325]]]}},{"type":"Feature","properties":{"mesh_id":"mesh-0035-0051","ward_code":"23103","ward_name":"北区","population":1637,"cell_fraction":1.0},"geometry":{"type":"Polygon","coordinates":[[[136.925833,35.2325],[136.93,35.2325],[136.93,35.236667],[136.925833,35.236667],[136.925833,35.2325]]]}},{"type":"Feature","properties":{"mesh_id":"mesh-0029-0052","ward_code":"23103","ward_name":"北区","population":1637,"cell_fraction":1.0},"geometry":{"type":"Polygon","coordinates":[[[136.900833,35.236667],[136.905,35.236667],[136.905,35.240833],[136.900833,35.240833],[136.900833,35.236667]]]}},{"type":"Feature","properties":{"mesh_id":"mesh-0030-0052","ward_code":"23103","ward_name":"北区","population":1637,"cell_fraction":1.0},"geometry":{"type":"Polygon","coordinates":[[[136.905,35.236667],[136.909167,35.236667],[136.909167,35.240833],[136.905,35.240833],[136.905,35.236667]]]}},{"type":"Feature","properties":{"mesh_id":"mesh-0031-0052","ward_code":"23103","ward_name":"北区","population":409,"cell_fraction":0.25},"geometry":{"type":"Polygon","coordinates":[[[136.909167,35.236667],[136.913333,35.236667],[136.913333,35.240833],[136.909167,35.240833],[136.909167,35.236667]]]}},{"type":"Feature","properties":{"mesh_id":"mesh-0033-0052","ward_code":"23103","ward_name":"北区","population":819,"cell_fraction":0.5},"geometry":{"type":"Polygon","coordinates":[[[136.9175,35.236667],[136.921667,35.236667],[136.921667,35.240833],[136.9175,35.240833],[136.9175,35.236667]]]}},{"type":"Feature","properties":{"mesh_id":"mesh-0034-0052","ward_code":"23103","ward_name":"北区","population":1637,"cell_fraction":1.0},"geometry":{"type":"Polygon","coordinates":[[[136.921667,35.236667],[136.925833,35.236667],[136.925833,35.240833],[136.921667,35.240833],[136.921667,35.236667]]]}},{"type":"Feature","properties":{"mesh_id":"mesh-0035-0052","ward_code":"23103","ward_name":"北区","population":1637,"cell_fraction":1.0},"geometry":{"type":"Polygon","coordinates":[[[136.925833,35.236667],[136.93,35.236667],[136.93,35.240833],[136.925833,35.240833],[136.925833,35.236667]]]}},{"type":"Feature","properties":{"mesh_id":"mesh-0035-0053","ward_code":"23103","ward_name":"北区","population":819,"cell_fraction":0.5},"geometry":{"type":"Polygon","coordinates":[[[136.925833,35.240833],[136.93,35.240833],[136.93,35.245],[136.925833,35.245],[136.925833,35.240833]]]}},{"type":"Feature","properties":{"mesh_id":"mesh-0024-0036","ward_code":"23104","ward_name":"西区","population":372,"cell_fraction":0.25},"geometry":{"type":"Polygon","coordinates":[[[136.88,35.17],[136.884167,35.17],[136.884167,35.174167],[136.88,35.174167],[136.88,35.17]]]}},{"type":"Feature","properties":{"mesh_id":"mesh-0023-0037","ward_code":"23104","ward_name":"西区","population":372,"cell_fraction":0.25},"geometry":{"type":"Polygon","coordinates":[[[136.875833,35.174167],[136.88,35.174167],[136.88,35.178333],[136.875833,35.178333],[136.875833,35.174167]]]}},{"type":"Feature","properties":{"mesh_id":"mesh-0024-0037","ward_code":"23104","ward_name":"西区","population":1116,"cell_fraction":0.75},"geometry":{"type":"Polygon","coordinates":[[[136.88,35.174167],[136.884167,35.174167],[136.884167,35.178333],[136.88,35.178333],[136.88,35.174167]]]}},{"type":"Feature","properties":{"mesh_id":"mesh-0025-0037","ward_code":"23104","ward_name":"西区","population":1116,"cell_fraction":0.75},"geometry":{"type":"Polygon","coordinates":[[[136.884167,35.174167],[136.888333,35.174167],[136.888333,35.178333],[136.884167,35.178333],[136.884167,35.174167]]]}},{"type":"Feature","properties":{"mesh_id":"mesh-0026-0037","ward_code":"23104","ward_name":"西区","population":1489,"cell_fraction":1.0},"geometry":{"type":"Polygon","coordinates":[[[136.888333,35.174167],[136.8925,35.174167],[136.8925,35.178333],[136.888333,35.178333],[136.888333,35.174167]]]}},{"type":"Feature","properties":{"mesh_id":"mesh-0027-0037","ward_code":"23104","ward_name":"西区","population":372,"cell_fraction":0.25},"geometry":{"type":"Polygon","coordinates":[[[136.8925,35.174167],[136.896667,35.174167],[136.896667,35.178333],[136.8925,35.178333],[136.8925,35.174167]]]}},{"type":"Feature","properties":{"mesh_id":"mesh-0023-0038","ward_code":"23104","ward_name":"西区","population":1116,"cell_fraction":0.75},"geometry":{"type":"Polygon","coordinates":[[[136.875833,35.178333],[136.88,35.178333],[136.88,35.1825],[136.875833,35.1825],[136.875833,35.178333]]]}},{"type":"Feature","properties":{"mesh_id":"mesh-0024-0038","ward_code":"23104","ward_name":"西区","population":1489,"cell_fraction":1.0},"geometry":{"type":"Polygon","coordinates":[[[136.88,35.178333],[136.884167,35.178333],[136.884167,35.1825],[136.88,35.1825],[136.88,35.178333]]]}},{"type":"Feature","properties":{"mesh_id":"mesh-0025-0038","ward_code":"23104","ward_name":"西区","population":1489,"cell_fraction":1.0},"geometry":{"type":"Polygon","coordinates":[[[136.884167,35.178333],[136.888333,35.178333],[136.888333,35.1825],[136.884167,35.1825],[136.884167,35.178333]]]}},{"type":"Feature","properties":{"mesh_id":"mesh-0026-0038","ward_code":"23104","ward_name":"西区","population":1489,"cell_fraction":1.0},"geometry":{"type":"Polygon","coordinates":[[[136.888333,35.178333],[136.8925,35.178333],[136.8925,35.1825],[136.888333,35.1825],[136.888333,35.178333]]]}},{"type":"Feature","properties":{"mesh_id":"mesh-0027-0038","ward_code":"23104","ward_name":"西区","population":744,"cell_fraction":0.5},"geometry":{"type":"Polygon","coordinates":[[[136.8925,35.178333],[136.896667,35.178333],[136.896667,35.1825],[136.8925,35.1825],[136.8925,35.178333]]]}},{"type":"Feature","properties":{"mesh_id":"mesh-0021-0039","ward_code":"23104","ward_name":"西区","population":372,"cell_fraction":0.25},"geometry":{"type":"Polygon","coordinates":[[[136.8675,35.1825],[136.871667,35.1825],[136.871667,35.186667],[136.8675,35.186667],[136.8675,35.1825]]]}},{"type":"Feature","properties":{"mesh_id":"mesh-0022-0039","ward_code":"23104","ward_name":"西区","population":1116,"cell_fraction":0.75},"geometry":{"type":"Polygon","coordinates":[[[136.871667,35.1825],[136.875833,35.1825],[136.875833,35.186667],[136.871667,35.186667],[136.871667,35.1825]]]}},{"type":"Feature","properties":{"mesh_id":"mesh-0023-0039","ward_code":"23104","ward_name":"西区","population":1489,"cell_fraction":1.0},"geometry":{"type":"Polygon","coordinates":[[[136.875833,35.1825],[136.88,35.1825],[136.88,35.186667],[136.875833,35.186667],[136.875833,35.1825]]]}},{"type":"Feature","properties":{"mesh_id":"mesh-0024-0039","ward_code":"23104","ward_name":"西区","population":1489,"cell_fraction":1.0},"geometry":{"type":"Polygon","coordinates":[[[136.88,35.1825],[136.884167,35.1825],[136.884167,35.186667],[136.88,35.186667],[136.88,35.1825]]]}},{"type":"Feature","properties":{"mesh_id":"mesh-0025-0039","ward_code":"23104","ward_name":"西区","population":1489,"cell_fraction":1.0},"geometry":{"type":"Polygon","coordinates":[[[136.884167,35.1825],[136.888333,35.1825],[136.888333,35.186667],[136.884167,35.186667],[136.884167,35.1825]]]}},{"type":"Feature","properties":{"mesh_id":"mesh-0026-0039","ward_code":"23104","ward_name":"西区","population":1489,"cell_fraction":1.0},"geometry":{"type":"Polygon","coordinates":[[[136.888333,35.1825],[136.8925,35.1825],[136.8925,35.186667],[136.888333,35.186667],[136.888333,35.1825]]]}},{"type":"Feature","properties":{"mesh_id":"mesh-0027-0039","ward_code":"23104","ward_name":"西区","population":1489,"cell_fraction":1.0},"geometry":{"type":"Polygon","coordinates":[[[136.8925,35.1825],[136.896667,35.1825],[136.896667,35.186667],[136.8925,35.186667],[136.8925,35.1825]]]}},{"type":"Feature","properties":{"mesh_id":"mesh-0021-0040","ward_code":"23104","ward_name":"西区","population":1489,"cell_fraction":1.0},"geometry":{"type":"Polygon","coordinates":[[[136.8675,35.186667],[136.871667,35.186667],[136.871667,35.190833],[136.8675,35.190833],[136.8675,35.186667]]]}},{"type":"Feature","properties":{"mesh_id":"mesh-0022-0040","ward_code":"23104","ward_name":"西区","population":1489,"cell_fraction":1.0},"geometry":{"type":"Polygon","coordinates":[[[136.871667,35.186667],[136.875833,35.186667],[136.875833,35.190833],[136.871667,35.190833],[136.871667,35.186667]]]}},{"type":"Feature","properties":{"mesh_id":"mesh-0023-0040","ward_code":"23104","ward_name":"西区","population":1489,"cell_fraction":1.0},"geometry":{"type":"Polygon","coordinates":[[[136.875833,35.186667],[136.88,35.186667],[136.88,35.190833],[136.875833,35.190833],[136.875833,35.186667]]]}},{"type":"Feature","properties":{"mesh_id":"mesh-0024-0040","ward_code":"23104","ward_name":"西区","population":1489,"cell_fraction":1.0},"geometry":{"type":"Polygon","coordinates":[[[136.88,35.186667],[136.884167,35.186667],[136.884167,35.190833],[136.88,35.190833],[136.88,35.186667]]]}},{"type":"Feature","properties":{"mesh_id":"mesh-0025-0040","ward_code":"23104","ward_name":"西区","population":1489,"cell_fraction":1.0},"geometry":{"type":"Polygon","coordinates":[[[136.884167,35.186667],[136.888333,35.186667],[136.888333,35.190833],[136.884167,35.190833],[136.884167,35.186667]]]}},{"type":"Feature","properties":{"mesh_id":"mesh-0026-0040","ward_code":"23104","ward_name":"西区","population":1489,"cell_fraction":1.0},"geometry":{"type":"Polygon","coordinates":[[[136.888333,35.186667],[136.8925,35.186667],[136.8925,35.190833],[136.888333,35.190833],[136.888333,35.186667]]]}},{"type":"Feature","properties":{"mesh_id":"mesh-0027-0040","ward_code":"23104","ward_name":"西区","population":1489,"cell_fraction":1.0},"geometry":{"type":"Polygon","coordinates":[[[136.8925,35.186667],[136.896667,35.186667],[136.896667,35.190833],[136.8925,35.190833],[136.8925,35.186667]]]}},{"type":"Feature","properties":{"mesh_id":"mesh-0028-0040","ward_code":"23104","ward_name":"西区","population":744,"cell_fraction":0.5},"geometry":{"type":"Polygon","coordinates":[[[136.896667,35.186667],[136.900833,35.186667],[136.900833,35.190833],[136.896667,35.190833],[136.896667,35.186667]]]}},{"type":"Feature","properties":{"mesh_id":"mesh-0021-0041","ward_code":"23104","ward_name":"西区","population":1116,"cell_fraction":0.75},"geometry":{"type":"Polygon","coordinates":[[[136.8675,35.190833],[136.871667,35.190833],[136.871667,35.195],[136.8675,35.195],[136.8675,35.190833]]]}},{"type":"Feature","properties":{"mesh_id":"mesh-0022-0041","ward_code":"23104","ward_name":"西区","population":1489,"cell_fraction":1.0},"geometry":{"type":"Polygon","coordinates":[[[136.871667,35.190833],[136.875833,35.190833],[136.875833,35.195],[136.871667,35.195],[136.871667,35.190833]]]}},{"type":"Feature","properties":{"mesh_id":"mesh-0023-0041","ward_code":"23104","ward_name":"西区","population":1489,"cell_fraction":1.0},"geometry":{"type":"Polygon","coordinates":[[[136.875833,35.190833],[136.88,35.190833],[136.88,35.195],[136.875833,35.195],[136.875833,35.190833]]]}},{"type":"Feature","properties":{"mesh_id":"mesh-0024-0041","ward_code":"23104","ward_name":"西区","population":1489,"cell_fraction":1.0},"geometry":{"type":"Polygon","coordinates":[[[136.88,35.190833],[136.884167,35.190833],[136.884167,35.195],[136.88,35.195],[136.88,35.190833]]]}},{"type":"Feature","properties":{"mesh_id":"mesh-0025-0041","ward_code":"23104","ward_name":"西区","population":1489,"cell_fraction":1.0},"geometry":{"type":"Polygon","coordinates":[[[136.884167,35.190833],[136.888333,35.190833],[136.888333,35.195],[136.884167,35.195],[136.884167,35.190833]]]}},{"type":"Feature","properties":{"mesh_id":"mesh-0026-0041","ward_code":"23104","ward_name":"西区","population":1489,"cell_fraction":1.0},"geometry":{"type":"Polygon","coordinates":[[[136.888333,35.190833],[136.8925,35.190833],[136.8925,35.195],[136.888333,35.195],[136.888333,35.190833]]]}},{"type":"Feature","properties":{"mesh_id":"mesh-0027-0041","ward_code":"23104","ward_name":"西区","population":1489,"cell_fraction":1.0},"geometry":{"type":"Polygon","coordinates":[[[136.8925,35.190833],[136.896667,35.190833],[136.896667,35.195],[136.8925,35.195],[136.8925,35.190833]]]}},{"type":"Feature","properties":{"mesh_id":"mesh-0028-0041","ward_code":"23104","ward_name":"西区","population":1489,"cell_fraction":1.0},"geometry":{"type":"Polygon","coordinates":[[[136.896667,35.190833],[136.900833,35.190833],[136.900833,35.195],[136.896667,35.195],[136.896667,35.190833]]]}},{"type":"Feature","properties":{"mesh_id":"mesh-0022-0042","ward_code":"23104","ward_name":"西区","population":1489,"cell_fraction":1.0},"geometry":{"type":"Polygon","coordinates":[[[136.871667,35.195],[136.875833,35.195],[136.875833,35.199167],[136.871667,35.199167],[136.871667,35.195]]]}},{"type":"Feature","properties":{"mesh_id":"mesh-0023-0042","ward_code":"23104","ward_name":"西区","population":1489,"cell_fraction":1.0},"geometry":{"type":"Polygon","coordinates":[[[136.875833,35.195],[136.88,35.195],[136.88,35.199167],[136.875833,35.199167],[136.875833,35.195]]]}},{"type":"Feature","properties":{"mesh_id":"mesh-0024-0042","ward_code":"23104","ward_name":"西区","population":1489,"cell_fraction":1.0},"geometry":{"type":"Polygon","coordinates":[[[136.88,35.195],[136.884167,35.195],[136.884167,35.199167],[136.88,35.199167],[136.88,35.195]]]}},{"type":"Feature","properties":{"mesh_id":"mesh-0025-0042","ward_code":"23104","ward_name":"西区","population":1489,"cell_fraction":1.0},"geometry":{"type":"Polygon","coordinates":[[[136.884167,35.195],[136.888333,35.195],[136.888333,35.199167],[136.884167,35.199167],[136.884167,35.195]]]}},{"type":"Feature","properties":{"mesh_id":"mesh-0026-0042","ward_code":"23104","ward_name":"西区","population":1489,"cell_fraction":1.0},"geometry":{"type":"Polygon","coordinates":[[[136.888333,35.195],[136.8925,35.195],[136.8925,35.199167],[136.888333,35.199167],[136.888333,35.195]]]}},{"type":"Feature","properties":{"mesh_id":"mesh-0027-0042","ward_code":"23104","ward_name":"西区","population":1489,"cell_fraction":1.0},"geometry":{"type":"Polygon","coordinates":[[[136.8925,35.195],[136.896667,35.195],[136.896667,35.199167],[136.8925,35.199167],[136.8925,35.195]]]}},{"type":"Feature","properties":{"mesh_id":"mesh-0028-0042","ward_code":"23104","ward_name":"西区","population":1489,"cell_fraction":1.0},"geometry":{"type":"Polygon","coordinates":[[[136.896667,35.195],[136.900833,35.195],[136.900833,35.199167],[136.896667,35.199167],[136.896667,35.195]]]}},{"type":"Feature","properties":{"mesh_id":"mesh-0022-0043","ward_code":"23104","ward_name":"西区","population":372,"cell_fraction":0.25},"geometry":{"type":"Polygon","coordinates":[[[136.871667,35.199167],[136.875833,35.199167],[136.875833,35.203333],[136.871667,35.203333],[136.871667,35.199167]]]}},{"type":"Feature","properties":{"mesh_id":"mesh-0023-0043","ward_code":"23104","ward_name":"西区","population":1489,"cell_fraction":1.0},"geometry":{"type":"Polygon","coordinates":[[[136.875833,35.199167],[136.88,35.199167],[136.88,35.203333],[136.875833,35.203333],[136.875833,35.199167]]]}},{"type":"Feature","properties":{"mesh_id":"mesh-0024-0043","ward_code":"23104","ward_name":"西区","population":1489,"cell_fraction":1.0},"geometry":{"type":"Polygon","coordinates":[[[136.88,35.199167],[136.884167,35.199167],[136.884167,35.203333],[136.88,35.203333],[136.88,35.199167]]]}},{"type":"Feature","properties":{"mesh_id":"mesh-0025-0043","ward_code":"23104","ward_name":"西区","population":1489,"cell_fraction":1.0},"geometry":{"type":"Polygon","coordinates":[[[136.884167,35.199167],[136.888333,35.199167],[136.888333,35.203333],[136.884167,35.203333],[136.884167,35.199167]]]}},{"type":"Feature","properties":{"mesh_id":"mesh-0026-0043","ward_code":"23104","ward_name":"西区","population":1489,"cell_fraction":1.0},"geometry":{"type":"Polygon","coordinates":[[[136.888333,35.199167],[136.8925,35.199167],[136.8925,35.203333],[136.888333,35.203333],[136.888333,35.199167]]]}},{"type":"Feature","properties":{"mesh_id":"mesh-0027-0043","ward_code":"23104","ward_name":"西区","population":1489,"cell_fraction":1.0},"geometry":{"type":"Polygon","coordinates":[[[136.8925,35.199167],[136.896667,35.199167],[136.896667,35.203333],[136.8925,35.203333],[136.8925,35.199167]]]}},{"type":"Feature","properties":{"mesh_id":"mesh-0028-0043","ward_code":"23104","ward_name":"西区","population":1489,"cell_fraction":1.0},"geometry":{"type":"Polygon","coordinates":[[[136.896667,35.199167],[136.900833,35.199167],[136.900833,35.203333],[136.896667,35.203333],[136.896667,35.199167]]]}},{"type":"Feature","properties":{"mesh_id":"mesh-0020-0044","ward_code":"23104","ward_name":"西区","population":372,"cell_fraction":0.25},"geometry":{"type":"Polygon","coordinates":[[[136.863333,35.203333],[136.8675,35.203333],[136.8675,35.2075],[136.863333,35.2075],[136.863333,35.203333]]]}},{"type":"Feature","properties":{"mesh_id":"mesh-0023-0044","ward_code":"23104","ward_name":"西区","population":1116,"cell_fraction":0.75},"geometry":{"type":"Polygon","coordinates":[[[136.875833,35.203333],[136.88,35.203333],[136.88,35.2075],[136.875833,35.2075],[136.875833,35.203333]]]}},{"type":"Feature","properties":{"mesh_id":"mesh-0024-0044","ward_code":"23104","ward_name":"西区","population":1489,"cell_fraction":1.0},"geometry":{"type":"Polygon","coordinates":[[[136.88,35.203333],[136.884167,35.203333],[136.884167,35.2075],[136.88,35.2075],[136.88,35.203333]]]}},{"type":"Feature","properties":{"mesh_id":"mesh-0025-0044","ward_code":"23104","ward_name":"西区","population":1489,"cell_fraction":1.0},"geometry":{"type":"Polygon","coordinates":[[[136.884167,35.203333],[136.888333,35.203333],[136.888333,35.2075],[136.884167,35.2075],[136.884167,35.203333]]]}},{"type":"Feature","properties":{"mesh_id":"mesh-0026-0044","ward_code":"23104","ward_name":"西区","population":1489,"cell_fraction":1.0},"geometry":{"type":"Polygon","coordinates":[[[136.888333,35.203333],[136.8925,35.203333],[136.8925,35.2075],[136.888333,35.2075],[136.888333,35.203333]]]}},{"type":"Feature","properties":{"mesh_id":"mesh-0027-0044","ward_code":"23104","ward_name":"西区","population":1489,"cell_fraction":1.0},"geometry":{"type":"Polygon","coordinates":[[[136.8925,35.203333],[136.896667,35.203333],[136.896667,35.2075],[136.8925,35.2075],[136.8925,35.203333]]]}},{"type":"Feature","properties":{"mesh_id":"mesh-0028-0044","ward_code":"23104","ward_name":"西区","population":1489,"cell_fraction":1.0},"geometry":{"type":"Polygon","coordinates":[[[136.896667,35.203333],[136.900833,35.203333],[136.900833,35.2075],[136.896667,35.2075],[136.896667,35.203333]]]}},{"type":"Feature","properties":{"mesh_id":"mesh-0019-0045","ward_code":"23104","ward_name":"西区","population":372,"cell_fraction":0.25},"geometry":{"type":"Polygon","coordinates":[[[136.859167,35.2075],[136.863333,35.2075],[136.863333,35.211667],[136.859167,35.211667],[136.859167,35.2075]]]}},{"type":"Feature","properties":{"mesh_id":"mesh-0020-0045","ward_code":"23104","ward_name":"西区","population":1116,"cell_fraction":0.75},"geometry":{"type":"Polygon","coordinates":[[[136.863333,35.2075],[136.8675,35.2075],[136.8675,35.211667],[136.863333,35.211667],[136.863333,35.2075]]]}},{"type":"Feature","properties":{"mesh_id":"mesh-0022-0045","ward_code":"23104","ward_name":"西区","population":744,"cell_fraction":0.5},"geometry":{"type":"Polygon","coordinates":[[[136.871667,35.2075],[136.875833,35.2075],[136.875833,35.211667],[136.871667,35.211667],[136.871667,35.2075]]]}},{"type":"Feature","properties":{"mesh_id":"mesh-0023-0045","ward_code":"23104","ward_name":"西区","population":1116,"cell_fraction":0.75},"geometry":{"type":"Polygon","coordinates":[[[136.875833,35.2075],[136.88,35.2075],[136.88,35.211667],[136.875833,35.211667],[136.875833,35.2075]]]}},{"type":"Feature","properties":{"mesh_id":"mesh-0024-0045","ward_code":"23104","ward_name":"西区","population":1489,"cell_fraction":1.0},"geometry":{"type":"Polygon","coordinates":[[[136.88,35.2075],[136.884167,35.2075],[136.884167,35.211667],[136.88,35.211667],[136.88,35.2075]]]}},{"type":"Feature","properties":{"mesh_id":"mesh-0025-0045","ward_code":"23104","ward_name":"西区","population":1489,"cell_fraction":1.0},"geometry":{"type":"Polygon","coordinates":[[[136.884167,35.2075],[136.888333,35.2075],[136.888333,35.211667],[136.884167,35.211667],[136.884167,35.2075]]]}},{"type":"Feature","properties":{"mesh_id":"mesh-0026-0045","ward_code":"23104","ward_name":"西区","population":1489,"cell_fraction":1.0},"geometry":{"type":"Polygon","coordinates":[[[136.888333,35.2075],[136.8925,35.2075],[136.8925,35.211667],[136.888333,35.211667],[136.888333,35.2075]]]}},{"type":"Feature","properties":{"mesh_id":"mesh-0027-0045","ward_code":"23104","ward_name":"西区","population":1116,"cell_fraction":0.75},"geometry":{"type":"Polygon","coordinates":[[[136.8925,35.2075],[136.896667,35.2075],[136.896667,35.211667],[136.8925,35.211667],[136.8925,35.2075]]]}},{"type":"Feature","properties":{"mesh_id":"mesh-0028-0045","ward_code":"23104","ward_name":"西区","population":744,"cell_fraction":0.5},"geometry":{"type":"Polygon","coordinates":[[[136.896667,35.2075],[136.900833,35.2075],[136.900833,35.211667],[136.896667,35.211667],[136.896667,35.2075]]]}},{"type":"Feature","properties":{"mesh_id":"mesh-0020-0046","ward_code":"23104","ward_name":"西区","population":1489,"cell_fraction":1.0},"geometry":{"type":"Polygon","coordinates":[[[136.863333,35.211667],[136.8675,35.211667],[136.8675,35.215833],[136.863333,35.215833],[136.863333,35.211667]]]}},{"type":"Feature","properties":{"mesh_id":"mesh-0021-0046","ward_code":"23104","ward_name":"西区","population":1489,"cell_fraction":1.0},"geometry":{"type":"Polygon","coordinates":[[[136.8675,35.211667],[136.871667,35.211667],[136.871667,35.215833],[136.8675,35.215833],[136.8675,35.211667]]]}},{"type":"Feature","properties":{"mesh_id":"mesh-0022-0046","ward_code":"23104","ward_name":"西区","population":1489,"cell_fraction":1.0},"geometry":{"type":"Polygon","coordinates":[[[136.871667,35.211667],[136.875833,35.211667],[136.875833,35.215833],[136.871667,35.215833],[136.871667,35.211667]]]}},{"type":"Feature","properties":{"mesh_id":"mesh-0023-0046","ward_code":"23104","ward_name":"西区","population":1489,"cell_fraction":1.0},"geometry":{"type":"Polygon","coordinates":[[[136.875833,35.211667],[136.88,35.211667],[136.88,35.215833],[136.875833,35.215833],[136.875833,35.211667]]]}},{"type":"Feature","properties":{"mesh_id":"mesh-0024-0046","ward_code":"23104","ward_name":"西区","population":1489,"cell_fraction":1.0},"geometry":{"type":"Polygon","coordinates":[[[136.88,35.211667],[136.884167,35.211667],[136.884167,35.215833],[136.88,35.215833],[136.88,35.211667]]]}},{"type":"Feature","properties":{"mesh_id":"mesh-0025-0046","ward_code":"23104","ward_name":"西区","population":1489,"cell_fraction":1.0},"geometry":{"type":"Polygon","coordinates":[[[136.884167,35.211667],[136.888333,35.211667],[136.888333,35.215833],[136.884167,35.215833],[136.884167,35.211667]]]}},{"type":"Feature","properties":{"mesh_id":"mesh-0026-0046","ward_code":"23104","ward_name":"西区","population":1488,"cell_fraction":1.0},"geometry":{"type":"Polygon","coordinates":[[[136.888333,35.211667],[136.8925,35.211667],[136.8925,35.215833],[136.888333,35.215833],[136.888333,35.211667]]]}},{"type":"Feature","properties":{"mesh_id":"mesh-0027-0046","ward_code":"23104","ward_name":"西区","population":744,"cell_fraction":0.5},"geometry":{"type":"Polygon","coordinates":[[[136.8925,35.211667],[136.896667,35.211667],[136.896667,35.215833],[136.8925,35.215833],[136.8925,35.211667]]]}},{"type":"Feature","properties":{"mesh_id":"mesh-0018-0047","ward_code":"23104","ward_name":"西区","population":372,"cell_fraction":0.25},"geometry":{"type":"Polygon","coordinates":[[[136.855,35.215833],[136.859167,35.215833],[136.859167,35.22],[136.855,35.22],[136.855,35.215833]]]}},{"type":"Feature","properties":{"mesh_id":"mesh-0019-0047","ward_code":"23104","ward_name":"西区","population":1488,"cell_fraction":1.0},"geometry":{"type":"Polygon","coordinates":[[[136.859167,35.215833],[136.863333,35.215833],[136.863333,35.22],[136.859167,35.22],[136.859167,35.215833]]]}},{"type":"Feature","properties":{"mesh_id":"mesh-0020-0047","ward_code":"23104","ward_name":"西区","population":1488,"cell_fraction":1.0},"geometry":{"type":"Polygon","coordinates":[[[136.863333,35.215833],[136.8675,35.215833],[136.8675,35.22],[136.863333,35.22],[136.863333,35.215833]]]}},{"type":"Feature","properties":{"mesh_id":"mesh-0021-0047","ward_code":"23104","ward_name":"西区","population":1488,"cell_fraction":1.0},"geometry":{"type":"Polygon","coordinates":[[[136.8675,35.215833],[136.871667,35.215833],[136.871667,35.22],[136.8675,35.22],[136.8675,35.215833]]]}},{"type":"Feature","properties":{"mesh_id":"mesh-0022-0047","ward_code":"23104","ward_name":"西区","population":1488,"cell_fraction":1.0},"geometry":{"type":"Polygon","coordinates":[[[136.871667,35.215833],[136.875833,35.215833],[136.875833,35.22],[136.871667,35.22],[136.871667,35.215833]]]}},{"type":"Feature","properties":{"mesh_id":"mesh-0023-0047","ward_code":"23104","ward_name":"西区","population":1488,"cell_fraction":1.0},"geometry":{"type":"Polygon","coordinates":[[[136.875833,35.215833],[136.88,35.215833],[136.88,35.22],[136.875833,35.22],[136.875833,35.215833]]]}},{"type":"Feature","properties":{"mesh_id":"mesh-0024-0047","ward_code":"23104","ward_name":"西区","population":1488,"cell_fraction":1.0},"geometry":{"type":"Polygon","coordinates":[[[136.88,35.215833],[136.884167,35.215833],[136.884167,35.22],[136.88,35.22],[136.88,35.215833]]]}},{"type":"Feature","properties":{"mesh_id":"mesh-0025-0047","ward_code":"23104","ward_name":"西区","population":1488,"cell_fraction":1.0},"geometry":{"type":"Polygon","coordinates":[[[136.884167,35.215833],[136.888333,35.215833],[136.888333,35.22],[136.884167,35.22],[136.884167,35.215833]]]}},{"type":"Feature","properties":{"mesh_id":"mesh-0026-0047","ward_code":"23104","ward_name":"西区","population":1488,"cell_fraction":1.0},"geometry":{"type":"Polygon","coordinates":[[[136.888333,35.215833],[136.8925,35.215833],[136.8925,35.22],[136.888333,35.22],[136.888333,35.215833]]]}},{"type":"Feature","properties":{"mesh_id":"mesh-0027-0047","ward_code":"23104","ward_name":"西区","population":1488,"cell_fraction":1.0},"geometry":{"type":"Polygon","coordinates":[[[136.8925,35.215833],[136.896667,35.215833],[136.896667,35.22],[136.8925,35.22],[136.8925,35.215833]]]}},{"type":"Feature","properties":{"mesh_id":"mesh-0028-0047","ward_code":"23104","ward_name":"西区","population":1488,"cell_fraction":1.0},"geometry":{"type":"Polygon","coordinates":[[[136.896667,35.215833],[136.900833,35.215833],[136.900833,35.22],[136.896667,35.22],[136.896667,35.215833]]]}},{"type":"Feature","properties":{"mesh_id":"mesh-0029-0047","ward_code":"23104","ward_name":"西区","population":372,"cell_fraction":0.25},"geometry":{"type":"Polygon","coordinates":[[[136.900833,35.215833],[136.905,35.215833],[136.905,35.22],[136.900833,35.22],[136.900833,35.215833]]]}},{"type":"Feature","properties":{"mesh_id":"mesh-0018-0048","ward_code":"23104","ward_name":"西区","population":744,"cell_fraction":0.5},"geometry":{"type":"Polygon","coordinates":[[[136.855,35.22],[136.859167,35.22],[136.859167,35.224167],[136.855,35.224167],[136.855,35.22]]]}},{"type":"Feature","properties":{"mesh_id":"mesh-0019-0048","ward_code":"23104","ward_name":"西区","population":1488,"cell_fraction":1.0},"geometry":{"type":"Polygon","coordinates":[[[136.859167,35.22],[136.863333,35.22],[136.863333,35.224167],[136.859167,35.224167],[136.859167,35.22]]]}},{"type":"Feature","properties":{"mesh_id":"mesh-0020-0048","ward_code":"23104","ward_name":"西区","population":1488,"cell_fraction":1.0},"geometry":{"type":"Polygon","coordinates":[[[136.863333,35.22],[136.8675,35.22],[136.8675,35.224167],[136.863333,35.224167],[136.863333,35.22]]]}},{"type":"Feature","properties":{"mesh_id":"mesh-0021-0048","ward_code":"23104","ward_name":"西区","population":1488,"cell_fraction":1.0},"geometry":{"type":"Polygon","coordinates":[[[136.8675,35.22],[136.871667,35.22],[136.871667,35.224167],[136.8675,35.224167],[136.8675,35.22]]]}},{"type":"Feature","properties":{"mesh_id":"mesh-0022-0048","ward_code":"23104","ward_name":"西区","population":1488,"cell_fraction":1.0},"geometry":{"type":"Polygon","coordinates":[[[136.871667,35.22],[136.875833,35.22],[136.875833,35.224167],[136.871667,35.224167],[136.871667,35.22]]]}},{"type":"Feature","properties":{"mesh_id":"mesh-0023-0048","ward_code":"23104","ward_name":"西区","population":1488,"cell_fraction":1.0},"geometry":{"type":"Polygon","coordinates":[[[136.875833,35.22],[136.88,35.22],[136.88,35.224167],[136.875833,35.224167],[136.875833,35.22]]]}},{"type":"Feature","properties":{"mesh_id":"mesh-0024-0048","ward_code":"23104","ward_name":"西区","population":1488,"cell_fraction":1.0},"geometry":{"type":"Polygon","coordinates":[[[136.88,35.22],[136.884167,35.22],[136.884167,35.224167],[136.88,35.224167],[136.88,35.22]]]}},{"type":"Feature","properties":{"mesh_id":"mesh-0025-0048","ward_code":"23104","ward_name":"西区","population":1488,"cell_fraction":1.0},"geometry":{"type":"Polygon","coordinates":[[[136.884167,35.22],[136.888333,35.22],[136.888333,35.224167],[136.884167,35.224167],[136.884167,35.22]]]}},{"type":"Feature","properties":{"mesh_id":"mesh-0026-0048","ward_code":"23104","ward_name":"西区","population":1488,"cell_fraction":1.0},"geometry":{"type":"Polygon","coordinates":[[[136.888333,35.22],[136.8925,35.22],[136.8925,35.224167],[136.888333,35.224167],[136.888333,35.22]]]}},{"type":"Feature","properties":{"mesh_id":"mesh-0027-0048","ward_code":"23104","ward_name":"西区","population":1488,"cell_fraction":1.0},"geometry":{"type":"Polygon","coordinates":[[[136.8925,35.22],[136.896667,35.22],[136.896667,35.224167],[136.8925,35.224167],[136.8925,35.22]]]}},{"type":"Feature","properties":{"mesh_id":"mesh-0028-0048","ward_code":"23104","ward_name":"西区","population":1488,"cell_fraction":1.0},"geometry":{"type":"Polygon","coordinates":[[[136.896667,35.22],[136.900833,35.22],[136.900833,35.224167],[136.896667,35.224167],[136.896667,35.22]]]}},{"type":"Feature","properties":{"mesh_id":"mesh-0029-0048","ward_code":"23104","ward_name":"西区","population":1488,"cell_fraction":1.0},"geometry":{"type":"Polygon","coordinates":[[[136.900833,35.22],[136.905,35.22],[136.905,35.224167],[136.900833,35.224167],[136.900833,35.22]]]}},{"type":"Feature","properties":{"mesh_id":"mesh-0030-0048","ward_code":"23104","ward_name":"西区","population":744,"cell_fraction":0.5},"geometry":{"type":"Polygon","coordinates":[[[136.905,35.22],[136.909167,35.22],[136.909167,35.224167],[136.905,35.224167],[136.905,35.22]]]}},{"type":"Feature","properties":{"mesh_id":"mesh-0018-0049","ward_code":"23104","ward_name":"西区","population":1116,"cell_fraction":0.75},"geometry":{"type":"Polygon","coordinates":[[[136.855,35.224167],[136.859167,35.224167],[136.859167,35.228333],[136.855,35.228333],[136.855,35.224167]]]}},{"type":"Feature","properties":{"mesh_id":"mesh-0019-0049","ward_code":"23104","ward_name":"西区","population":1488,"cell_fraction":1.0},"geometry":{"type":"Polygon","coordinates":[[[136.859167,35.224167],[136.863333,35.224167],[136.863333,35.228333],[136.859167,35.228333],[136.859167,35.224167]]]}},{"type":"Feature","properties":{"mesh_id":"mesh-0020-0049","ward_code":"23104","ward_name":"西区","population":1488,"cell_fraction":1.0},"geometry":{"type":"Polygon","coordinates":[[[136.863333,35.224167],[136.8675,35.224167],[136.8675,35.228333],[136.863333,35.228333],[136.863333,35.224167]]]}},{"type":"Feature","properties":{"mesh_id":"mesh-0021-0049","ward_code":"23104","ward_name":"西区","population":1488,"cell_fraction":1.0},"geometry":{"type":"Polygon","coordinates":[[[136.8675,35.224167],[136.871667,35.224167],[136.871667,35.228333],[136.8675,35.228333],[136.8675,35.224167]]]}},{"type":"Feature","properties":{"mesh_id":"mesh-0022-0049","ward_code":"23104","ward_name":"西区","population":744,"cell_fraction":0.5},"geometry":{"type":"Polygon","coordinates":[[[136.871667,35.224167],[136.875833,35.224167],[136.875833,35.228333],[136.871667,35.228333],[136.871667,35.224167]]]}},{"type":"Feature","properties":{"mesh_id":"mesh-0023-0049","ward_code":"23104","ward_name":"西区","population":744,"cell_fraction":0.5},"geometry":{"type":"Polygon","coordinates":[[[136.875833,35.224167],[136.88,35.224167],[136.88,35.228333],[136.875833,35.228333],[136.875833,35.224167]]]}},{"type":"Feature","properties":{"mesh_id":"mesh-0024-0049","ward_code":"23104","ward_name":"西区","population":1116,"cell_fraction":0.75},"geometry":{"type":"Polygon","coordinates":[[[136.88,35.224167],[136.884167,35.224167],[136.884167,35.228333],[136.88,35.228333],[136.88,35.224167]]]}},{"type":"Feature","properties":{"mesh_id":"mesh-0025-0049","ward_code":"23104","ward_name":"西区","population":1488,"cell_fraction":1.0},"geometry":{"type":"Polygon","coordinates":[[[136.884167,35.224167],[136.888333,35.224167],[136.888333,35.228333],[136.884167,35.228333],[136.884167,35.224167]]]}},{"type":"Feature","properties":{"mesh_id":"mesh-0026-0049","ward_code":"23104","ward_name":"西区","population":1488,"cell_fraction":1.0},"geometry":{"type":"Polygon","coordinates":[[[136.888333,35.224167],[136.8925,35.224167],[136.8925,35.228333],[136.888333,35.228333],[136.888333,35.224167]]]}},{"type":"Feature","properties":{"mesh_id":"mesh-0027-0049","ward_code":"23104","ward_name":"西区","population":1488,"cell_fraction":1.0},"geometry":{"type":"Polygon","coordinates":[[[136.8925,35.224167],[136.896667,35.224167],[136.896667,35.228333],[136.8925,35.228333],[136.8925,35.224167]]]}},{"type":"Feature","properties":{"mesh_id":"mesh-0028-0049","ward_code":"23104","ward_name":"西区","population":1488,"cell_fraction":1.0},"geometry":{"type":"Polygon","coordinates":[[[136.896667,35.224167],[136.900833,35.224167],[136.900833,35.228333],[136.896667,35.228333],[136.896667,35.224167]]]}},{"type":"Feature","properties":{"mesh_id":"mesh-0029-0049","ward_code":"23104","ward_name":"西区","population":1116,"cell_fraction":0.75},"geometry":{"type":"Polygon","coordinates":[[[136.900833,35.224167],[136.905,35.224167],[136.905,35.228333],[136.900833,35.228333],[136.900833,35.224167]]]}},{"type":"Feature","properties":{"mesh_id":"mesh-0018-0050","ward_code":"23104","ward_name":"西区","population":744,"cell_fraction":0.5},"geometry":{"type":"Polygon","coordinates":[[[136.855,35.228333],[136.859167,35.228333],[136.859167,35.2325],[136.855,35.2325],[136.855,35.228333]]]}},{"type":"Feature","properties":{"mesh_id":"mesh-0019-0050","ward_code":"23104","ward_name":"西区","population":744,"cell_fraction":0.5},"geometry":{"type":"Polygon","coordinates":[[[136.859167,35.228333],[136.863333,35.228333],[136.863333,35.2325],[136.859167,35.2325],[136.859167,35.228333]]]}},{"type":"Feature","properties":{"mesh_id":"mesh-0020-0050","ward_code":"23104","ward_name":"西区","population":744,"cell_fraction":0.5},"geometry":{"type":"Polygon","coordinates":[[[136.863333,35.228333],[136.8675,35.228333],[136.8675,35.2325],[136.863333,35.2325],[136.863333,35.228333]]]}},{"type":"Feature","properties":{"mesh_id":"mesh-0021-0050","ward_code":"23104","ward_name":"西区","population":744,"cell_fraction":0.5},"geometry":{"type":"Polygon","coordinates":[[[136.8675,35.228333],[136.871667,35.228333],[136.871667,35.2325],[136.8675,35.2325],[136.8675,35.228333]]]}},{"type":"Feature","properties":{"mesh_id":"mesh-0022-0050","ward_code":"23104","ward_name":"西区","population":372,"cell_fraction":0.25},"geometry":{"type":"Polygon","coordinates":[[[136.871667,35.228333],[136.875833,35.228333],[136.875833,35.2325],[136.871667,35.2325],[136.871667,35.228333]]]}},{"type":"Feature","properties":{"mesh_id":"mesh-0025-0050","ward_code":"23104","ward_name":"西区","population":372,"cell_fraction":0.25},"geometry":{"type":"Polygon","coordinates":[[[136.884167,35.228333],[136.888333,35.228333],[136.888333,35.2325],[136.884167,35.2325],[136.884167,35.228333]]]}},{"type":"Feature","properties":{"mesh_id":"mesh-0026-0050","ward_code":"23104","ward_name":"西区","population":744,"cell_fraction":0.5},"geometry":{"type":"Polygon","coordinates":[[[136.888333,35.228333],[136.8925,35.228333],[136.8925,35.2325],[136.888333,35.2325],[136.888333,35.228333]]]}},{"type":"Feature","properties":{"mesh_id":"mesh-0027-0050","ward_code":"23104","ward_name":"西区","population":1488,"cell_fraction":1.0},"geometry":{"type":"Polygon","coordinates":[[[136.8925,35.228333],[136.896667,35.228333],[136.896667,35.2325],[136.8925,35.2325],[136.8925,35.228333]]]}},{"type":"Feature","properties":{"mesh_id":"mesh-0028-0050","ward_code":"23104","ward_name":"西区","population":1488,"cell_fraction":1.0},"geometry":{"type":"Polygon","coordinates":[[[136.896667,35.228333],[136.900833,35.228333],[136.900833,35.2325],[136.896667,35.2325],[136.896667,35.228333]]]}},{"type":"Feature","properties":{"mesh_id":"mesh-0029-0050","ward_code":"23104","ward_name":"西区","population":1488,"cell_fraction":1.0},"geometry":{"type":"Polygon","coordinates":[[[136.900833,35.228333],[136.905,35.228333],[136.905,35.2325],[136.900833,35.2325],[136.900833,35.228333]]]}},{"type":"Feature","properties":{"mesh_id":"mesh-0028-0051","ward_code":"23104","ward_name":"西区","population":744,"cell_fraction":0.5},"geometry":{"type":"Polygon","coordinates":[[[136.896667,35.2325],[136.900833,35.2325],[136.900833,35.236667],[136.896667,35.236667],[136.896667,35.2325]]]}},{"type":"Feature","properties":{"mesh_id":"mesh-0029-0051","ward_code":"23104","ward_name":"西区","population":372,"cell_fraction":0.25},"geometry":{"type":"Polygon","coordinates":[[[136.900833,35.2325],[136.905,35.2325],[136.905,35.236667],[136.900833,35.236667],[136.900833,35.2325]]]}},{"type":"Feature","properties":{"mesh_id":"mesh-0012-0030","ward_code":"23105","ward_name":"中村区","population":1479,"cell_fraction":1.0},"geometry":{"type":"Polygon","coordinates":[[[136.83,35.145],[136.834167,35.145],[136.834167,35.149167],[136.83,35.149167],[136.83,35.145]]]}},{"type":"Feature","properties":{"mesh_id":"mesh-0013-0030","ward_code":"23105","ward_name":"中村区","population":370,"cell_fraction":0.25},"geometry":{"type":"Polygon","coordinates":[[[136.834167,35.145],[136.838333,35.145],[136.838333,35.149167],[136.834167,35.149167],[136.834167,35.145]]]}},{"type":"Feature","properties":{"mesh_id":"mesh-0014-0030","ward_code":"23105","ward_name":"中村区","population":1109,"cell_fraction":0.75},"geometry":{"type":"Polygon","coordinates":[[[136.838333,35.145],[136.8425,35.145],[136.8425,35.149167],[136.838333,35.149167],[136.838333,35.145]]]}},{"type":"Feature","properties":{"mesh_id":"mesh-0015-0030","ward_code":"23105","ward_name":"中村区","population":739,"cell_fraction":0.5},"geometry":{"type":"Polygon","coordinates":[[[136.8425,35.145],[136.846667,35.145],[136.846667,35.149167],[136.8425,35.149167],[136.8425,35.145]]]}},{"type":"Feature","properties":{"mesh_id":"mesh-0016-0030","ward_code":"23105","ward_name":"中村区","population":739,"cell_fraction":0.5},"geometry":{"type":"Polygon","coordinates":[[[136.846667,35.145],[136.850833,35.145],[136.850833,35.149167],[136.846667,35.149167],[136.846667,35.145]]]}},{"type":"Feature","properties":{"mesh_id":"mesh-0012-0031","ward_code":"23105","ward_name":"中村区","population":739,"cell_fraction":0.5},"geometry":{"type":"Polygon","coordinates":[[[136.83,35.149167],[136.834167,35.149167],[136.834167,35.153333],[136.83,35.153333],[136.83,35.149167]]]}},{"type":"Feature","properties":{"mesh_id":"mesh-0013-0031","ward_code":"23105","ward_name":"中村区","population":1479,"cell_fraction":1.0},"geometry":{"type":"Polygon","coordinates":[[[136.834167,35.149167],[136.838333,35.149167],[136.838333,35.153333],[136.834167,35.153333],[136.834167,35.149167]]]}},{"type":"Feature","properties":{"mesh_id":"mesh-0014-0031","ward_code":"23105","ward_name":"中村区","population":1479,"cell_fraction":1.0},"geometry":{"type":"Polygon","coordinates":[[[136.838333,35.149167],[136.8425,35.149167],[136.8425,35.153333],[136.838333,35.153333],[136.838333,35.149167]]]}},{"type":"Feature","properties":{"mesh_id":"mesh-0015-0031","ward_code":"23105","ward_name":"中村区","population":1479,"cell_fraction":1.0},"geometry":{"type":"Polygon","coordinates":[[[136.8425,35.149167],[136.846667,35.149167],[136.846667,35.153333],[136.8425,35.153333],[136.8425,35.149167]]]}},{"type":"Feature","properties":{"mesh_id":"mesh-0016-0031","ward_code":"23105","ward_name":"中村区","population":1479,"cell_fraction":1.0},"geometry":{"type":"Polygon","coordinates":[[[136.846667,35.149167],[136.850833,35.149167],[136.850833,35.153333],[136.846667,35.153333],[136.846667,35.149167]]]}},{"type":"Feature","properties":{"mesh_id":"mesh-0017-0031","ward_code":"23105","ward_name":"中村区","population":1479,"cell_fraction":1.0},"geometry":{"type":"Polygon","coordinates":[[[136.850833,35.149167],[136.855,35.149167],[136.855,35.153333],[136.850833,35.153333],[136.850833,35.149167]]]}},{"type":"Feature","properties":{"mesh_id":"mesh-0018-0031","ward_code":"23105","ward_name":"中村区","population":1479,"cell_fraction":1.0},"geometry":{"type":"Polygon","coordinates":[[[136.855,35.149167],[136.859167,35.149167],[136.859167,35.153333],[136.855,35.153333],[136.855,35.149167]]]}},{"type":"Feature","properties":{"mesh_id":"mesh-0019-0031","ward_code":"23105","ward_name":"中村区","population":739,"cell_fraction":0.5},"geometry":{"type":"Polygon","coordinates":[[[136.859167,35.149167],[136.863333,35.149167],[136.863333,35.153333],[136.859167,35.153333],[136.859167,35.149167]]]}},{"type":"Feature","properties":{"mesh_id":"mesh-0014-0032","ward_code":"23105","ward_name":"中村区","population":1479,"cell_fraction":1.0},"geometry":{"type":"Polygon","coordinates":[[[136.838333,35.153333],[136.8425,35.153333],[136.8425,35.1575],[136.838333,35.1575],[136.838333,35.153333]]]}},{"type":"Feature","properties":{"mesh_id":"mesh-0015-0032","ward_code":"23105","ward_name":"中村区","population":1479,"cell_fraction":1.0},"geometry":{"type":"Polygon","coordinates":[[[136.8425,35.153333],[136.846667,35.153333],[136.846667,35.1575],[136.8425,35.1575],[136.8425,35.153333]]]}},{"type":"Feature","properties":{"mesh_id":"mesh-0016-0032","ward_code":"23105","ward_name":"中村区","population":1479,"cell_fraction":1.0},"geometry":{"type":"Polygon","coordinates":[[[136.846667,35.153333],[136.850833,35.153333],[136.850833,35.1575],[136.846667,35.1575],[136.846667,35.153333]]]}},{"type":"Feature","properties":{"mesh_id":"mesh-0017-0032","ward_code":"23105","ward_name":"中村区","population":1479,"cell_fraction":1.0},"geometry":{"type":"Polygon","coordinates":[[[136.850833,35.153333],[136.855,35.153333],[136.855,35.1575],[136.850833,35.1575],[136.850833,35.153333]]]}},{"type":"Feature","properties":{"mesh_id":"mesh-0018-0032","ward_code":"23105","ward_name":"中村区","population":1479,"cell_fraction":1.0},"geometry":{"type":"Polygon","coordinates":[[[136.855,35.153333],[136.859167,35.153333],[136.859167,35.1575],[136.855,35.1575],[136.855,35.153333]]]}},{"type":"Feature","properties":{"mesh_id":"mesh-0019-0032","ward_code":"23105","ward_name":"中村区","population":1479,"cell_fraction":1.0},"geometry":{"type":"Polygon","coordinates":[[[136.859167,35.153333],[136.863333,35.153333],[136.863333,35.1575],[136.859167,35.1575],[136.859167,35.153333]]]}},{"type":"Feature","properties":{"mesh_id":"mesh-0020-0032","ward_code":"23105","ward_name":"中村区","population":1479,"cell_fraction":1.0},"geometry":{"type":"Polygon","coordinates":[[[136.863333,35.153333],[136.8675,35.153333],[136.8675,35.1575],[136.863333,35.1575],[136.863333,35.153333]]]}},{"type":"Feature","properties":{"mesh_id":"mesh-0021-0032","ward_code":"23105","ward_name":"中村区","population":739,"cell_fraction":0.5},"geometry":{"type":"Polygon","coordinates":[[[136.8675,35.153333],[136.871667,35.153333],[136.871667,35.1575],[136.8675,35.1575],[136.8675,35.153333]]]}},{"type":"Feature","properties":{"mesh_id":"mesh-0022-0032","ward_code":"23105","ward_name":"中村区","population":370,"cell_fraction":0.25},"geometry":{"type":"Polygon","coordinates":[[[136.871667,35.153333],[136.875833,35.153333],[136.875833,35.1575],[136.871667,35.1575],[136.871667,35.153333]]]}},{"type":"Feature","properties":{"mesh_id":"mesh-0013-0033","ward_code":"23105","ward_name":"中村区","population":1109,"cell_fraction":0.75},"geometry":{"type":"Polygon","coordinates":[[[136.834167,35.1575],[136.838333,35.1575],[136.838333,35.161667],[136.834167,35.161667],[136.834167,35.1575]]]}},{"type":"Feature","properties":{"mesh_id":"mesh-0014-0033","ward_code":"23105","ward_name":"中村区","population":1479,"cell_fraction":1.0},"geometry":{"type":"Polygon","coordinates":[[[136.838333,35.1575],[136.8425,35.1575],[136.8425,35.161667],[136.838333,35.161667],[136.838333,35.1575]]]}},{"type":"Feature","properties":{"mesh_id":"mesh-0015-0033","ward_code":"23105","ward_name":"中村区","population":1479,"cell_fraction":1.0},"geometry":{"type":"Polygon","coordinates":[[[136.8425,35.1575],[136.846667,35.1575],[136.846667,35.161667],[136.8425,35.161667],[136.8425,35.1575]]]}},{"type":"Feature","properties":{"mesh_id":"mesh-0016-0033","ward_code":"23105","ward_name":"中村区","population":1479,"cell_fraction":1.0},"geometry":{"type":"Polygon","coordinates":[[[136.846667,35.1575],[136.850833,35.1575],[136.850833,35.161667],[136.846667,35.161667],[136.846667,35.1575]]]}},{"type":"Feature","properties":{"mesh_id":"mesh-0017-0033","ward_code":"23105","ward_name":"中村区","population":1479,"cell_fraction":1.0},"geometry":{"type":"Polygon","coordinates":[[[136.850833,35.1575],[136.855,35.1575],[136.855,35.161667],[136.850833,35.161667],[136.850833,35.1575]]]}},{"type":"Feature","properties":{"mesh_id":"mesh-0018-0033","ward_code":"23105","ward_name":"中村区","population":1479,"cell_fraction":1.0},"geometry":{"type":"Polygon","coordinates":[[[136.855,35.1575],[136.859167,35.1575],[136.859167,35.161667],[136.855,35.161667],[136.855,35.1575]]]}},{"type":"Feature","properties":{"mesh_id":"mesh-0019-0033","ward_code":"23105","ward_name":"中村区","population":1479,"cell_fraction":1.0},"geometry":{"type":"Polygon","coordinates":[[[136.859167,35.1575],[136.863333,35.1575],[136.863333,35.161667],[136.859167,35.161667],[136.859167,35.1575]]]}},{"type":"Feature","properties":{"mesh_id":"mesh-0020-0033","ward_code":"23105","ward_name":"中村区","population":1479,"cell_fraction":1.0},"geometry":{"type":"Polygon","coordinates":[[[136.863333,35.1575],[136.8675,35.1575],[136.8675,35.161667],[136.863333,35.161667],[136.863333,35.1575]]]}},{"type":"Feature","properties":{"mesh_id":"mesh-0021-0033","ward_code":"23105","ward_name":"中村区","population":1479,"cell_fraction":1.0},"geometry":{"type":"Polygon","coordinates":[[[136.8675,35.1575],[136.871667,35.1575],[136.871667,35.161667],[136.8675,35.161667],[136.8675,35.1575]]]}},{"type":"Feature","properties":{"mesh_id":"mesh-0022-0033","ward_code":"23105","ward_name":"中村区","population":1479,"cell_fraction":1.0},"geometry":{"type":"Polygon","coordinates":[[[136.871667,35.1575],[136.875833,35.1575],[136.875833,35.161667],[136.871667,35.161667],[136.871667,35.1575]]]}},{"type":"Feature","properties":{"mesh_id":"mesh-0023-0033","ward_code":"23105","ward_name":"中村区","population":1109,"cell_fraction":0.75},"geometry":{"type":"Polygon","coordinates":[[[136.875833,35.1575],[136.88,35.1575],[136.88,35.161667],[136.875833,35.161667],[136.875833,35.1575]]]}},{"type":"Feature","properties":{"mesh_id":"mesh-0024-0033","ward_code":"23105","ward_name":"中村区","population":739,"cell_fraction":0.5},"geometry":{"type":"Polygon","coordinates":[[[136.88,35.1575],[136.884167,35.1575],[136.884167,35.161667],[136.88,35.161667],[136.88,35.1575]]]}},{"type":"Feature","properties":{"mesh_id":"mesh-0025-0033","ward_code":"23105","ward_name":"中村区","population":739,"cell_fraction":0.5},"geometry":{"type":"Polygon","coordinates":[[[136.884167,35.1575],[136.888333,35.1575],[136.888333,35.161667],[136.884167,35.161667],[136.884167,35.1575]]]}},{"type":"Feature","properties":{"mesh_id":"mesh-0026-0033","ward_code":"23105","ward_name":"中村区","population":1479,"cell_fraction":1.0},"geometry":{"type":"Polygon","coordinates":[[[136.888333,35.1575],[136.8925,35.1575],[136.8925,35.161667],[136.888333,35.161667],[136.888333,35.1575]]]}},{"type":"Feature","properties":{"mesh_id":"mesh-0013-0034","ward_code":"23105","ward_name":"中村区","population":1479,"cell_fraction":1.0},"geometry":{"type":"Polygon","coordinates":[[[136.834167,35.161667],[136.838333,35.161667],[136.838333,35.165833],[136.834167,35.165833],[136.834167,35.161667]]]}},{"type":"Feature","properties":{"mesh_id":"mesh-0014-0034","ward_code":"23105","ward_name":"中村区","population":1479,"cell_fraction":1.0},"geometry":{"type":"Polygon","coordinates":[[[136.838333,35.161667],[136.8425,35.161667],[136.8425,35.165833],[136.838333,35.165833],[136.838333,35.161667]]]}},{"type":"Feature","properties":{"mesh_id":"mesh-0015-0034","ward_code":"23105","ward_name":"中村区","population":1479,"cell_fraction":1.0},"geometry":{"type":"Polygon","coordinates":[[[136.8425,35.161667],[136.846667,35.161667],[136.846667,35.165833],[136.8425,35.165833],[136.8425,35.161667]]]}},{"type":"Feature","properties":{"mesh_id":"mesh-0016-0034","ward_code":"23105","ward_name":"中村区","population":1479,"cell_fraction":1.0},"geometry":{"type":"Polygon","coordinates":[[[136.846667,35.161667],[136.850833,35.161667],[136.850833,35.165833],[136.846667,35.165833],[136.846667,35.161667]]]}},{"type":"Feature","properties":{"mesh_id":"mesh-0017-0034","ward_code":"23105","ward_name":"中村区","population":1478,"cell_fraction":1.0},"geometry":{"type":"Polygon","coordinates":[[[136.850833,35.161667],[136.855,35.161667],[136.855,35.165833],[136.850833,35.165833],[136.850833,35.161667]]]}},{"type":"Feature","properties":{"mesh_id":"mesh-0018-0034","ward_code":"23105","ward_name":"中村区","population":1478,"cell_fraction":1.0},"geometry":{"type":"Polygon","coordinates":[[[136.855,35.161667],[136.859167,35.161667],[136.859167,35.165833],[136.855,35.165833],[136.855,35.161667]]]}},{"type":"Feature","properties":{"mesh_id":"mesh-0019-0034","ward_code":"23105","ward_name":"中村区","population":1478,"cell_fraction":1.0},"geometry":{"type":"Polygon","coordinates":[[[136.859167,35.161667],[136.863333,35.161667],[136.863333,35.165833],[136.859167,35.165833],[136.859167,35.161667]]]}},{"type":"Feature","properties":{"mesh_id":"mesh-0020-0034","ward_code":"23105","ward_name":"中村区","population":1478,"cell_fraction":1.0},"geometry":{"type":"Polygon","coordinates":[[[136.863333,35.161667],[136.8675,35.161667],[136.8675,35.165833],[136.863333,35.165833],[136.863333,35.161667]]]}},{"type":"Feature","properties":{"mesh_id":"mesh-0021-0034","ward_code":"23105","ward_name":"中村区","population":1478,"cell_fraction":1.0},"geometry":{"type":"Polygon","coordinates":[[[136.8675,35.161667],[136.871667,35.161667],[136.871667,35.165833],[136.8675,35.165833],[136.8675,35.161667]]]}},{"type":"Feature","properties":{"mesh_id":"mesh-0022-0034","ward_code":"23105","ward_name":"中村区","population":1478,"cell_fraction":1.0},"geometry":{"type":"Polygon","coordinates":[[[136.871667,35.161667],[136.875833,35.161667],[136.875833,35.165833],[136.871667,35.165833],[136.871667,35.161667]]]}},{"type":"Feature","properties":{"mesh_id":"mesh-0023-0034","ward_code":"23105","ward_name":"中村区","population":1478,"cell_fraction":1.0},"geometry":{"type":"Polygon","coordinates":[[[136.875833,35.161667],[136.88,35.161667],[136.88,35.165833],[136.875833,35.165833],[136.875833,35.161667]]]}},{"type":"Feature","properties":{"mesh_id":"mesh-0024-0034","ward_code":"23105","ward_name":"中村区","population":1478,"cell_fraction":1.0},"geometry":{"type":"Polygon","coordinates":[[[136.88,35.161667],[136.884167,35.161667],[136.884167,35.165833],[136.88,35.165833],[136.88,35.161667]]]}},{"type":"Feature","properties":{"mesh_id":"mesh-0025-0034","ward_code":"23105","ward_name":"中村区","population":1109,"cell_fraction":0.75},"geometry":{"type":"Polygon","coordinates":[[[136.884167,35.161667],[136.888333,35.161667],[136.888333,35.165833],[136.884167,35.165833],[136.884167,35.161667]]]}},{"type":"Feature","properties":{"mesh_id":"mesh-0026-0034","ward_code":"23105","ward_name":"中村区","population":1478,"cell_fraction":1.0},"geometry":{"type":"Polygon","coordinates":[[[136.888333,35.161667],[136.8925,35.161667],[136.8925,35.165833],[136.888333,35.165833],[136.888333,35.161667]]]}},{"type":"Feature","properties":{"mesh_id":"mesh-0013-0035","ward_code":"23105","ward_name":"中村区","population":1478,"cell_fraction":1.0},"geometry":{"type":"Polygon","coordinates":[[[136.834167,35.165833],[136.838333,35.165833],[136.838333,35.17],[136.834167,35.17],[136.834167,35.165833]]]}},{"type":"Feature","properties":{"mesh_id":"mesh-0014-0035","ward_code":"23105","ward_name":"中村区","population":1478,"cell_fraction":1.0},"geometry":{"type":"Polygon","coordinates":[[[136.838333,35.165833],[136.8425,35.165833],[136.8425,35.17],[136.838333,35.17],[136.838333,35.165833]]]}},{"type":"Feature","properties":{"mesh_id":"mesh-0015-0035","ward_code":"23105","ward_name":"中村区","population":1478,"cell_fraction":1.0},"geometry":{"type":"Polygon","coordinates":[[[136.8425,35.165833],[136.846667,35.165833],[136.846667,35.17],[136.8425,35.17],[136.8425,35.165833]]]}},{"type":"Feature","properties":{"mesh_id":"mesh-0016-0035","ward_code":"23105","ward_name":"中村区","population":1478,"cell_fraction":1.0},"geometry":{"type":"Polygon","coordinates":[[[136.846667,35.165833],[136.850833,35.165833],[136.850833,35.17],[136.846667,35.17],[136.846667,35.165833]]]}},{"type":"Feature","properties":{"mesh_id":"mesh-0017-0035","ward_code":"23105","ward_name":"中村区","population":1478,"cell_fraction":1.0},"geometry":{"type":"Polygon","coordinates":[[[136.850833,35.165833],[136.855,35.165833],[136.855,35.17],[136.850833,35.17],[136.850833,35.165833]]]}},{"type":"Feature","properties":{"mesh_id":"mesh-0018-0035","ward_code":"23105","ward_name":"中村区","population":1478,"cell_fraction":1.0},"geometry":{"type":"Polygon","coordinates":[[[136.855,35.165833],[136.859167,35.165833],[136.859167,35.17],[136.855,35.17],[136.855,35.165833]]]}},{"type":"Feature","properties":{"mesh_id":"mesh-0019-0035","ward_code":"23105","ward_name":"中村区","population":1478,"cell_fraction":1.0},"geometry":{"type":"Polygon","coordinates":[[[136.859167,35.165833],[136.863333,35.165833],[136.863333,35.17],[136.859167,35.17],[136.859167,35.165833]]]}},{"type":"Feature","properties":{"mesh_id":"mesh-0020-0035","ward_code":"23105","ward_name":"中村区","population":1478,"cell_fraction":1.0},"geometry":{"type":"Polygon","coordinates":[[[136.863333,35.165833],[136.8675,35.165833],[136.8675,35.17],[136.863333,35.17],[136.863333,35.165833]]]}},{"type":"Feature","properties":{"mesh_id":"mesh-0021-0035","ward_code":"23105","ward_name":"中村区","population":1478,"cell_fraction":1.0},"geometry":{"type":"Polygon","coordinates":[[[136.8675,35.165833],[136.871667,35.165833],[136.871667,35.17],[136.8675,35.17],[136.8675,35.165833]]]}},{"type":"Feature","properties":{"mesh_id":"mesh-0022-0035","ward_code":"23105","ward_name":"中村区","population":1478,"cell_fraction":1.0},"geometry":{"type":"Polygon","coordinates":[[[136.871667,35.165833],[136.875833,35.165833],[136.875833,35.17],[136.871667,35.17],[136.871667,35.165833]]]}},{"type":"Feature","properties":{"mesh_id":"mesh-0023-0035","ward_code":"23105","ward_name":"中村区","population":1478,"cell_fraction":1.0},"geometry":{"type":"Polygon","coordinates":[[[136.875833,35.165833],[136.88,35.165833],[136.88,35.17],[136.875833,35.17],[136.875833,35.165833]]]}},{"type":"Feature","properties":{"mesh_id":"mesh-0024-0035","ward_code":"23105","ward_name":"中村区","population":1478,"cell_fraction":1.0},"geometry":{"type":"Polygon","coordinates":[[[136.88,35.165833],[136.884167,35.165833],[136.884167,35.17],[136.88,35.17],[136.88,35.165833]]]}},{"type":"Feature","properties":{"mesh_id":"mesh-0025-0035","ward_code":"23105","ward_name":"中村区","population":1478,"cell_fraction":1.0},"geometry":{"type":"Polygon","coordinates":[[[136.884167,35.165833],[136.888333,35.165833],[136.888333,35.17],[136.884167,35.17],[136.884167,35.165833]]]}},{"type":"Feature","properties":{"mesh_id":"mesh-0026-0035","ward_code":"23105","ward_name":"中村区","population":1478,"cell_fraction":1.0},"geometry":{"type":"Polygon","coordinates":[[[136.888333,35.165833],[136.8925,35.165833],[136.8925,35.17],[136.888333,35.17],[136.888333,35.165833]]]}},{"type":"Feature","properties":{"mesh_id":"mesh-0014-0036","ward_code":"23105","ward_name":"中村区","population":1109,"cell_fraction":0.75},"geometry":{"type":"Polygon","coordinates":[[[136.838333,35.17],[136.8425,35.17],[136.8425,35.174167],[136.838333,35.174167],[136.838333,35.17]]]}},{"type":"Feature","properties":{"mesh_id":"mesh-0015-0036","ward_code":"23105","ward_name":"中村区","population":1478,"cell_fraction":1.0},"geometry":{"type":"Polygon","coordinates":[[[136.8425,35.17],[136.846667,35.17],[136.846667,35.174167],[136.8425,35.174167],[136.8425,35.17]]]}},{"type":"Feature","properties":{"mesh_id":"mesh-0016-0036","ward_code":"23105","ward_name":"中村区","population":1478,"cell_fraction":1.0},"geometry":{"type":"Polygon","coordinates":[[[136.846667,35.17],[136.850833,35.17],[136.850833,35.174167],[136.846667,35.174167],[136.846667,35.17]]]}},{"type":"Feature","properties":{"mesh_id":"mesh-0017-0036","ward_code":"23105","ward_name":"中村区","population":1478,"cell_fraction":1.0},"geometry":{"type":"Polygon","coordinates":[[[136.850833,35.17],[136.855,35.17],[136.855,35.174167],[136.850833,35.174167],[136.850833,35.17]]]}},{"type":"Feature","properties":{"mesh_id":"mesh-0018-0036","ward_code":"23105","ward_name":"中村区","population":1478,"cell_fraction":1.0},"geometry":{"type":"Polygon","coordinates":[[[136.855,35.17],[136.859167,35.17],[136.859167,35.174167],[136.855,35.174167],[136.855,35.17]]]}},{"type":"Feature","properties":{"mesh_id":"mesh-0019-0036","ward_code":"23105","ward_name":"中村区","population":1478,"cell_fraction":1.0},"geometry":{"type":"Polygon","coordinates":[[[136.859167,35.17],[136.863333,35.17],[136.863333,35.174167],[136.859167,35.174167],[136.859167,35.17]]]}},{"type":"Feature","properties":{"mesh_id":"mesh-0020-0036","ward_code":"23105","ward_name":"中村区","population":1478,"cell_fraction":1.0},"geometry":{"type":"Polygon","coordinates":[[[136.863333,35.17],[136.8675,35.17],[136.8675,35.174167],[136.863333,35.174167],[136.863333,35.17]]]}},{"type":"Feature","properties":{"mesh_id":"mesh-0021-0036","ward_code":"23105","ward_name":"中村区","population":1478,"cell_fraction":1.0},"geometry":{"type":"Polygon","coordinates":[[[136.8675,35.17],[136.871667,35.17],[136.871667,35.174167],[136.8675,35.174167],[136.8675,35.17]]]}},{"type":"Feature","properties":{"mesh_id":"mesh-0022-0036","ward_code":"23105","ward_name":"中村区","population":1478,"cell_fraction":1.0},"geometry":{"type":"Polygon","coordinates":[[[136.871667,35.17],[136.875833,35.17],[136.875833,35.174167],[136.871667,35.174167],[136.871667,35.17]]]}},{"type":"Feature","properties":{"mesh_id":"mesh-0023-0036","ward_code":"23105","ward_name":"中村区","population":1478,"cell_fraction":1.0},"geometry":{"type":"Polygon","coordinates":[[[136.875833,35.17],[136.88,35.17],[136.88,35.174167],[136.875833,35.174167],[136.875833,35.17]]]}},{"type":"Feature","properties":{"mesh_id":"mesh-0024-0036","ward_code":"23105","ward_name":"中村区","population":1109,"cell_fraction":0.75},"geometry":{"type":"Polygon","coordinates":[[[136.88,35.17],[136.884167,35.17],[136.884167,35.174167],[136.88,35.174167],[136.88,35.17]]]}},{"type":"Feature","properties":{"mesh_id":"mesh-0025-0036","ward_code":"23105","ward_name":"中村区","population":1478,"cell_fraction":1.0},"geometry":{"type":"Polygon","coordinates":[[[136.884167,35.17],[136.888333,35.17],[136.888333,35.174167],[136.884167,35.174167],[136.884167,35.17]]]}},{"type":"Feature","properties":{"mesh_id":"mesh-0026-0036","ward_code":"23105","ward_name":"中村区","population":1478,"cell_fraction":1.0},"geometry":{"type":"Polygon","coordinates":[[[136.888333,35.17],[136.8925,35.17],[136.8925,35.174167],[136.888333,35.174167],[136.888333,35.17]]]}},{"type":"Feature","properties":{"mesh_id":"mesh-0015-0037","ward_code":"23105","ward_name":"中村区","population":1109,"cell_fraction":0.75},"geometry":{"type":"Polygon","coordinates":[[[136.8425,35.174167],[136.846667,35.174167],[136.846667,35.178333],[136.8425,35.178333],[136.8425,35.174167]]]}},{"type":"Feature","properties":{"mesh_id":"mesh-0016-0037","ward_code":"23105","ward_name":"中村区","population":1478,"cell_fraction":1.0},"geometry":{"type":"Polygon","coordinates":[[[136.846667,35.174167],[136.850833,35.174167],[136.850833,35.178333],[136.846667,35.178333],[136.846667,35.174167]]]}},{"type":"Feature","properties":{"mesh_id":"mesh-0017-0037","ward_code":"23105","ward_name":"中村区","population":1478,"cell_fraction":1.0},"geometry":{"type":"Polygon","coordinates":[[[136.850833,35.174167],[136.855,35.174167],[136.855,35.178333],[136.850833,35.178333],[136.850833,35.174167]]]}},{"type":"Feature","properties":{"mesh_id":"mesh-0018-0037","ward_code":"23105","ward_name":"中村区","population":1478,"cell_fraction":1.0},"geometry":{"type":"Polygon","coordinates":[[[136.855,35.174167],[136.859167,35.174167],[136.859167,35.178333],[136.855,35.178333],[136.855,35.174167]]]}},{"type":"Feature","properties":{"mesh_id":"mesh-0019-0037","ward_code":"23105","ward_name":"中村区","population":1478,"cell_fraction":1.0},"geometry":{"type":"Polygon","coordinates":[[[136.859167,35.174167],[136.863333,35.174167],[136.863333,35.178333],[136.859167,35.178333],[136.859167,35.174167]]]}},{"type":"Feature","properties":{"mesh_id":"mesh-0020-0037","ward_code":"23105","ward_name":"中村区","population":1478,"cell_fraction":1.0},"geometry":{"type":"Polygon","coordinates":[[[136.863333,35.174167],[136.8675,35.174167],[136.8675,35.178333],[136.863333,35.178333],[136.863333,35.174167]]]}},{"type":"Feature","properties":{"mesh_id":"mesh-0021-0037","ward_code":"23105","ward_name":"中村区","population":1478,"cell_fraction":1.0},"geometry":{"type":"Polygon","coordinates":[[[136.8675,35.174167],[136.871667,35.174167],[136.871667,35.178333],[136.8675,35.178333],[136.8675,35.174167]]]}},{"type":"Feature","properties":{"mesh_id":"mesh-0022-0037","ward_code":"23105","ward_name":"中村区","population":1478,"cell_fraction":1.0},"geometry":{"type":"Polygon","coordinates":[[[136.871667,35.174167],[136.875833,35.174167],[136.875833,35.178333],[136.871667,35.178333],[136.871667,35.174167]]]}},{"type":"Feature","properties":{"mesh_id":"mesh-0023-0037","ward_code":"23105","ward_name":"中村区","population":1109,"cell_fraction":0.75},"geometry":{"type":"Polygon","coordinates":[[[136.875833,35.174167],[136.88,35.174167],[136.88,35.178333],[136.875833,35.178333],[136.875833,35.174167]]]}},{"type":"Feature","properties":{"mesh_id":"mesh-0024-0037","ward_code":"23105","ward_name":"中村区","population":370,"cell_fraction":0.25},"geometry":{"type":"Polygon","coordinates":[[[136.88,35.174167],[136.884167,35.174167],[136.884167,35.178333],[136.88,35.178333],[136.88,35.174167]]]}},{"type":"Feature","properties":{"mesh_id":"mesh-0025-0037","ward_code":"23105","ward_name":"中村区","population":370,"cell_fraction":0.25},"geometry":{"type":"Polygon","coordinates":[[[136.884167,35.174167],[136.888333,35.174167],[136.888333,35.178333],[136.884167,35.178333],[136.884167,35.174167]]]}},{"type":"Feature","properties":{"mesh_id":"mesh-0016-0038","ward_code":"23105","ward_name":"中村区","population":1109,"cell_fraction":0.75},"geometry":{"type":"Polygon","coordinates":[[[136.846667,35.178333],[136.850833,35.178333],[136.850833,35.1825],[136.846667,35.1825],[136.846667,35.178333]]]}},{"type":"Feature","properties":{"mesh_id":"mesh-0017-0038","ward_code":"23105","ward_name":"中村区","population":1478,"cell_fraction":1.0},"geometry":{"type":"Polygon","coordinates":[[[136.850833,35.178333],[136.855,35.178333],[136.855,35.1825],[136.850833,35.1825],[136.850833,35.178333]]]}},{"type":"Feature","properties":{"mesh_id":"mesh-0018-0038","ward_code":"23105","ward_name":"中村区","population":1478,"cell_fraction":1.0},"geometry":{"type":"Polygon","coordinates":[[[136.855,35.178333],[136.859167,35.178333],[136.859167,35.1825],[136.855,35.1825],[136.855,35.178333]]]}},{"type":"Feature","properties":{"mesh_id":"mesh-0019-0038","ward_code":"23105","ward_name":"中村区","population":1478,"cell_fraction":1.0},"geometry":{"type":"Polygon","coordinates":[[[136.859167,35.178333],[136.863333,35.178333],[136.863333,35.1825],[136.859167,35.1825],[136.859167,35.178333]]]}},{"type":"Feature","properties":{"mesh_id":"mesh-0020-0038","ward_code":"23105","ward_name":"中村区","population":1478,"cell_fraction":1.0},"geometry":{"type":"Polygon","coordinates":[[[136.863333,35.178333],[136.8675,35.178333],[136.8675,35.1825],[136.863333,35.1825],[136.863333,35.178333]]]}},{"type":"Feature","properties":{"mesh_id":"mesh-0021-0038","ward_code":"23105","ward_name":"中村区","population":1478,"cell_fraction":1.0},"geometry":{"type":"Polygon","coordinates":[[[136.8675,35.178333],[136.871667,35.178333],[136.871667,35.1825],[136.8675,35.1825],[136.8675,35.178333]]]}},{"type":"Feature","properties":{"mesh_id":"mesh-0022-0038","ward_code":"23105","ward_name":"中村区","population":1478,"cell_fraction":1.0},"geometry":{"type":"Polygon","coordinates":[[[136.871667,35.178333],[136.875833,35.178333],[136.875833,35.1825],[136.871667,35.1825],[136.871667,35.178333]]]}},{"type":"Feature","properties":{"mesh_id":"mesh-0023-0038","ward_code":"23105","ward_name":"中村区","population":370,"cell_fraction":0.25},"geometry":{"type":"Polygon","coordinates":[[[136.875833,35.178333],[136.88,35.178333],[136.88,35.1825],[136.875833,35.1825],[136.875833,35.178333]]]}},{"type":"Feature","properties":{"mesh_id":"mesh-0017-0039","ward_code":"23105","ward_name":"中村区","population":1109,"cell_fraction":0.75},"geometry":{"type":"Polygon","coordinates":[[[136.850833,35.1825],[136.855,35.1825],[136.855,35.186667],[136.850833,35.186667],[136.850833,35.1825]]]}},{"type":"Feature","properties":{"mesh_id":"mesh-0018-0039","ward_code":"23105","ward_name":"中村区","population":1478,"cell_fraction":1.0},"geometry":{"type":"Polygon","coordinates":[[[136.855,35.1825],[136.859167,35.1825],[136.859167,35.186667],[136.855,35.186667],[136.855,35.1825]]]}},{"type":"Feature","properties":{"mesh_id":"mesh-0019-0039","ward_code":"23105","ward_name":"中村区","population":1478,"cell_fraction":1.0},"geometry":{"type":"Polygon","coordinates":[[[136.859167,35.1825],[136.863333,35.1825],[136.863333,35.186667],[136.859167,35.186667],[136.859167,35.1825]]]}},{"type":"Feature","properties":{"mesh_id":"mesh-0020-0039","ward_code":"23105","ward_name":"中村区","population":1478,"cell_fraction":1.0},"geometry":{"type":"Polygon","coordinates":[[[136.863333,35.1825],[136.8675,35.1825],[136.8675,35.186667],[136.863333,35.186667],[136.863333,35.1825]]]}},{"type":"Feature","properties":{"mesh_id":"mesh-0021-0039","ward_code":"23105","ward_name":"中村区","population":1109,"cell_fraction":0.75},"geometry":{"type":"Polygon","coordinates":[[[136.8675,35.1825],[136.871667,35.1825],[136.871667,35.186667],[136.8675,35.186667],[136.8675,35.1825]]]}},{"type":"Feature","properties":{"mesh_id":"mesh-0022-0039","ward_code":"23105","ward_name":"中村区","population":370,"cell_fraction":0.25},"geometry":{"type":"Polygon","coordinates":[[[136.871667,35.1825],[136.875833,35.1825],[136.875833,35.186667],[136.871667,35.186667],[136.871667,35.1825]]]}},{"type":"Feature","properties":{"mesh_id":"mesh-0018-0040","ward_code":"23105","ward_name":"中村区","population":739,"cell_fraction":0.5},"geometry":{"type":"Polygon","coordinates":[[[136.855,35.186667],[136.859167,35.186667],[136.859167,35.190833],[136.855,35.190833],[136.855,35.186667]]]}},{"type":"Feature","properties":{"mesh_id":"mesh-0019-0040","ward_code":"23105","ward_name":"中村区","population":1478,"cell_fraction":1.0},"geometry":{"type":"Polygon","coordinates":[[[136.859167,35.186667],[136.863333,35.186667],[136.863333,35.190833],[136.859167,35.190833],[136.859167,35.186667]]]}},{"type":"Feature","properties":{"mesh_id":"mesh-0020-0040","ward_code":"23105","ward_name":"中村区","population":1478,"cell_fraction":1.0},"geometry":{"type":"Polygon","coordinates":[[[136.863333,35.186667],[136.8675,35.186667],[136.8675,35.190833],[136.863333,35.190833],[136.863333,35.186667]]]}},{"type":"Feature","properties":{"mesh_id":"mesh-0027-0029","ward_code":"23106","ward_name":"中区","population":435,"cell_fraction":0.25},"geometry":{"type":"Polygon","coordinates":[[[136.8925,35.140833],[136.896667,35.140833],[136.896667,35.145],[136.8925,35.145],[136.8925,35.140833]]]}},{"type":"Feature","properties":{"mesh_id":"mesh-0028-0029","ward_code":"23106","ward_name":"中区","population":870,"cell_fraction":0.5},"geometry":{"type":"Polygon","coordinates":[[[136.896667,35.140833],[136.900833,35.140833],[136.900833,35.145],[136.896667,35.145],[136.896667,35.140833]]]}},{"type":"Feature","properties":{"mesh_id":"mesh-0029-0029","ward_code":"23106","ward_name":"中区","population":870,"cell_fraction":0.5},"geometry":{"type":"Polygon","coordinates":[[[136.900833,35.140833],[136.905,35.140833],[136.905,35.145],[136.900833,35.145],[136.900833,35.140833]]]}},{"type":"Feature","properties":{"mesh_id":"mesh-0030-0029","ward_code":"23106","ward_name":"中区","population":870,"cell_fraction":0.5},"geometry":{"type":"Polygon","coordinates":[[[136.905,35.140833],[136.909167,35.140833],[136.909167,35.145],[136.905,35.145],[136.905,35.140833]]]}},{"type":"Feature","properties":{"mesh_id":"mesh-0031-0029","ward_code":"23106","ward_name":"中区","population":435,"cell_fraction":0.25},"geometry":{"type":"Polygon","coordinates":[[[136.909167,35.140833],[136.913333,35.140833],[136.913333,35.145],[136.909167,35.145],[136.909167,35.140833]]]}},{"type":"Feature","properties":{"mesh_id":"mesh-0027-0030","ward_code":"23106","ward_name":"中区","population":870,"cell_fraction":0.5},"geometry":{"type":"Polygon","coordinates":[[[136.8925,35.145],[136.896667,35.145],[136.896667,35.149167],[136.8925,35.149167],[136.8925,35.145]]]}},{"type":"Feature","properties":{"mesh_id":"mesh-0028-0030","ward_code":"23106","ward_name":"中区","population":1741,"cell_fraction":1.0},"geometry":{"type":"Polygon","coordinates":[[[136.896667,35.145],[136.900833,35.145],[136.900833,35.149167],[136.896667,35.149167],[136.896667,35.145]]]}},{"type":"Feature","properties":{"mesh_id":"mesh-0029-0030","ward_code":"23106","ward_name":"中区","population":1741,"cell_fraction":1.0},"geometry":{"type":"Polygon","coordinates":[[[136.900833,35.145],[136.905,35.145],[136.905,35.149167],[136.900833,35.149167],[136.900833,35.145]]]}},{"type":"Feature","properties":{"mesh_id":"mesh-0030-0030","ward_code":"23106","ward_name":"中区","population":1741,"cell_fraction":1.0},"geometry":{"type":"Polygon","coordinates":[[[136.905,35.145],[136.909167,35.145],[136.909167,35.149167],[136.905,35.149167],[136.905,35.145]]]}},{"type":"Feature","properties":{"mesh_id":"mesh-0031-0030","ward_code":"23106","ward_name":"中区","population":870,"cell_fraction":0.5},"geometry":{"type":"Polygon","coordinates":[[[136.909167,35.145],[136.913333,35.145],[136.913333,35.149167],[136.909167,35.149167],[136.909167,35.145]]]}},{"type":"Feature","properties":{"mesh_id":"mesh-0027-0031","ward_code":"23106","ward_name":"中区","population":870,"cell_fraction":0.5},"geometry":{"type":"Polygon","coordinates":[[[136.8925,35.149167],[136.896667,35.149167],[136.896667,35.153333],[136.8925,35.153333],[136.8925,35.149167]]]}},{"type":"Feature","properties":{"mesh_id":"mesh-0028-0031","ward_code":"23106","ward_name":"中区","population":1741,"cell_fraction":1.0},"geometry":{"type":"Polygon","coordinates":[[[136.896667,35.149167],[136.900833,35.149167],[136.900833,35.153333],[136.896667,35.153333],[136.896667,35.149167]]]}},{"type":"Feature","properties":{"mesh_id":"mesh-0029-0031","ward_code":"23106","ward_name":"中区","population":1741,"cell_fraction":1.0},"geometry":{"type":"Polygon","coordinates":[[[136.900833,35.149167],[136.905,35.149167],[136.905,35.153333],[136.900833,35.153333],[136.900833,35.149167]]]}},{"type":"Feature","properties":{"mesh_id":"mesh-0030-0031","ward_code":"23106","ward_name":"中区","population":1741,"cell_fraction":1.0},"geometry":{"type":"Polygon","coordinates":[[[136.905,35.149167],[136.909167,35.149167],[136.909167,35.153333],[136.905,35.153333],[136.905,35.149167]]]}},{"type":"Feature","properties":{"mesh_id":"mesh-0031-0031","ward_code":"23106","ward_name":"中区","population":1741,"cell_fraction":1.0},"geometry":{"type":"Polygon","coordinates":[[[136.909167,35.149167],[136.913333,35.149167],[136.913333,35.153333],[136.909167,35.153333],[136.909167,35.149167]]]}},{"type":"Feature","properties":{"mesh_id":"mesh-0032-0031","ward_code":"23106","ward_name":"中区","population":435,"cell_fraction":0.25},"geometry":{"type":"Polygon","coordinates":[[[136.913333,35.149167],[136.9175,35.149167],[136.9175,35.153333],[136.913333,35.153333],[136.913333,35.149167]]]}},{"type":"Feature","properties":{"mesh_id":"mesh-0027-0032","ward_code":"23106","ward_name":"中区","population":1741,"cell_fraction":1.0},"geometry":{"type":"Polygon","coordinates":[[[136.8925,35.153333],[136.896667,35.153333],[136.896667,35.1575],[136.8925,35.1575],[136.8925,35.153333]]]}},{"type":"Feature","properties":{"mesh_id":"mesh-0028-0032","ward_code":"23106","ward_name":"中区","population":1741,"cell_fraction":1.0},"geometry":{"type":"Polygon","coordinates":[[[136.896667,35.153333],[136.900833,35.153333],[136.900833,35.1575],[136.896667,35.1575],[136.896667,35.153333]]]}},{"type":"Feature","properties":{"mesh_id":"mesh-0029-0032","ward_code":"23106","ward_name":"中区","population":1741,"cell_fraction":1.0},"geometry":{"type":"Polygon","coordinates":[[[136.900833,35.153333],[136.905,35.153333],[136.905,35.1575],[136.900833,35.1575],[136.900833,35.153333]]]}},{"type":"Feature","properties":{"mesh_id":"mesh-0030-0032","ward_code":"23106","ward_name":"中区","population":1740,"cell_fraction":1.0},"geometry":{"type":"Polygon","coordinates":[[[136.905,35.153333],[136.909167,35.153333],[136.909167,35.1575],[136.905,35.1575],[136.905,35.153333]]]}},{"type":"Feature","properties":{"mesh_id":"mesh-0031-0032","ward_code":"23106","ward_name":"中区","population":1740,"cell_fraction":1.0},"geometry":{"type":"Polygon","coordinates":[[[136.909167,35.153333],[136.913333,35.153333],[136.913333,35.1575],[136.909167,35.1575],[136.909167,35.153333]]]}},{"type":"Feature","properties":{"mesh_id":"mesh-0032-0032","ward_code":"23106","ward_name":"中区","population":1305,"cell_fraction":0.75},"geometry":{"type":"Polygon","coordinates":[[[136.913333,35.153333],[136.9175,35.153333],[136.9175,35.1575],[136.913333,35.1575],[136.913333,35.153333]]]}},{"type":"Feature","properties":{"mesh_id":"mesh-0027-0033","ward_code":"23106","ward_name":"中区","population":1740,"cell_fraction":1.0},"geometry":{"type":"Polygon","coordinates":[[[136.8925,35.1575],[136.896667,35.1575],[136.896667,35.161667],[136.8925,35.161667],[136.8925,35.1575]]]}},{"type":"Feature","properties":{"mesh_id":"mesh-0028-0033","ward_code":"23106","ward_name":"中区","population":1740,"cell_fraction":1.0},"geometry":{"type":"Polygon","coordinates":[[[136.896667,35.1575],[136.900833,35.1575],[136.900833,35.161667],[136.896667,35.161667],[136.896667,35.1575]]]}},{"type":"Feature","properties":{"mesh_id":"mesh-0029-0033","ward_code":"23106","ward_name":"中区","population":1740,"cell_fraction":1.0},"geometry":{"type":"Polygon","coordinates":[[[136.900833,35.1575],[136.905,35.1575],[136.905,35.161667],[136.900833,35.161667],[136.900833,35.1575]]]}},{"type":"Feature","properties":{"mesh_id":"mesh-0030-0033","ward_code":"23106","ward_name":"中区","population":1740,"cell_fraction":1.0},"geometry":{"type":"Polygon","coordinates":[[[136.905,35.1575],[136.909167,35.1575],[136.909167,35.161667],[136.905,35.161667],[136.905,35.1575]]]}},{"type":"Feature","properties":{"mesh_id":"mesh-0031-0033","ward_code":"23106","ward_name":"中区","population":1740,"cell_fraction":1.0},"geometry":{"type":"Polygon","coordinates":[[[136.909167,35.1575],[136.913333,35.1575],[136.913333,35.161667],[136.909167,35.161667],[136.909167,35.1575]]]}},{"type":"Feature","properties":{"mesh_id":"mesh-0032-0033","ward_code":"23106","ward_name":"中区","population":1740,"cell_fraction":1.0},"geometry":{"type":"Polygon","coordinates":[[[136.913333,35.1575],[136.9175,35.1575],[136.9175,35.161667],[136.913333,35.161667],[136.913333,35.1575]]]}},{"type":"Feature","properties":{"mesh_id":"mesh-0033-0033","ward_code":"23106","ward_name":"中区","population":1305,"cell_fraction":0.75},"geometry":{"type":"Polygon","coordinates":[[[136.9175,35.1575],[136.921667,35.1575],[136.921667,35.161667],[136.9175,35.161667],[136.9175,35.1575]]]}},{"type":"Feature","properties":{"mesh_id":"mesh-0027-0034","ward_code":"23106","ward_name":"中区","population":1740,"cell_fraction":1.0},"geometry":{"type":"Polygon","coordinates":[[[136.8925,35.161667],[136.896667,35.161667],[136.896667,35.165833],[136.8925,35.165833],[136.8925,35.161667]]]}},{"type":"Feature","properties":{"mesh_id":"mesh-0028-0034","ward_code":"23106","ward_name":"中区","population":1740,"cell_fraction":1.0},"geometry":{"type":"Polygon","coordinates":[[[136.896667,35.161667],[136.900833,35.161667],[136.900833,35.165833],[136.896667,35.165833],[136.896667,35.161667]]]}},{"type":"Feature","properties":{"mesh_id":"mesh-0029-0034","ward_code":"23106","ward_name":"中区","population":1740,"cell_fraction":1.0},"geometry":{"type":"Polygon","coordinates":[[[136.900833,35.161667],[136.905,35.161667],[136.905,35.165833],[136.900833,35.165833],[136.900833,35.161667]]]}},{"type":"Feature","properties":{"mesh_id":"mesh-0030-0034","ward_code":"23106","ward_name":"中区","population":1740,"cell_fraction":1.0},"geometry":{"type":"Polygon","coordinates":[[[136.905,35.161667],[136.909167,35.161667],[136.909167,35.165833],[136.905,35.165833],[136.905,35.161667]]]}},{"type":"Feature","properties":{"mesh_id":"mesh-0031-0034","ward_code":"23106","ward_name":"中区","population":1740,"cell_fraction":1.0},"geometry":{"type":"Polygon","coordinates":[[[136.909167,35.161667],[136.913333,35.161667],[136.913333,35.165833],[136.909167,35.165833],[136.909167,35.161667]]]}},{"type":"Feature","properties":{"mesh_id":"mesh-0032-0034","ward_code":"23106","ward_name":"中区","population":1740,"cell_fraction":1.0},"geometry":{"type":"Polygon","coordinates":[[[136.913333,35.161667],[136.9175,35.161667],[136.9175,35.165833],[136.913333,35.165833],[136.913333,35.161667]]]}},{"type":"Feature","properties":{"mesh_id":"mesh-0033-0034","ward_code":"23106","ward_name":"中区","population":1740,"cell_fraction":1.0},"geometry":{"type":"Polygon","coordinates":[[[136.9175,35.161667],[136.921667,35.161667],[136.921667,35.165833],[136.9175,35.165833],[136.9175,35.161667]]]}},{"type":"Feature","properties":{"mesh_id":"mesh-0034-0034","ward_code":"23106","ward_name":"中区","population":1305,"cell_fraction":0.75},"geometry":{"type":"Polygon","coordinates":[[[136.921667,35.161667],[136.925833,35.161667],[136.925833,35.165833],[136.921667,35.165833],[136.921667,35.161667]]]}},{"type":"Feature","properties":{"mesh_id":"mesh-0027-0035","ward_code":"23106","ward_name":"中区","population":1740,"cell_fraction":1.0},"geometry":{"type":"Polygon","coordinates":[[[136.8925,35.165833],[136.896667,35.165833],[136.896667,35.17],[136.8925,35.17],[136.8925,35.165833]]]}},{"type":"Feature","properties":{"mesh_id":"mesh-0028-0035","ward_code":"23106","ward_name":"中区","population":1740,"cell_fraction":1.0},"geometry":{"type":"Polygon","coordinates":[[[136.896667,35.165833],[136.900833,35.165833],[136.900833,35.17],[136.896667,35.17],[136.896667,35.165833]]]}},{"type":"Feature","properties":{"mesh_id":"mesh-0029-0035","ward_code":"23106","ward_name":"中区","population":1740,"cell_fraction":1.0},"geometry":{"type":"Polygon","coordinates":[[[136.900833,35.165833],[136.905,35.165833],[136.905,35.17],[136.900833,35.17],[136.900833,35.165833]]]}},{"type":"Feature","properties":{"mesh_id":"mesh-0030-0035","ward_code":"23106","ward_name":"中区","population":1740,"cell_fraction":1.0},"geometry":{"type":"Polygon","coordinates":[[[136.905,35.165833],[136.909167,35.165833],[136.909167,35.17],[136.905,35.17],[136.905,35.165833]]]}},{"type":"Feature","properties":{"mesh_id":"mesh-0031-0035","ward_code":"23106","ward_name":"中区","population":1740,"cell_fraction":1.0},"geometry":{"type":"Polygon","coordinates":[[[136.909167,35.165833],[136.913333,35.165833],[136.913333,35.17],[136.909167,35.17],[136.909167,35.165833]]]}},{"type":"Feature","properties":{"mesh_id":"mesh-0032-0035","ward_code":"23106","ward_name":"中区","population":1740,"cell_fraction":1.0},"geometry":{"type":"Polygon","coordinates":[[[136.913333,35.165833],[136.9175,35.165833],[136.9175,35.17],[136.913333,35.17],[136.913333,35.165833]]]}},{"type":"Feature","properties":{"mesh_id":"mesh-0033-0035","ward_code":"23106","ward_name":"中区","population":1740,"cell_fraction":1.0},"geometry":{"type":"Polygon","coordinates":[[[136.9175,35.165833],[136.921667,35.165833],[136.921667,35.17],[136.9175,35.17],[136.9175,35.165833]]]}},{"type":"Feature","properties":{"mesh_id":"mesh-0034-0035","ward_code":"23106","ward_name":"中区","population":1740,"cell_fraction":1.0},"geometry":{"type":"Polygon","coordinates":[[[136.921667,35.165833],[136.925833,35.165833],[136.925833,35.17],[136.921667,35.17],[136.921667,35.165833]]]}},{"type":"Feature","properties":{"mesh_id":"mesh-0035-0035","ward_code":"23106","ward_name":"中区","population":870,"cell_fraction":0.5},"geometry":{"type":"Polygon","coordinates":[[[136.925833,35.165833],[136.93,35.165833],[136.93,35.17],[136.925833,35.17],[136.925833,35.165833]]]}},{"type":"Feature","properties":{"mesh_id":"mesh-0027-0036","ward_code":"23106","ward_name":"中区","population":1740,"cell_fraction":1.0},"geometry":{"type":"Polygon","coordinates":[[[136.8925,35.17],[136.896667,35.17],[136.896667,35.174167],[136.8925,35.174167],[136.8925,35.17]]]}},{"type":"Feature","properties":{"mesh_id":"mesh-0028-0036","ward_code":"23106","ward_name":"中区","population":1740,"cell_fraction":1.0},"geometry":{"type":"Polygon","coordinates":[[[136.896667,35.17],[136.900833,35.17],[136.900833,35.174167],[136.896667,35.174167],[136.896667,35.17]]]}},{"type":"Feature","properties":{"mesh_id":"mesh-0029-0036","ward_code":"23106","ward_name":"中区","population":1740,"cell_fraction":1.0},"geometry":{"type":"Polygon","coordinates":[[[136.900833,35.17],[136.905,35.17],[136.905,35.174167],[136.900833,35.174167],[136.900833,35.17]]]}},{"type":"Feature","properties":{"mesh_id":"mesh-0030-0036","ward_code":"23106","ward_name":"中区","population":1740,"cell_fraction":1.0},"geometry":{"type":"Polygon","coordinates":[[[136.905,35.17],[136.909167,35.17],[136.909167,35.174167],[136.905,35.174167],[136.905,35.17]]]}},{"type":"Feature","properties":{"mesh_id":"mesh-0027-0037","ward_code":"23106","ward_name":"中区","population":1305,"cell_fraction":0.75},"geometry":{"type":"Polygon","coordinates":[[[136.8925,35.174167],[136.896667,35.174167],[136.896667,35.178333],[136.8925,35.178333],[136.8925,35.174167]]]}},{"type":"Feature","properties":{"mesh_id":"mesh-0028-0037","ward_code":"23106","ward_name":"中区","population":1740,"cell_fraction":1.0},"geometry":{"type":"Polygon","coordinates":[[[136.896667,35.174167],[136.900833,35.174167],[136.900833,35.178333],[136.896667,35.178333],[136.896667,35.174167]]]}},{"type":"Feature","properties":{"mesh_id":"mesh-0029-0037","ward_code":"23106","ward_name":"中区","population":1740,"cell_fraction":1.0},"geometry":{"type":"Polygon","coordinates":[[[136.900833,35.174167],[136.905,35.174167],[136.905,35.178333],[136.900833,35.178333],[136.900833,35.174167]]]}},{"type":"Feature","properties":{"mesh_id":"mesh-0030-0037","ward_code":"23106","ward_name":"中区","population":1740,"cell_fraction":1.0},"geometry":{"type":"Polygon","coordinates":[[[136.905,35.174167],[136.909167,35.174167],[136.909167,35.178333],[136.905,35.178333],[136.905,35.174167]]]}},{"type":"Feature","properties":{"mesh_id":"mesh-0027-0038","ward_code":"23106","ward_name":"中区","population":870,"cell_fraction":0.5},"geometry":{"type":"Polygon","coordinates":[[[136.8925,35.178333],[136.896667,35.178333],[136.896667,35.1825],[136.8925,35.1825],[136.8925,35.178333]]]}},{"type":"Feature","properties":{"mesh_id":"mesh-0028-0038","ward_code":"23106","ward_name":"中区","population":1740,"cell_fraction":1.0},"geometry":{"type":"Polygon","coordinates":[[[136.896667,35.178333],[136.900833,35.178333],[136.900833,35.1825],[136.896667,35.1825],[136.896667,35.178333]]]}},{"type":"Feature","properties":{"mesh_id":"mesh-0029-0038","ward_code":"23106","ward_name":"中区","population":1740,"cell_fraction":1.0},"geometry":{"type":"Polygon","coordinates":[[[136.900833,35.178333],[136.905,35.178333],[136.905,35.1825],[136.900833,35.1825],[136.900833,35.178333]]]}},{"type":"Feature","properties":{"mesh_id":"mesh-0030-0038","ward_code":"23106","ward_name":"中区","population":1740,"cell_fraction":1.0},"geometry":{"type":"Polygon","coordinates":[[[136.905,35.178333],[136.909167,35.178333],[136.909167,35.1825],[136.905,35.1825],[136.905,35.178333]]]}},{"type":"Feature","properties":{"mesh_id":"mesh-0028-0039","ward_code":"23106","ward_name":"中区","population":1740,"cell_fraction":1.0},"geometry":{"type":"Polygon","coordinates":[[[136.896667,35.1825],[136.900833,35.1825],[136.900833,35.186667],[136.896667,35.186667],[136.896667,35.1825]]]}},{"type":"Feature","properties":{"mesh_id":"mesh-0029-0039","ward_code":"23106","ward_name":"中区","population":1740,"cell_fraction":1.0},"geometry":{"type":"Polygon","coordinates":[[[136.900833,35.1825],[136.905,35.1825],[136.905,35.186667],[136.900833,35.186667],[136.900833,35.1825]]]}},{"type":"Feature","properties":{"mesh_id":"mesh-0030-0039","ward_code":"23106","ward_name":"中区","population":1305,"cell_fraction":0.75},"geometry":{"type":"Polygon","coordinates":[[[136.905,35.1825],[136.909167,35.1825],[136.909167,35.186667],[136.905,35.186667],[136.905,35.1825]]]}},{"type":"Feature","properties":{"mesh_id":"mesh-0043-0027","ward_code":"23107","ward_name":"昭和区","population":437,"cell_fraction":0.25},"geometry":{"type":"Polygon","coordinates":[[[136.959167,35.1325],[136.963333,35.1325],[136.963333,35.136667],[136.959167,35.136667],[136.959167,35.1325]]]}},{"type":"Feature","properties":{"mesh_id":"mesh-0044-0027","ward_code":"23107","ward_name":"昭和区","population":437,"cell_fraction":0.25},"geometry":{"type":"Polygon","coordinates":[[[136.963333,35.1325],[136.9675,35.1325],[136.9675,35.136667],[136.963333,35.136667],[136.963333,35.1325]]]}},{"type":"Feature","properties":{"mesh_id":"mesh-0032-0028","ward_code":"23107","ward_name":"昭和区","population":1312,"cell_fraction":0.75},"geometry":{"type":"Polygon","coordinates":[[[136.913333,35.136667],[136.9175,35.136667],[136.9175,35.140833],[136.913333,35.140833],[136.913333,35.136667]]]}},{"type":"Feature","properties":{"mesh_id":"mesh-0033-0028","ward_code":"23107","ward_name":"昭和区","population":875,"cell_fraction":0.5},"geometry":{"type":"Polygon","coordinates":[[[136.9175,35.136667],[136.921667,35.136667],[136.921667,35.140833],[136.9175,35.140833],[136.9175,35.136667]]]}},{"type":"Feature","properties":{"mesh_id":"mesh-0034-0028","ward_code":"23107","ward_name":"昭和区","population":875,"cell_fraction":0.5},"geometry":{"type":"Polygon","coordinates":[[[136.921667,35.136667],[136.925833,35.136667],[136.925833,35.140833],[136.921667,35.140833],[136.921667,35.136667]]]}},{"type":"Feature","properties":{"mesh_id":"mesh-0037-0028","ward_code":"23107","ward_name":"昭和区","population":437,"cell_fraction":0.25},"geometry":{"type":"Polygon","coordinates":[[[136.934167,35.136667],[136.938333,35.136667],[136.938333,35.140833],[136.934167,35.140833],[136.934167,35.136667]]]}},{"type":"Feature","properties":{"mesh_id":"mesh-0038-0028","ward_code":"23107","ward_name":"昭和区","population":875,"cell_fraction":0.5},"geometry":{"type":"Polygon","coordinates":[[[136.938333,35.136667],[136.9425,35.136667],[136.9425,35.140833],[136.938333,35.140833],[136.938333,35.136667]]]}},{"type":"Feature","properties":{"mesh_id":"mesh-0039-0028","ward_code":"23107","ward_name":"昭和区","population":875,"cell_fraction":0.5},"geometry":{"type":"Polygon","coordinates":[[[136.9425,35.136667],[136.946667,35.136667],[136.946667,35.140833],[136.9425,35.140833],[136.9425,35.136667]]]}},{"type":"Feature","properties":{"mesh_id":"mesh-0040-0028","ward_code":"23107","ward_name":"昭和区","population":875,"cell_fraction":0.5},"geometry":{"type":"Polygon","coordinates":[[[136.946667,35.136667],[136.950833,35.136667],[136.950833,35.140833],[136.946667,35.140833],[136.946667,35.136667]]]}},{"type":"Feature","properties":{"mesh_id":"mesh-0041-0028","ward_code":"23107","ward_name":"昭和区","population":1312,"cell_fraction":0.75},"geometry":{"type":"Polygon","coordinates":[[[136.950833,35.136667],[136.955,35.136667],[136.955,35.140833],[136.950833,35.140833],[136.950833,35.136667]]]}},{"type":"Feature","properties":{"mesh_id":"mesh-0042-0028","ward_code":"23107","ward_name":"昭和区","population":1750,"cell_fraction":1.0},"geometry":{"type":"Polygon","coordinates":[[[136.955,35.136667],[136.959167,35.136667],[136.959167,35.140833],[136.955,35.140833],[136.955,35.136667]]]}},{"type":"Feature","properties":{"mesh_id":"mesh-0043-0028","ward_code":"23107","ward_name":"昭和区","population":1750,"cell_fraction":1.0},"geometry":{"type":"Polygon","coordinates":[[[136.959167,35.136667],[136.963333,35.136667],[136.963333,35.140833],[136.959167,35.140833],[136.959167,35.136667]]]}},{"type":"Feature","properties":{"mesh_id":"mesh-0044-0028","ward_code":"23107","ward_name":"昭和区","population":1750,"cell_fraction":1.0},"geometry":{"type":"Polygon","coordinates":[[[136.963333,35.136667],[136.9675,35.136667],[136.9675,35.140833],[136.963333,35.140833],[136.963333,35.136667]]]}},{"type":"Feature","properties":{"mesh_id":"mesh-0031-0029","ward_code":"23107","ward_name":"昭和区","population":437,"cell_fraction":0.25},"geometry":{"type":"Polygon","coordinates":[[[136.909167,35.140833],[136.913333,35.140833],[136.913333,35.145],[136.909167,35.145],[136.909167,35.140833]]]}},{"type":"Feature","properties":{"mesh_id":"mesh-0032-0029","ward_code":"23107","ward_name":"昭和区","population":1750,"cell_fraction":1.0},"geometry":{"type":"Polygon","coordinates":[[[136.913333,35.140833],[136.9175,35.140833],[136.9175,35.145],[136.913333,35.145],[136.913333,35.140833]]]}},{"type":"Feature","properties":{"mesh_id":"mesh-0033-0029","ward_code":"23107","ward_name":"昭和区","population":1750,"cell_fraction":1.0},"geometry":{"type":"Polygon","coordinates":[[[136.9175,35.140833],[136.921667,35.140833],[136.921667,35.145],[136.9175,35.145],[136.9175,35.140833]]]}},{"type":"Feature","properties":{"mesh_id":"mesh-0034-0029","ward_code":"23107","ward_name":"昭和区","population":1750,"cell_fraction":1.0},"geometry":{"type":"Polygon","coordinates":[[[136.921667,35.140833],[136.925833,35.140833],[136.925833,35.145],[136.921667,35.145],[136.921667,35.140833]]]}},{"type":"Feature","properties":{"mesh_id":"mesh-0035-0029","ward_code":"23107","ward_name":"昭和区","population":1750,"cell_fraction":1.0},"geometry":{"type":"Polygon","coordinates":[[[136.925833,35.140833],[136.93,35.140833],[136.93,35.145],[136.925833,35.145],[136.925833,35.140833]]]}},{"type":"Feature","properties":{"mesh_id":"mesh-0036-0029","ward_code":"23107","ward_name":"昭和区","population":1750,"cell_fraction":1.0},"geometry":{"type":"Polygon","coordinates":[[[136.93,35.140833],[136.934167,35.140833],[136.934167,35.145],[136.93,35.145],[136.93,35.140833]]]}},{"type":"Feature","properties":{"mesh_id":"mesh-0037-0029","ward_code":"23107","ward_name":"昭和区","population":1750,"cell_fraction":1.0},"geometry":{"type":"Polygon","coordinates":[[[136.934167,35.140833],[136.938333,35.140833],[136.938333,35.145],[136.934167,35.145],[136.934167,35.140833]]]}},{"type":"Feature","properties":{"mesh_id":"mesh-0038-0029","ward_code":"23107","ward_name":"昭和区","population":1750,"cell_fraction":1.0},"geometry":{"type":"Polygon","coordinates":[[[136.938333,35.140833],[136.9425,35.140833],[136.9425,35.145],[136.938333,35.145],[136.938333,35.140833]]]}},{"type":"Feature","properties":{"mesh_id":"mesh-0039-0029","ward_code":"23107","ward_name":"昭和区","population":1750,"cell_fraction":1.0},"geometry":{"type":"Polygon","coordinates":[[[136.9425,35.140833],[136.946667,35.140833],[136.946667,35.145],[136.9425,35.145],[136.9425,35.140833]]]}},{"type":"Feature","properties":{"mesh_id":"mesh-0040-0029","ward_code":"23107","ward_name":"昭和区","population":1750,"cell_fraction":1.0},"geometry":{"type":"Polygon","coordinates":[[[136.946667,35.140833],[136.950833,35.140833],[136.950833,35.145],[136.946667,35.145],[136.946667,35.140833]]]}},{"type":"Feature","properties":{"mesh_id":"mesh-0041-0029","ward_code":"23107","ward_name":"昭和区","population":1750,"cell_fraction":1.0},"geometry":{"type":"Polygon","coordinates":[[[136.950833,35.140833],[136.955,35.140833],[136.955,35.145],[136.950833,35.145],[136.950833,35.140833]]]}},{"type":"Feature","properties":{"mesh_id":"mesh-0042-0029","ward_code":"23107","ward_name":"昭和区","population":1750,"cell_fraction":1.0},"geometry":{"type":"Polygon","coordinates":[[[136.955,35.140833],[136.959167,35.140833],[136.959167,35.145],[136.955,35.145],[136.955,35.140833]]]}},{"type":"Feature","properties":{"mesh_id":"mesh-0043-0029","ward_code":"23107","ward_name":"昭和区","population":1750,"cell_fraction":1.0},"geometry":{"type":"Polygon","coordinates":[[[136.959167,35.140833],[136.963333,35.140833],[136.963333,35.145],[136.959167,35.145],[136.959167,35.140833]]]}},{"type":"Feature","properties":{"mesh_id":"mesh-0044-0029","ward_code":"23107","ward_name":"昭和区","population":1750,"cell_fraction":1.0},"geometry":{"type":"Polygon","coordinates":[[[136.963333,35.140833],[136.9675,35.140833],[136.9675,35.145],[136.963333,35.145],[136.963333,35.140833]]]}},{"type":"Feature","properties":{"mesh_id":"mesh-0045-0029","ward_code":"23107","ward_name":"昭和区","population":1750,"cell_fraction":1.0},"geometry":{"type":"Polygon","coordinates":[[[136.9675,35.140833],[136.971667,35.140833],[136.971667,35.145],[136.9675,35.145],[136.9675,35.140833]]]}},{"type":"Feature","properties":{"mesh_id":"mesh-0046-0029","ward_code":"23107","ward_name":"昭和区","population":437,"cell_fraction":0.25},"geometry":{"type":"Polygon","coordinates":[[[136.971667,35.140833],[136.975833,35.140833],[136.975833,35.145],[136.971667,35.145],[136.971667,35.140833]]]}},{"type":"Feature","properties":{"mesh_id":"mesh-0031-0030","ward_code":"23107","ward_name":"昭和区","population":875,"cell_fraction":0.5},"geometry":{"type":"Polygon","coordinates":[[[136.909167,35.145],[136.913333,35.145],[136.913333,35.149167],[136.909167,35.149167],[136.909167,35.145]]]}},{"type":"Feature","properties":{"mesh_id":"mesh-0032-0030","ward_code":"23107","ward_name":"昭和区","population":1750,"cell_fraction":1.0},"geometry":{"type":"Polygon","coordinates":[[[136.913333,35.145],[136.9175,35.145],[136.9175,35.149167],[136.913333,35.149167],[136.913333,35.145]]]}},{"type":"Feature","properties":{"mesh_id":"mesh-0033-0030","ward_code":"23107","ward_name":"昭和区","population":1750,"cell_fraction":1.0},"geometry":{"type":"Polygon","coordinates":[[[136.9175,35.145],[136.921667,35.145],[136.921667,35.149167],[136.9175,35.149167],[136.9175,35.145]]]}},{"type":"Feature","properties":{"mesh_id":"mesh-0034-0030","ward_code":"23107","ward_name":"昭和区","population":1750,"cell_fraction":1.0},"geometry":{"type":"Polygon","coordinates":[[[136.921667,35.145],[136.925833,35.145],[136.925833,35.149167],[136.921667,35.149167],[136.921667,35.145]]]}},{"type":"Feature","properties":{"mesh_id":"mesh-0035-0030","ward_code":"23107","ward_name":"昭和区","population":1750,"cell_fraction":1.0},"geometry":{"type":"Polygon","coordinates":[[[136.925833,35.145],[136.93,35.145],[136.93,35.149167],[136.925833,35.149167],[136.925833,35.145]]]}},{"type":"Feature","properties":{"mesh_id":"mesh-0036-0030","ward_code":"23107","ward_name":"昭和区","population":1750,"cell_fraction":1.0},"geometry":{"type":"Polygon","coordinates":[[[136.93,35.145],[136.934167,35.145],[136.934167,35.149167],[136.93,35.149167],[136.93,35.145]]]}},{"type":"Feature","properties":{"mesh_id":"mesh-0037-0030","ward_code":"23107","ward_name":"昭和区","population":1750,"cell_fraction":1.0},"geometry":{"type":"Polygon","coordinates":[[[136.934167,35.145],[136.938333,35.145],[136.938333,35.149167],[136.934167,35.149167],[136.934167,35.145]]]}},{"type":"Feature","properties":{"mesh_id":"mesh-0038-0030","ward_code":"23107","ward_name":"昭和区","population":1750,"cell_fraction":1.0},"geometry":{"type":"Polygon","coordinates":[[[136.938333,35.145],[136.9425,35.145],[136.9425,35.149167],[136.938333,35.149167],[136.938333,35.145]]]}},{"type":"Feature","properties":{"mesh_id":"mesh-0039-0030","ward_code":"23107","ward_name":"昭和区","population":1750,"cell_fraction":1.0},"geometry":{"type":"Polygon","coordinates":[[[136.9425,35.145],[136.946667,35.145],[136.946667,35.149167],[136.9425,35.149167],[136.9425,35.145]]]}},{"type":"Feature","properties":{"mesh_id":"mesh-0040-0030","ward_code":"23107","ward_name":"昭和区","population":1750,"cell_fraction":1.0},"geometry":{"type":"Polygon","coordinates":[[[136.946667,35.145],[136.950833,35.145],[136.950833,35.149167],[136.946667,35.149167],[136.946667,35.145]]]}},{"type":"Feature","properties":{"mesh_id":"mesh-0041-0030","ward_code":"23107","ward_name":"昭和区","population":1750,"cell_fraction":1.0},"geometry":{"type":"Polygon","coordinates":[[[136.950833,35.145],[136.955,35.145],[136.955,35.149167],[136.950833,35.149167],[136.950833,35.145]]]}},{"type":"Feature","properties":{"mesh_id":"mesh-0042-0030","ward_code":"23107","ward_name":"昭和区","population":1750,"cell_fraction":1.0},"geometry":{"type":"Polygon","coordinates":[[[136.955,35.145],[136.959167,35.145],[136.959167,35.149167],[136.955,35.149167],[136.955,35.145]]]}},{"type":"Feature","properties":{"mesh_id":"mesh-0043-0030","ward_code":"23107","ward_name":"昭和区","population":1750,"cell_fraction":1.0},"geometry":{"type":"Polygon","coordinates":[[[136.959167,35.145],[136.963333,35.145],[136.963333,35.149167],[136.959167,35.149167],[136.959167,35.145]]]}},{"type":"Feature","properties":{"mesh_id":"mesh-0044-0030","ward_code":"23107","ward_name":"昭和区","population":1750,"cell_fraction":1.0},"geometry":{"type":"Polygon","coordinates":[[[136.963333,35.145],[136.9675,35.145],[136.9675,35.149167],[136.963333,35.149167],[136.963333,35.145]]]}},{"type":"Feature","properties":{"mesh_id":"mesh-0045-0030","ward_code":"23107","ward_name":"昭和区","population":1312,"cell_fraction":0.75},"geometry":{"type":"Polygon","coordinates":[[[136.9675,35.145],[136.971667,35.145],[136.971667,35.149167],[136.9675,35.149167],[136.9675,35.145]]]}},{"type":"Feature","properties":{"mesh_id":"mesh-0032-0031","ward_code":"23107","ward_name":"昭和区","population":1312,"cell_fraction":0.75},"geometry":{"type":"Polygon","coordinates":[[[136.913333,35.149167],[136.9175,35.149167],[136.9175,35.153333],[136.913333,35.153333],[136.913333,35.149167]]]}},{"type":"Feature","properties":{"mesh_id":"mesh-0033-0031","ward_code":"23107","ward_name":"昭和区","population":1750,"cell_fraction":1.0},"geometry":{"type":"Polygon","coordinates":[[[136.9175,35.149167],[136.921667,35.149167],[136.921667,35.153333],[136.9175,35.153333],[136.9175,35.149167]]]}},{"type":"Feature","properties":{"mesh_id":"mesh-0034-0031","ward_code":"23107","ward_name":"昭和区","population":1750,"cell_fraction":1.0},"geometry":{"type":"Polygon","coordinates":[[[136.921667,35.149167],[136.925833,35.149167],[136.925833,35.153333],[136.921667,35.153333],[136.921667,35.149167]]]}},{"type":"Feature","properties":{"mesh_id":"mesh-0035-0031","ward_code":"23107","ward_name":"昭和区","population":1750,"cell_fraction":1.0},"geometry":{"type":"Polygon","coordinates":[[[136.925833,35.149167],[136.93,35.149167],[136.93,35.153333],[136.925833,35.153333],[136.925833,35.149167]]]}},{"type":"Feature","properties":{"mesh_id":"mesh-0036-0031","ward_code":"23107","ward_name":"昭和区","population":1749,"cell_fraction":1.0},"geometry":{"type":"Polygon","coordinates":[[[136.93,35.149167],[136.934167,35.149167],[136.934167,35.153333],[136.93,35.153333],[136.93,35.149167]]]}},{"type":"Feature","properties":{"mesh_id":"mesh-0037-0031","ward_code":"23107","ward_name":"昭和区","population":1749,"cell_fraction":1.0},"geometry":{"type":"Polygon","coordinates":[[[136.934167,35.149167],[136.938333,35.149167],[136.938333,35.153333],[136.934167,35.153333],[136.934167,35.149167]]]}},{"type":"Feature","properties":{"mesh_id":"mesh-0038-0031","ward_code":"23107","ward_name":"昭和区","population":1749,"cell_fraction":1.0},"geometry":{"type":"Polygon","coordinates":[[[136.938333,35.149167],[136.9425,35.149167],[136.9425,35.153333],[136.938333,35.153333],[136.938333,35.149167]]]}},{"type":"Feature","properties":{"mesh_id":"mesh-0039-0031","ward_code":"23107","ward_name":"昭和区","population":1749,"cell_fraction":1.0},"geometry":{"type":"Polygon","coordinates":[[[136.9425,35.149167],[136.946667,35.149167],[136.946667,35.153333],[136.9425,35.153333],[136.9425,35.149167]]]}},{"type":"Feature","properties":{"mesh_id":"mesh-0040-0031","ward_code":"23107","ward_name":"昭和区","population":1749,"cell_fraction":1.0},"geometry":{"type":"Polygon","coordinates":[[[136.946667,35.149167],[136.950833,35.149167],[136.950833,35.153333],[136.946667,35.153333],[136.946667,35.149167]]]}},{"type":"Feature","properties":{"mesh_id":"mesh-0041-0031","ward_code":"23107","ward_name":"昭和区","population":1749,"cell_fraction":1.0},"geometry":{"type":"Polygon","coordinates":[[[136.950833,35.149167],[136.955,35.149167],[136.955,35.153333],[136.950833,35.153333],[136.950833,35.149167]]]}},{"type":"Feature","properties":{"mesh_id":"mesh-0042-0031","ward_code":"23107","ward_name":"昭和区","population":1749,"cell_fraction":1.0},"geometry":{"type":"Polygon","coordinates":[[[136.955,35.149167],[136.959167,35.149167],[136.959167,35.153333],[136.955,35.153333],[136.955,35.149167]]]}},{"type":"Feature","properties":{"mesh_id":"mesh-0043-0031","ward_code":"23107","ward_name":"昭和区","population":1749,"cell_fraction":1.0},"geometry":{"type":"Polygon","coordinates":[[[136.959167,35.149167],[136.963333,35.149167],[136.963333,35.153333],[136.959167,35.153333],[136.959167,35.149167]]]}},{"type":"Feature","properties":{"mesh_id":"mesh-0044-0031","ward_code":"23107","ward_name":"昭和区","population":1749,"cell_fraction":1.0},"geometry":{"type":"Polygon","coordinates":[[[136.963333,35.149167],[136.9675,35.149167],[136.9675,35.153333],[136.963333,35.153333],[136.963333,35.149167]]]}},{"type":"Feature","properties":{"mesh_id":"mesh-0045-0031","ward_code":"23107","ward_name":"昭和区","population":437,"cell_fraction":0.25},"geometry":{"type":"Polygon","coordinates":[[[136.9675,35.149167],[136.971667,35.149167],[136.971667,35.153333],[136.9675,35.153333],[136.9675,35.149167]]]}},{"type":"Feature","properties":{"mesh_id":"mesh-0032-0032","ward_code":"23107","ward_name":"昭和区","population":437,"cell_fraction":0.25},"geometry":{"type":"Polygon","coordinates":[[[136.913333,35.153333],[136.9175,35.153333],[136.9175,35.1575],[136.913333,35.1575],[136.913333,35.153333]]]}},{"type":"Feature","properties":{"mesh_id":"mesh-0033-0032","ward_code":"23107","ward_name":"昭和区","population":1749,"cell_fraction":1.0},"geometry":{"type":"Polygon","coordinates":[[[136.9175,35.153333],[136.921667,35.153333],[136.921667,35.1575],[136.9175,35.1575],[136.9175,35.153333]]]}},{"type":"Feature","properties":{"mesh_id":"mesh-0034-0032","ward_code":"23107","ward_name":"昭和区","population":1749,"cell_fraction":1.0},"geometry":{"type":"Polygon","coordinates":[[[136.921667,35.153333],[136.925833,35.153333],[136.925833,35.1575],[136.921667,35.1575],[136.921667,35.153333]]]}},{"type":"Feature","properties":{"mesh_id":"mesh-0035-0032","ward_code":"23107","ward_name":"昭和区","population":1749,"cell_fraction":1.0},"geometry":{"type":"Polygon","coordinates":[[[136.925833,35.153333],[136.93,35.153333],[136.93,35.1575],[136.925833,35.1575],[136.925833,35.153333]]]}},{"type":"Feature","properties":{"mesh_id":"mesh-0036-0032","ward_code":"23107","ward_name":"昭和区","population":1749,"cell_fraction":1.0},"geometry":{"type":"Polygon","coordinates":[[[136.93,35.153333],[136.934167,35.153333],[136.934167,35.1575],[136.93,35.1575],[136.93,35.153333]]]}},{"type":"Feature","properties":{"mesh_id":"mesh-0037-0032","ward_code":"23107","ward_name":"昭和区","population":1312,"cell_fraction":0.75},"geometry":{"type":"Polygon","coordinates":[[[136.934167,35.153333],[136.938333,35.153333],[136.938333,35.1575],[136.934167,35.1575],[136.934167,35.153333]]]}},{"type":"Feature","properties":{"mesh_id":"mesh-0038-0032","ward_code":"23107","ward_name":"昭和区","population":875,"cell_fraction":0.5},"geometry":{"type":"Polygon","coordinates":[[[136.938333,35.153333],[136.9425,35.153333],[136.9425,35.1575],[136.938333,35.1575],[136.938333,35.153333]]]}},{"type":"Feature","properties":{"mesh_id":"mesh-0039-0032","ward_code":"23107","ward_name":"昭和区","population":1749,"cell_fraction":1.0},"geometry":{"type":"Polygon","coordinates":[[[136.9425,35.153333],[136.946667,35.153333],[136.946667,35.1575],[136.9425,35.1575],[136.9425,35.153333]]]}},{"type":"Feature","properties":{"mesh_id":"mesh-0040-0032","ward_code":"23107","ward_name":"昭和区","population":1749,"cell_fraction":1.0},"geometry":{"type":"Polygon","coordinates":[[[136.946667,35.153333],[136.950833,35.153333],[136.950833,35.1575],[136.946667,35.1575],[136.946667,35.153333]]]}},{"type":"Feature","properties":{"mesh_id":"mesh-0041-0032","ward_code":"23107","ward_name":"昭和区","population":1749,"cell_fraction":1.0},"geometry":{"type":"Polygon","coordinates":[[[136.950833,35.153333],[136.955,35.153333],[136.955,35.1575],[136.950833,35.1575],[136.950833,35.153333]]]}},{"type":"Feature","properties":{"mesh_id":"mesh-0042-0032","ward_code":"23107","ward_name":"昭和区","population":1749,"cell_fraction":1.0},"geometry":{"type":"Polygon","coordinates":[[[136.955,35.153333],[136.959167,35.153333],[136.959167,35.1575],[136.955,35.1575],[136.955,35.153333]]]}},{"type":"Feature","properties":{"mesh_id":"mesh-0043-0032","ward_code":"23107","ward_name":"昭和区","population":875,"cell_fraction":0.5},"geometry":{"type":"Polygon","coordinates":[[[136.959167,35.153333],[136.963333,35.153333],[136.963333,35.1575],[136.959167,35.1575],[136.959167,35.153333]]]}},{"type":"Feature","properties":{"mesh_id":"mesh-0033-0033","ward_code":"23107","ward_name":"昭和区","population":437,"cell_fraction":0.25},"geometry":{"type":"Polygon","coordinates":[[[136.9175,35.1575],[136.921667,35.1575],[136.921667,35.161667],[136.9175,35.161667],[136.9175,35.1575]]]}},{"type":"Feature","properties":{"mesh_id":"mesh-0034-0033","ward_code":"23107","ward_name":"昭和区","population":437,"cell_fraction":0.25},"geometry":{"type":"Polygon","coordinates":[[[136.921667,35.1575],[136.925833,35.1575],[136.925833,35.161667],[136.921667,35.161667],[136.921667,35.1575]]]}},{"type":"Feature","properties":{"mesh_id":"mesh-0036-0033","ward_code":"23107","ward_name":"昭和区","population":437,"cell_fraction":0.25},"geometry":{"type":"Polygon","coordinates":[[[136.93,35.1575],[136.934167,35.1575],[136.934167,35.161667],[136.93,35.161667],[136.93,35.1575]]]}},{"type":"Feature","properties":{"mesh_id":"mesh-0039-0033","ward_code":"23107","ward_name":"昭和区","population":437,"cell_fraction":0.25},"geometry":{"type":"Polygon","coordinates":[[[136.9425,35.1575],[136.946667,35.1575],[136.946667,35.161667],[136.9425,35.161667],[136.9425,35.1575]]]}},{"type":"Feature","properties":{"mesh_id":"mesh-0040-0033","ward_code":"23107","ward_name":"昭和区","population":437,"cell_fraction":0.25},"geometry":{"type":"Polygon","coordinates":[[[136.946667,35.1575],[136.950833,35.1575],[136.950833,35.161667],[136.946667,35.161667],[136.946667,35.1575]]]}},{"type":"Feature","properties":{"mesh_id":"mesh-0041-0033","ward_code":"23107","ward_name":"昭和区","population":437,"cell_fraction":0.25},"geometry":{"type":"Polygon","coordinates":[[[136.950833,35.1575],[136.955,35.1575],[136.955,35.161667],[136.950833,35.161667],[136.950833,35.1575]]]}},{"type":"Feature","properties":{"mesh_id":"mesh-0042-0033","ward_code":"23107","ward_name":"昭和区","population":875,"cell_fraction":0.5},"geometry":{"type":"Polygon","coordinates":[[[136.955,35.1575],[136.959167,35.1575],[136.959167,35.161667],[136.955,35.161667],[136.955,35.1575]]]}},{"type":"Feature","properties":{"mesh_id":"mesh-0034-0021","ward_code":"23108","ward_name":"瑞穂区","population":422,"cell_fraction":0.25},"geometry":{"type":"Polygon","coordinates":[[[136.921667,35.1075],[136.925833,35.1075],[136.925833,35.111667],[136.921667,35.111667],[136.921667,35.1075]]]}},{"type":"Feature","properties":{"mesh_id":"mesh-0032-0022","ward_code":"23108","ward_name":"瑞穂区","population":843,"cell_fraction":0.5},"geometry":{"type":"Polygon","coordinates":[[[136.913333,35.111667],[136.9175,35.111667],[136.9175,35.115833],[136.913333,35.115833],[136.913333,35.111667]]]}},{"type":"Feature","properties":{"mesh_id":"mesh-0033-0022","ward_code":"23108","ward_name":"瑞穂区","population":1687,"cell_fraction":1.0},"geometry":{"type":"Polygon","coordinates":[[[136.9175,35.111667],[136.921667,35.111667],[136.921667,35.115833],[136.9175,35.115833],[136.9175,35.111667]]]}},{"type":"Feature","properties":{"mesh_id":"mesh-0034-0022","ward_code":"23108","ward_name":"瑞穂区","population":1687,"cell_fraction":1.0},"geometry":{"type":"Polygon","coordinates":[[[136.921667,35.111667],[136.925833,35.111667],[136.925833,35.115833],[136.921667,35.115833],[136.921667,35.111667]]]}},{"type":"Feature","properties":{"mesh_id":"mesh-0035-0022","ward_code":"23108","ward_name":"瑞穂区","population":843,"cell_fraction":0.5},"geometry":{"type":"Polygon","coordinates":[[[136.925833,35.111667],[136.93,35.111667],[136.93,35.115833],[136.925833,35.115833],[136.925833,35.111667]]]}},{"type":"Feature","properties":{"mesh_id":"mesh-0039-0022","ward_code":"23108","ward_name":"瑞穂区","population":422,"cell_fraction":0.25},"geometry":{"type":"Polygon","coordinates":[[[136.9425,35.111667],[136.946667,35.111667],[136.946667,35.115833],[136.9425,35.115833],[136.9425,35.111667]]]}},{"type":"Feature","properties":{"mesh_id":"mesh-0040-0022","ward_code":"23108","ward_name":"瑞穂区","population":1265,"cell_fraction":0.75},"geometry":{"type":"Polygon","coordinates":[[[136.946667,35.111667],[136.950833,35.111667],[136.950833,35.115833],[136.946667,35.115833],[136.946667,35.111667]]]}},{"type":"Feature","properties":{"mesh_id":"mesh-0041-0022","ward_code":"23108","ward_name":"瑞穂区","population":1265,"cell_fraction":0.75},"geometry":{"type":"Polygon","coordinates":[[[136.950833,35.111667],[136.955,35.111667],[136.955,35.115833],[136.950833,35.115833],[136.950833,35.111667]]]}},{"type":"Feature","properties":{"mesh_id":"mesh-0042-0022","ward_code":"23108","ward_name":"瑞穂区","population":843,"cell_fraction":0.5},"geometry":{"type":"Polygon","coordinates":[[[136.955,35.111667],[136.959167,35.111667],[136.959167,35.115833],[136.955,35.115833],[136.955,35.111667]]]}},{"type":"Feature","properties":{"mesh_id":"mesh-0043-0022","ward_code":"23108","ward_name":"瑞穂区","population":422,"cell_fraction":0.25},"geometry":{"type":"Polygon","coordinates":[[[136.959167,35.111667],[136.963333,35.111667],[136.963333,35.115833],[136.959167,35.115833],[136.959167,35.111667]]]}},{"type":"Feature","properties":{"mesh_id":"mesh-0032-0023","ward_code":"23108","ward_name":"瑞穂区","population":1686,"cell_fraction":1.0},"geometry":{"type":"Polygon","coordinates":[[[136.913333,35.115833],[136.9175,35.115833],[136.9175,35.12],[136.913333,35.12],[136.913333,35.115833]]]}},{"type":"Feature","properties":{"mesh_id":"mesh-0033-0023","ward_code":"23108","ward_name":"瑞穂区","population":1686,"cell_fraction":1.0},"geometry":{"type":"Polygon","coordinates":[[[136.9175,35.115833],[136.921667,35.115833],[136.921667,35.12],[136.9175,35.12],[136.9175,35.115833]]]}},{"type":"Feature","properties":{"mesh_id":"mesh-0034-0023","ward_code":"23108","ward_name":"瑞穂区","population":1686,"cell_fraction":1.0},"geometry":{"type":"Polygon","coordinates":[[[136.921667,35.115833],[136.925833,35.115833],[136.925833,35.12],[136.921667,35.12],[136.921667,35.115833]]]}},{"type":"Feature","properties":{"mesh_id":"mesh-0035-0023","ward_code":"23108","ward_name":"瑞穂区","population":1686,"cell_fraction":1.0},"geometry":{"type":"Polygon","coordinates":[[[136.925833,35.115833],[136.93,35.115833],[136.93,35.12],[136.925833,35.12],[136.925833,35.115833]]]}},{"type":"Feature","properties":{"mesh_id":"mesh-0036-0023","ward_code":"23108","ward_name":"瑞穂区","population":1686,"cell_fraction":1.0},"geometry":{"type":"Polygon","coordinates":[[[136.93,35.115833],[136.934167,35.115833],[136.934167,35.12],[136.93,35.12],[136.93,35.115833]]]}},{"type":"Feature","properties":{"mesh_id":"mesh-0037-0023","ward_code":"23108","ward_name":"瑞穂区","population":1686,"cell_fraction":1.0},"geometry":{"type":"Polygon","coordinates":[[[136.934167,35.115833],[136.938333,35.115833],[136.938333,35.12],[136.934167,35.12],[136.934167,35.115833]]]}},{"type":"Feature","properties":{"mesh_id":"mesh-0038-0023","ward_code":"23108","ward_name":"瑞穂区","population":1265,"cell_fraction":0.75},"geometry":{"type":"Polygon","coordinates":[[[136.938333,35.115833],[136.9425,35.115833],[136.9425,35.12],[136.938333,35.12],[136.938333,35.115833]]]}},{"type":"Feature","properties":{"mesh_id":"mesh-0039-0023","ward_code":"23108","ward_name":"瑞穂区","population":1686,"cell_fraction":1.0},"geometry":{"type":"Polygon","coordinates":[[[136.9425,35.115833],[136.946667,35.115833],[136.946667,35.12],[136.9425,35.12],[136.9425,35.115833]]]}},{"type":"Feature","properties":{"mesh_id":"mesh-0040-0023","ward_code":"23108","ward_name":"瑞穂区","population":1686,"cell_fraction":1.0},"geometry":{"type":"Polygon","coordinates":[[[136.946667,35.115833],[136.950833,35.115833],[136.950833,35.12],[136.946667,35.12],[136.946667,35.115833]]]}},{"type":"Feature","properties":{"mesh_id":"mesh-0041-0023","ward_code":"23108","ward_name":"瑞穂区","population":1686,"cell_fraction":1.0},"geometry":{"type":"Polygon","coordinates":[[[136.950833,35.115833],[136.955,35.115833],[136.955,35.12],[136.950833,35.12],[136.950833,35.115833]]]}},{"type":"Feature","properties":{"mesh_id":"mesh-0042-0023","ward_code":"23108","ward_name":"瑞穂区","population":1686,"cell_fraction":1.0},"geometry":{"type":"Polygon","coordinates":[[[136.955,35.115833],[136.959167,35.115833],[136.959167,35.12],[136.955,35.12],[136.955,35.115833]]]}},{"type":"Feature","properties":{"mesh_id":"mesh-0043-0023","ward_code":"23108","ward_name":"瑞穂区","population":843,"cell_fraction":0.5},"geometry":{"type":"Polygon","coordinates":[[[136.959167,35.115833],[136.963333,35.115833],[136.963333,35.12],[136.959167,35.12],[136.959167,35.115833]]]}},{"type":"Feature","properties":{"mesh_id":"mesh-0032-0024","ward_code":"23108","ward_name":"瑞穂区","population":843,"cell_fraction":0.5},"geometry":{"type":"Polygon","coordinates":[[[136.913333,35.12],[136.9175,35.12],[136.9175,35.124167],[136.913333,35.124167],[136.913333,35.12]]]}},{"type":"Feature","properties":{"mesh_id":"mesh-0033-0024","ward_code":"23108","ward_name":"瑞穂区","population":1686,"cell_fraction":1.0},"geometry":{"type":"Polygon","coordinates":[[[136.9175,35.12],[136.921667,35.12],[136.921667,35.124167],[136.9175,35.124167],[136.9175,35.12]]]}},{"type":"Feature","properties":{"mesh_id":"mesh-0034-0024","ward_code":"23108","ward_name":"瑞穂区","population":1686,"cell_fraction":1.0},"geometry":{"type":"Polygon","coordinates":[[[136.921667,35.12],[136.925833,35.12],[136.925833,35.124167],[136.921667,35.124167],[136.921667,35.12]]]}},{"type":"Feature","properties":{"mesh_id":"mesh-0035-0024","ward_code":"23108","ward_name":"瑞穂区","population":1686,"cell_fraction":1.0},"geometry":{"type":"Polygon","coordinates":[[[136.925833,35.12],[136.93,35.12],[136.93,35.124167],[136.925833,35.124167],[136.925833,35.12]]]}},{"type":"Feature","properties":{"mesh_id":"mesh-0036-0024","ward_code":"23108","ward_name":"瑞穂区","population":1686,"cell_fraction":1.0},"geometry":{"type":"Polygon","coordinates":[[[136.93,35.12],[136.934167,35.12],[136.934167,35.124167],[136.93,35.124167],[136.93,35.12]]]}},{"type":"Feature","properties":{"mesh_id":"mesh-0037-0024","ward_code":"23108","ward_name":"瑞穂区","population":1686,"cell_fraction":1.0},"geometry":{"type":"Polygon","coordinates":[[[136.934167,35.12],[136.938333,35.12],[136.938333,35.124167],[136.934167,35.124167],[136.934167,35.12]]]}},{"type":"Feature","properties":{"mesh_id":"mesh-0038-0024","ward_code":"23108","ward_name":"瑞穂区","population":1686,"cell_fraction":1.0},"geometry":{"type":"Polygon","coordinates":[[[136.938333,35.12],[136.9425,35.12],[136.9425,35.124167],[136.938333,35.124167],[136.938333,35.12]]]}},{"type":"Feature","properties":{"mesh_id":"mesh-0039-0024","ward_code":"23108","ward_name":"瑞穂区","population":1686,"cell_fraction":1.0},"geometry":{"type":"Polygon","coordinates":[[[136.9425,35.12],[136.946667,35.12],[136.946667,35.124167],[136.9425,35.124167],[136.9425,35.12]]]}},{"type":"Feature","properties":{"mesh_id":"mesh-0040-0024","ward_code":"23108","ward_name":"瑞穂区","population":1686,"cell_fraction":1.0},"geometry":{"type":"Polygon","coordinates":[[[136.946667,35.12],[136.950833,35.12],[136.950833,35.124167],[136.946667,35.124167],[136.946667,35.12]]]}},{"type":"Feature","properties":{"mesh_id":"mesh-0041-0024","ward_code":"23108","ward_name":"瑞穂区","population":1686,"cell_fraction":1.0},"geometry":{"type":"Polygon","coordinates":[[[136.950833,35.12],[136.955,35.12],[136.955,35.124167],[136.950833,35.124167],[136.950833,35.12]]]}},{"type":"Feature","properties":{"mesh_id":"mesh-0042-0024","ward_code":"23108","ward_name":"瑞穂区","population":1686,"cell_fraction":1.0},"geometry":{"type":"Polygon","coordinates":[[[136.955,35.12],[136.959167,35.12],[136.959167,35.124167],[136.955,35.124167],[136.955,35.12]]]}},{"type":"Feature","properties":{"mesh_id":"mesh-0043-0024","ward_code":"23108","ward_name":"瑞穂区","population":843,"cell_fraction":0.5},"geometry":{"type":"Polygon","coordinates":[[[136.959167,35.12],[136.963333,35.12],[136.963333,35.124167],[136.959167,35.124167],[136.959167,35.12]]]}},{"type":"Feature","properties":{"mesh_id":"mesh-0033-0025","ward_code":"23108","ward_name":"瑞穂区","population":1686,"cell_fraction":1.0},"geometry":{"type":"Polygon","coordinates":[[[136.9175,35.124167],[136.921667,35.124167],[136.921667,35.128333],[136.9175,35.128333],[136.9175,35.124167]]]}},{"type":"Feature","properties":{"mesh_id":"mesh-0034-0025","ward_code":"23108","ward_name":"瑞穂区","population":1686,"cell_fraction":1.0},"geometry":{"type":"Polygon","coordinates":[[[136.921667,35.124167],[136.925833,35.124167],[136.925833,35.128333],[136.921667,35.128333],[136.921667,35.124167]]]}},{"type":"Feature","properties":{"mesh_id":"mesh-0035-0025","ward_code":"23108","ward_name":"瑞穂区","population":1686,"cell_fraction":1.0},"geometry":{"type":"Polygon","coordinates":[[[136.925833,35.124167],[136.93,35.124167],[136.93,35.128333],[136.925833,35.128333],[136.925833,35.124167]]]}},{"type":"Feature","properties":{"mesh_id":"mesh-0036-0025","ward_code":"23108","ward_name":"瑞穂区","population":1686,"cell_fraction":1.0},"geometry":{"type":"Polygon","coordinates":[[[136.93,35.124167],[136.934167,35.124167],[136.934167,35.128333],[136.93,35.128333],[136.93,35.124167]]]}},{"type":"Feature","properties":{"mesh_id":"mesh-0037-0025","ward_code":"23108","ward_name":"瑞穂区","population":1686,"cell_fraction":1.0},"geometry":{"type":"Polygon","coordinates":[[[136.934167,35.124167],[136.938333,35.124167],[136.938333,35.128333],[136.934167,35.128333],[136.934167,35.124167]]]}},{"type":"Feature","properties":{"mesh_id":"mesh-0038-0025","ward_code":"23108","ward_name":"瑞穂区","population":1686,"cell_fraction":1.0},"geometry":{"type":"Polygon","coordinates":[[[136.938333,35.124167],[136.9425,35.124167],[136.9425,35.128333],[136.938333,35.128333],[136.938333,35.124167]]]}},{"type":"Feature","properties":{"mesh_id":"mesh-0039-0025","ward_code":"23108","ward_name":"瑞穂区","population":1686,"cell_fraction":1.0},"geometry":{"type":"Polygon","coordinates":[[[136.9425,35.124167],[136.946667,35.124167],[136.946667,35.128333],[136.9425,35.128333],[136.9425,35.124167]]]}},{"type":"Feature","properties":{"mesh_id":"mesh-0040-0025","ward_code":"23108","ward_name":"瑞穂区","population":1686,"cell_fraction":1.0},"geometry":{"type":"Polygon","coordinates":[[[136.946667,35.124167],[136.950833,35.124167],[136.950833,35.128333],[136.946667,35.128333],[136.946667,35.124167]]]}},{"type":"Feature","properties":{"mesh_id":"mesh-0041-0025","ward_code":"23108","ward_name":"瑞穂区","population":1686,"cell_fraction":1.0},"geometry":{"type":"Polygon","coordinates":[[[136.950833,35.124167],[136.955,35.124167],[136.955,35.128333],[136.950833,35.128333],[136.950833,35.124167]]]}},{"type":"Feature","properties":{"mesh_id":"mesh-0042-0025","ward_code":"23108","ward_name":"瑞穂区","population":1686,"cell_fraction":1.0},"geometry":{"type":"Polygon","coordinates":[[[136.955,35.124167],[136.959167,35.124167],[136.959167,35.128333],[136.955,35.128333],[136.955,35.124167]]]}},{"type":"Feature","properties":{"mesh_id":"mesh-0043-0025","ward_code":"23108","ward_name":"瑞穂区","population":422,"cell_fraction":0.25},"geometry":{"type":"Polygon","coordinates":[[[136.959167,35.124167],[136.963333,35.124167],[136.963333,35.128333],[136.959167,35.128333],[136.959167,35.124167]]]}},{"type":"Feature","properties":{"mesh_id":"mesh-0033-0026","ward_code":"23108","ward_name":"瑞穂区","population":1686,"cell_fraction":1.0},"geometry":{"type":"Polygon","coordinates":[[[136.9175,35.128333],[136.921667,35.128333],[136.921667,35.1325],[136.9175,35.1325],[136.9175,35.128333]]]}},{"type":"Feature","properties":{"mesh_id":"mesh-0034-0026","ward_code":"23108","ward_name":"瑞穂区","population":1686,"cell_fraction":1.0},"geometry":{"type":"Polygon","coordinates":[[[136.921667,35.128333],[136.925833,35.128333],[136.925833,35.1325],[136.921667,35.1325],[136.921667,35.128333]]]}},{"type":"Feature","properties":{"mesh_id":"mesh-0035-0026","ward_code":"23108","ward_name":"瑞穂区","population":1686,"cell_fraction":1.0},"geometry":{"type":"Polygon","coordinates":[[[136.925833,35.128333],[136.93,35.128333],[136.93,35.1325],[136.925833,35.1325],[136.925833,35.128333]]]}},{"type":"Feature","properties":{"mesh_id":"mesh-0036-0026","ward_code":"23108","ward_name":"瑞穂区","population":1686,"cell_fraction":1.0},"geometry":{"type":"Polygon","coordinates":[[[136.93,35.128333],[136.934167,35.128333],[136.934167,35.1325],[136.93,35.1325],[136.93,35.128333]]]}},{"type":"Feature","properties":{"mesh_id":"mesh-0037-0026","ward_code":"23108","ward_name":"瑞穂区","population":1686,"cell_fraction":1.0},"geometry":{"type":"Polygon","coordinates":[[[136.934167,35.128333],[136.938333,35.128333],[136.938333,35.1325],[136.934167,35.1325],[136.934167,35.128333]]]}},{"type":"Feature","properties":{"mesh_id":"mesh-0038-0026","ward_code":"23108","ward_name":"瑞穂区","population":1686,"cell_fraction":1.0},"geometry":{"type":"Polygon","coordinates":[[[136.938333,35.128333],[136.9425,35.128333],[136.9425,35.1325],[136.938333,35.1325],[136.938333,35.128333]]]}},{"type":"Feature","properties":{"mesh_id":"mesh-0039-0026","ward_code":"23108","ward_name":"瑞穂区","population":1686,"cell_fraction":1.0},"geometry":{"type":"Polygon","coordinates":[[[136.9425,35.128333],[136.946667,35.128333],[136.946667,35.1325],[136.9425,35.1325],[136.9425,35.128333]]]}},{"type":"Feature","properties":{"mesh_id":"mesh-0040-0026","ward_code":"23108","ward_name":"瑞穂区","population":1686,"cell_fraction":1.0},"geometry":{"type":"Polygon","coordinates":[[[136.946667,35.128333],[136.950833,35.128333],[136.950833,35.1325],[136.946667,35.1325],[136.946667,35.128333]]]}},{"type":"Feature","properties":{"mesh_id":"mesh-0041-0026","ward_code":"23108","ward_name":"瑞穂区","population":1686,"cell_fraction":1.0},"geometry":{"type":"Polygon","coordinates":[[[136.950833,35.128333],[136.955,35.128333],[136.955,35.1325],[136.950833,35.1325],[136.950833,35.128333]]]}},{"type":"Feature","properties":{"mesh_id":"mesh-0042-0026","ward_code":"23108","ward_name":"瑞穂区","population":1686,"cell_fraction":1.0},"geometry":{"type":"Polygon","coordinates":[[[136.955,35.128333],[136.959167,35.128333],[136.959167,35.1325],[136.955,35.1325],[136.955,35.128333]]]}},{"type":"Feature","properties":{"mesh_id":"mesh-0032-0027","ward_code":"23108","ward_name":"瑞穂区","population":843,"cell_fraction":0.5},"geometry":{"type":"Polygon","coordinates":[[[136.913333,35.1325],[136.9175,35.1325],[136.9175,35.136667],[136.913333,35.136667],[136.913333,35.1325]]]}},{"type":"Feature","properties":{"mesh_id":"mesh-0033-0027","ward_code":"23108","ward_name":"瑞穂区","population":1686,"cell_fraction":1.0},"geometry":{"type":"Polygon","coordinates":[[[136.9175,35.1325],[136.921667,35.1325],[136.921667,35.136667],[136.9175,35.136667],[136.9175,35.1325]]]}},{"type":"Feature","properties":{"mesh_id":"mesh-0034-0027","ward_code":"23108","ward_name":"瑞穂区","population":1686,"cell_fraction":1.0},"geometry":{"type":"Polygon","coordinates":[[[136.921667,35.1325],[136.925833,35.1325],[136.925833,35.136667],[136.921667,35.136667],[136.921667,35.1325]]]}},{"type":"Feature","properties":{"mesh_id":"mesh-0035-0027","ward_code":"23108","ward_name":"瑞穂区","population":1686,"cell_fraction":1.0},"geometry":{"type":"Polygon","coordinates":[[[136.925833,35.1325],[136.93,35.1325],[136.93,35.136667],[136.925833,35.136667],[136.925833,35.1325]]]}},{"type":"Feature","properties":{"mesh_id":"mesh-0036-0027","ward_code":"23108","ward_name":"瑞穂区","population":1686,"cell_fraction":1.0},"geometry":{"type":"Polygon","coordinates":[[[136.93,35.1325],[136.934167,35.1325],[136.934167,35.136667],[136.93,35.136667],[136.93,35.1325]]]}},{"type":"Feature","properties":{"mesh_id":"mesh-0037-0027","ward_code":"23108","ward_name":"瑞穂区","population":1686,"cell_fraction":1.0},"geometry":{"type":"Polygon","coordinates":[[[136.934167,35.1325],[136.938333,35.1325],[136.938333,35.136667],[136.934167,35.136667],[136.934167,35.1325]]]}},{"type":"Feature","properties":{"mesh_id":"mesh-0038-0027","ward_code":"23108","ward_name":"瑞穂区","population":1686,"cell_fraction":1.0},"geometry":{"type":"Polygon","coordinates":[[[136.938333,35.1325],[136.9425,35.1325],[136.9425,35.136667],[136.938333,35.136667],[136.938333,35.1325]]]}},{"type":"Feature","properties":{"mesh_id":"mesh-0039-0027","ward_code":"23108","ward_name":"瑞穂区","population":1686,"cell_fraction":1.0},"geometry":{"type":"Polygon","coordinates":[[[136.9425,35.1325],[136.946667,35.1325],[136.946667,35.136667],[136.9425,35.136667],[136.9425,35.1325]]]}},{"type":"Feature","properties":{"mesh_id":"mesh-0040-0027","ward_code":"23108","ward_name":"瑞穂区","population":1686,"cell_fraction":1.0},"geometry":{"type":"Polygon","coordinates":[[[136.946667,35.1325],[136.950833,35.1325],[136.950833,35.136667],[136.946667,35.136667],[136.946667,35.1325]]]}},{"type":"Feature","properties":{"mesh_id":"mesh-0041-0027","ward_code":"23108","ward_name":"瑞穂区","population":1686,"cell_fraction":1.0},"geometry":{"type":"Polygon","coordinates":[[[136.950833,35.1325],[136.955,35.1325],[136.955,35.136667],[136.950833,35.136667],[136.950833,35.1325]]]}},{"type":"Feature","properties":{"mesh_id":"mesh-0042-0027","ward_code":"23108","ward_name":"瑞穂区","population":1686,"cell_fraction":1.0},"geometry":{"type":"Polygon","coordinates":[[[136.955,35.1325],[136.959167,35.1325],[136.959167,35.136667],[136.955,35.136667],[136.955,35.1325]]]}},{"type":"Feature","properties":{"mesh_id":"mesh-0033-0028","ward_code":"23108","ward_name":"瑞穂区","population":843,"cell_fraction":0.5},"geometry":{"type":"Polygon","coordinates":[[[136.9175,35.136667],[136.921667,35.136667],[136.921667,35.140833],[136.9175,35.140833],[136.9175,35.136667]]]}},{"type":"Feature","properties":{"mesh_id":"mesh-0034-0028","ward_code":"23108","ward_name":"瑞穂区","population":843,"cell_fraction":0.5},"geometry":{"type":"Polygon","coordinates":[[[136.921667,35.136667],[136.925833,35.136667],[136.925833,35.140833],[136.921667,35.140833],[136.921667,35.136667]]]}},{"type":"Feature","properties":{"mesh_id":"mesh-0035-0028","ward_code":"23108","ward_name":"瑞穂区","population":1686,"cell_fraction":1.0},"geometry":{"type":"Polygon","coordinates":[[[136.925833,35.136667],[136.93,35.136667],[136.93,35.140833],[136.925833,35.140833],[136.925833,35.136667]]]}},{"type":"Feature","properties":{"mesh_id":"mesh-0036-0028","ward_code":"23108","ward_name":"瑞穂区","population":1686,"cell_fraction":1.0},"geometry":{"type":"Polygon","coordinates":[[[136.93,35.136667],[136.934167,35.136667],[136.934167,35.140833],[136.93,35.140833],[136.93,35.136667]]]}},{"type":"Feature","properties":{"mesh_id":"mesh-0037-0028","ward_code":"23108","ward_name":"瑞穂区","population":1265,"cell_fraction":0.75},"geometry":{"type":"Polygon","coordinates":[[[136.934167,35.136667],[136.938333,35.136667],[136.938333,35.140833],[136.934167,35.140833],[136.934167,35.136667]]]}},{"type":"Feature","properties":{"mesh_id":"mesh-0038-0028","ward_code":"23108","ward_name":"瑞穂区","population":843,"cell_fraction":0.5},"geometry":{"type":"Polygon","coordinates":[[[136.938333,35.136667],[136.9425,35.136667],[136.9425,35.140833],[136.938333,35.140833],[136.938333,35.136667]]]}},{"type":"Feature","properties":{"mesh_id":"mesh-0039-0028","ward_code":"23108","ward_name":"瑞穂区","population":843,"cell_fraction":0.5},"geometry":{"type":"Polygon","coordinates":[[[136.9425,35.136667],[136.946667,35.136667],[136.946667,35.140833],[136.9425,35.140833],[136.9425,35.136667]]]}},{"type":"Feature","properties":{"mesh_id":"mesh-0040-0028","ward_code":"23108","ward_name":"瑞穂区","population":843,"cell_fraction":0.5},"geometry":{"type":"Polygon","coordinates":[[[136.946667,35.136667],[136.950833,35.136667],[136.950833,35.140833],[136.946667,35.140833],[136.946667,35.136667]]]}},{"type":"Feature","properties":{"mesh_id":"mesh-0041-0028","ward_code":"23108","ward_name":"瑞穂区","population":422,"cell_fraction":0.25},"geometry":{"type":"Polygon","coordinates":[[[136.950833,35.136667],[136.955,35.136667],[136.955,35.140833],[136.950833,35.140833],[136.950833,35.136667]]]}},{"type":"Feature","properties":{"mesh_id":"mesh-0026-0022","ward_code":"23109","ward_name":"熱田区","population":358,"cell_fraction":0.25},"geometry":{"type":"Polygon","coordinates":[[[136.888333,35.111667],[136.8925,35.111667],[136.8925,35.115833],[136.888333,35.115833],[136.888333,35.111667]]]}},{"type":"Feature","properties":{"mesh_id":"mesh-0027-0022","ward_code":"23109","ward_name":"熱田区","population":716,"cell_fraction":0.5},"geometry":{"type":"Polygon","coordinates":[[[136.8925,35.111667],[136.896667,35.111667],[136.896667,35.115833],[136.8925,35.115833],[136.8925,35.111667]]]}},{"type":"Feature","properties":{"mesh_id":"mesh-0028-0022","ward_code":"23109","ward_name":"熱田区","population":1074,"cell_fraction":0.75},"geometry":{"type":"Polygon","coordinates":[[[136.896667,35.111667],[136.900833,35.111667],[136.900833,35.115833],[136.896667,35.115833],[136.896667,35.111667]]]}},{"type":"Feature","properties":{"mesh_id":"mesh-0029-0022","ward_code":"23109","ward_name":"熱田区","population":358,"cell_fraction":0.25},"geometry":{"type":"Polygon","coordinates":[[[136.900833,35.111667],[136.905,35.111667],[136.905,35.115833],[136.900833,35.115833],[136.900833,35.111667]]]}},{"type":"Feature","properties":{"mesh_id":"mesh-0024-0023","ward_code":"23109","ward_name":"熱田区","population":358,"cell_fraction":0.25},"geometry":{"type":"Polygon","coordinates":[[[136.88,35.115833],[136.884167,35.115833],[136.884167,35.12],[136.88,35.12],[136.88,35.115833]]]}},{"type":"Feature","properties":{"mesh_id":"mesh-0025-0023","ward_code":"23109","ward_name":"熱田区","population":716,"cell_fraction":0.5},"geometry":{"type":"Polygon","coordinates":[[[136.884167,35.115833],[136.888333,35.115833],[136.888333,35.12],[136.884167,35.12],[136.884167,35.115833]]]}},{"type":"Feature","properties":{"mesh_id":"mesh-0026-0023","ward_code":"23109","ward_name":"熱田区","population":1074,"cell_fraction":0.75},"geometry":{"type":"Polygon","coordinates":[[[136.888333,35.115833],[136.8925,35.115833],[136.8925,35.12],[136.888333,35.12],[136.888333,35.115833]]]}},{"type":"Feature","properties":{"mesh_id":"mesh-0027-0023","ward_code":"23109","ward_name":"熱田区","population":1433,"cell_fraction":1.0},"geometry":{"type":"Polygon","coordinates":[[[136.8925,35.115833],[136.896667,35.115833],[136.896667,35.12],[136.8925,35.12],[136.8925,35.115833]]]}},{"type":"Feature","properties":{"mesh_id":"mesh-0028-0023","ward_code":"23109","ward_name":"熱田区","population":1433,"cell_fraction":1.0},"geometry":{"type":"Polygon","coordinates":[[[136.896667,35.115833],[136.900833,35.115833],[136.900833,35.12],[136.896667,35.12],[136.896667,35.115833]]]}},{"type":"Feature","properties":{"mesh_id":"mesh-0029-0023","ward_code":"23109","ward_name":"熱田区","population":1074,"cell_fraction":0.75},"geometry":{"type":"Polygon","coordinates":[[[136.900833,35.115833],[136.905,35.115833],[136.905,35.12],[136.900833,35.12],[136.900833,35.115833]]]}},{"type":"Feature","properties":{"mesh_id":"mesh-0030-0023","ward_code":"23109","ward_name":"熱田区","population":1074,"cell_fraction":0.75},"geometry":{"type":"Polygon","coordinates":[[[136.905,35.115833],[136.909167,35.115833],[136.909167,35.12],[136.905,35.12],[136.905,35.115833]]]}},{"type":"Feature","properties":{"mesh_id":"mesh-0031-0023","ward_code":"23109","ward_name":"熱田区","population":1433,"cell_fraction":1.0},"geometry":{"type":"Polygon","coordinates":[[[136.909167,35.115833],[136.913333,35.115833],[136.913333,35.12],[136.909167,35.12],[136.909167,35.115833]]]}},{"type":"Feature","properties":{"mesh_id":"mesh-0024-0024","ward_code":"23109","ward_name":"熱田区","population":358,"cell_fraction":0.25},"geometry":{"type":"Polygon","coordinates":[[[136.88,35.12],[136.884167,35.12],[136.884167,35.124167],[136.88,35.124167],[136.88,35.12]]]}},{"type":"Feature","properties":{"mesh_id":"mesh-0025-0024","ward_code":"23109","ward_name":"熱田区","population":1433,"cell_fraction":1.0},"geometry":{"type":"Polygon","coordinates":[[[136.884167,35.12],[136.888333,35.12],[136.888333,35.124167],[136.884167,35.124167],[136.884167,35.12]]]}},{"type":"Feature","properties":{"mesh_id":"mesh-0026-0024","ward_code":"23109","ward_name":"熱田区","population":1433,"cell_fraction":1.0},"geometry":{"type":"Polygon","coordinates":[[[136.888333,35.12],[136.8925,35.12],[136.8925,35.124167],[136.888333,35.124167],[136.888333,35.12]]]}},{"type":"Feature","properties":{"mesh_id":"mesh-0027-0024","ward_code":"23109","ward_name":"熱田区","population":1433,"cell_fraction":1.0},"geometry":{"type":"Polygon","coordinates":[[[136.8925,35.12],[136.896667,35.12],[136.896667,35.124167],[136.8925,35.124167],[136.8925,35.12]]]}},{"type":"Feature","properties":{"mesh_id":"mesh-0028-0024","ward_code":"23109","ward_name":"熱田区","population":1433,"cell_fraction":1.0},"geometry":{"type":"Polygon","coordinates":[[[136.896667,35.12],[136.900833,35.12],[136.900833,35.124167],[136.896667,35.124167],[136.896667,35.12]]]}},{"type":"Feature","properties":{"mesh_id":"mesh-0029-0024","ward_code":"23109","ward_name":"熱田区","population":1433,"cell_fraction":1.0},"geometry":{"type":"Polygon","coordinates":[[[136.900833,35.12],[136.905,35.12],[136.905,35.124167],[136.900833,35.124167],[136.900833,35.12]]]}},{"type":"Feature","properties":{"mesh_id":"mesh-0030-0024","ward_code":"23109","ward_name":"熱田区","population":1433,"cell_fraction":1.0},"geometry":{"type":"Polygon","coordinates":[[[136.905,35.12],[136.909167,35.12],[136.909167,35.124167],[136.905,35.124167],[136.905,35.12]]]}},{"type":"Feature","properties":{"mesh_id":"mesh-0031-0024","ward_code":"23109","ward_name":"熱田区","population":1433,"cell_fraction":1.0},"geometry":{"type":"Polygon","coordinates":[[[136.909167,35.12],[136.913333,35.12],[136.913333,35.124167],[136.909167,35.124167],[136.909167,35.12]]]}},{"type":"Feature","properties":{"mesh_id":"mesh-0032-0024","ward_code":"23109","ward_name":"熱田区","population":716,"cell_fraction":0.5},"geometry":{"type":"Polygon","coordinates":[[[136.913333,35.12],[136.9175,35.12],[136.9175,35.124167],[136.913333,35.124167],[136.913333,35.12]]]}},{"type":"Feature","properties":{"mesh_id":"mesh-0025-0025","ward_code":"23109","ward_name":"熱田区","population":1433,"cell_fraction":1.0},"geometry":{"type":"Polygon","coordinates":[[[136.884167,35.124167],[136.888333,35.124167],[136.888333,35.128333],[136.884167,35.128333],[136.884167,35.124167]]]}},{"type":"Feature","properties":{"mesh_id":"mesh-0026-0025","ward_code":"23109","ward_name":"熱田区","population":1432,"cell_fraction":1.0},"geometry":{"type":"Polygon","coordinates":[[[136.888333,35.124167],[136.8925,35.124167],[136.8925,35.128333],[136.888333,35.128333],[136.888333,35.124167]]]}},{"type":"Feature","properties":{"mesh_id":"mesh-0027-0025","ward_code":"23109","ward_name":"熱田区","population":1432,"cell_fraction":1.0},"geometry":{"type":"Polygon","coordinates":[[[136.8925,35.124167],[136.896667,35.124167],[136.896667,35.128333],[136.8925,35.128333],[136.8925,35.124167]]]}},{"type":"Feature","properties":{"mesh_id":"mesh-0028-0025","ward_code":"23109","ward_name":"熱田区","population":1432,"cell_fraction":1.0},"geometry":{"type":"Polygon","coordinates":[[[136.896667,35.124167],[136.900833,35.124167],[136.900833,35.128333],[136.896667,35.128333],[136.896667,35.124167]]]}},{"type":"Feature","properties":{"mesh_id":"mesh-0029-0025","ward_code":"23109","ward_name":"熱田区","population":1432,"cell_fraction":1.0},"geometry":{"type":"Polygon","coordinates":[[[136.900833,35.124167],[136.905,35.124167],[136.905,35.128333],[136.900833,35.128333],[136.900833,35.124167]]]}},{"type":"Feature","properties":{"mesh_id":"mesh-0030-0025","ward_code":"23109","ward_name":"熱田区","population":1432,"cell_fraction":1.0},"geometry":{"type":"Polygon","coordinates":[[[136.905,35.124167],[136.909167,35.124167],[136.909167,35.128333],[136.905,35.128333],[136.905,35.124167]]]}},{"type":"Feature","properties":{"mesh_id":"mesh-0031-0025","ward_code":"23109","ward_name":"熱田区","population":1432,"cell_fraction":1.0},"geometry":{"type":"Polygon","coordinates":[[[136.909167,35.124167],[136.913333,35.124167],[136.913333,35.128333],[136.909167,35.128333],[136.909167,35.124167]]]}},{"type":"Feature","properties":{"mesh_id":"mesh-0032-0025","ward_code":"23109","ward_name":"熱田区","population":1432,"cell_fraction":1.0},"geometry":{"type":"Polygon","coordinates":[[[136.913333,35.124167],[136.9175,35.124167],[136.9175,35.128333],[136.913333,35.128333],[136.913333,35.124167]]]}},{"type":"Feature","properties":{"mesh_id":"mesh-0025-0026","ward_code":"23109","ward_name":"熱田区","population":1432,"cell_fraction":1.0},"geometry":{"type":"Polygon","coordinates":[[[136.884167,35.128333],[136.888333,35.128333],[136.888333,35.1325],[136.884167,35.1325],[136.884167,35.128333]]]}},{"type":"Feature","properties":{"mesh_id":"mesh-0026-0026","ward_code":"23109","ward_name":"熱田区","population":1432,"cell_fraction":1.0},"geometry":{"type":"Polygon","coordinates":[[[136.888333,35.128333],[136.8925,35.128333],[136.8925,35.1325],[136.888333,35.1325],[136.888333,35.128333]]]}},{"type":"Feature","properties":{"mesh_id":"mesh-0027-0026","ward_code":"23109","ward_name":"熱田区","population":1432,"cell_fraction":1.0},"geometry":{"type":"Polygon","coordinates":[[[136.8925,35.128333],[136.896667,35.128333],[136.896667,35.1325],[136.8925,35.1325],[136.8925,35.128333]]]}},{"type":"Feature","properties":{"mesh_id":"mesh-0028-0026","ward_code":"23109","ward_name":"熱田区","population":1432,"cell_fraction":1.0},"geometry":{"type":"Polygon","coordinates":[[[136.896667,35.128333],[136.900833,35.128333],[136.900833,35.1325],[136.896667,35.1325],[136.896667,35.128333]]]}},{"type":"Feature","properties":{"mesh_id":"mesh-0029-0026","ward_code":"23109","ward_name":"熱田区","population":1432,"cell_fraction":1.0},"geometry":{"type":"Polygon","coordinates":[[[136.900833,35.128333],[136.905,35.128333],[136.905,35.1325],[136.900833,35.1325],[136.900833,35.128333]]]}},{"type":"Feature","properties":{"mesh_id":"mesh-0030-0026","ward_code":"23109","ward_name":"熱田区","population":1432,"cell_fraction":1.0},"geometry":{"type":"Polygon","coordinates":[[[136.905,35.128333],[136.909167,35.128333],[136.909167,35.1325],[136.905,35.1325],[136.905,35.128333]]]}},{"type":"Feature","properties":{"mesh_id":"mesh-0031-0026","ward_code":"23109","ward_name":"熱田区","population":1432,"cell_fraction":1.0},"geometry":{"type":"Polygon","coordinates":[[[136.909167,35.128333],[136.913333,35.128333],[136.913333,35.1325],[136.909167,35.1325],[136.909167,35.128333]]]}},{"type":"Feature","properties":{"mesh_id":"mesh-0032-0026","ward_code":"23109","ward_name":"熱田区","population":1432,"cell_fraction":1.0},"geometry":{"type":"Polygon","coordinates":[[[136.913333,35.128333],[136.9175,35.128333],[136.9175,35.1325],[136.913333,35.1325],[136.913333,35.128333]]]}},{"type":"Feature","properties":{"mesh_id":"mesh-0025-0027","ward_code":"23109","ward_name":"熱田区","population":1074,"cell_fraction":0.75},"geometry":{"type":"Polygon","coordinates":[[[136.884167,35.1325],[136.888333,35.1325],[136.888333,35.136667],[136.884167,35.136667],[136.884167,35.1325]]]}},{"type":"Feature","properties":{"mesh_id":"mesh-0026-0027","ward_code":"23109","ward_name":"熱田区","population":1432,"cell_fraction":1.0},"geometry":{"type":"Polygon","coordinates":[[[136.888333,35.1325],[136.8925,35.1325],[136.8925,35.136667],[136.888333,35.136667],[136.888333,35.1325]]]}},{"type":"Feature","properties":{"mesh_id":"mesh-0027-0027","ward_code":"23109","ward_name":"熱田区","population":1432,"cell_fraction":1.0},"geometry":{"type":"Polygon","coordinates":[[[136.8925,35.1325],[136.896667,35.1325],[136.896667,35.136667],[136.8925,35.136667],[136.8925,35.1325]]]}},{"type":"Feature","properties":{"mesh_id":"mesh-0028-0027","ward_code":"23109","ward_name":"熱田区","population":1432,"cell_fraction":1.0},"geometry":{"type":"Polygon","coordinates":[[[136.896667,35.1325],[136.900833,35.1325],[136.900833,35.136667],[136.896667,35.136667],[136.896667,35.1325]]]}},{"type":"Feature","properties":{"mesh_id":"mesh-0029-0027","ward_code":"23109","ward_name":"熱田区","population":1432,"cell_fraction":1.0},"geometry":{"type":"Polygon","coordinates":[[[136.900833,35.1325],[136.905,35.1325],[136.905,35.136667],[136.900833,35.136667],[136.900833,35.1325]]]}},{"type":"Feature","properties":{"mesh_id":"mesh-0030-0027","ward_code":"23109","ward_name":"熱田区","population":1432,"cell_fraction":1.0},"geometry":{"type":"Polygon","coordinates":[[[136.905,35.1325],[136.909167,35.1325],[136.909167,35.136667],[136.905,35.136667],[136.905,35.1325]]]}},{"type":"Feature","properties":{"mesh_id":"mesh-0031-0027","ward_code":"23109","ward_name":"熱田区","population":1432,"cell_fraction":1.0},"geometry":{"type":"Polygon","coordinates":[[[136.909167,35.1325],[136.913333,35.1325],[136.913333,35.136667],[136.909167,35.136667],[136.909167,35.1325]]]}},{"type":"Feature","properties":{"mesh_id":"mesh-0032-0027","ward_code":"23109","ward_name":"熱田区","population":716,"cell_fraction":0.5},"geometry":{"type":"Polygon","coordinates":[[[136.913333,35.1325],[136.9175,35.1325],[136.9175,35.136667],[136.913333,35.136667],[136.913333,35.1325]]]}},{"type":"Feature","properties":{"mesh_id":"mesh-0025-0028","ward_code":"23109","ward_name":"熱田区","population":716,"cell_fraction":0.5},"geometry":{"type":"Polygon","coordinates":[[[136.884167,35.136667],[136.888333,35.136667],[136.888333,35.140833],[136.884167,35.140833],[136.884167,35.136667]]]}},{"type":"Feature","properties":{"mesh_id":"mesh-0026-0028","ward_code":"23109","ward_name":"熱田区","population":1432,"cell_fraction":1.0},"geometry":{"type":"Polygon","coordinates":[[[136.888333,35.136667],[136.8925,35.136667],[136.8925,35.140833],[136.888333,35.140833],[136.888333,35.136667]]]}},{"type":"Feature","properties":{"mesh_id":"mesh-0027-0028","ward_code":"23109","ward_name":"熱田区","population":716,"cell_fraction":0.5},"geometry":{"type":"Polygon","coordinates":[[[136.8925,35.136667],[136.896667,35.136667],[136.896667,35.140833],[136.8925,35.140833],[136.8925,35.136667]]]}},{"type":"Feature","properties":{"mesh_id":"mesh-0028-0028","ward_code":"23109","ward_name":"熱田区","population":1074,"cell_fraction":0.75},"geometry":{"type":"Polygon","coordinates":[[[136.896667,35.136667],[136.900833,35.136667],[136.900833,35.140833],[136.896667,35.140833],[136.896667,35.136667]]]}},{"type":"Feature","properties":{"mesh_id":"mesh-0029-0028","ward_code":"23109","ward_name":"熱田区","population":1432,"cell_fraction":1.0},"geometry":{"type":"Polygon","coordinates":[[[136.900833,35.136667],[136.905,35.136667],[136.905,35.140833],[136.900833,35.140833],[136.900833,35.136667]]]}},{"type":"Feature","properties":{"mesh_id":"mesh-0030-0028","ward_code":"23109","ward_name":"熱田区","population":1432,"cell_fraction":1.0},"geometry":{"type":"Polygon","coordinates":[[[136.905,35.136667],[136.909167,35.136667],[136.909167,35.140833],[136.905,35.140833],[136.905,35.136667]]]}},{"type":"Feature","properties":{"mesh_id":"mesh-0031-0028","ward_code":"23109","ward_name":"熱田区","population":1432,"cell_fraction":1.0},"geometry":{"type":"Polygon","coordinates":[[[136.909167,35.136667],[136.913333,35.136667],[136.913333,35.140833],[136.909167,35.140833],[136.909167,35.136667]]]}},{"type":"Feature","properties":{"mesh_id":"mesh-0032-0028","ward_code":"23109","ward_name":"熱田区","population":358,"cell_fraction":0.25},"geometry":{"type":"Polygon","coordinates":[[[136.913333,35.136667],[136.9175,35.136667],[136.9175,35.140833],[136.913333,35.140833],[136.913333,35.136667]]]}},{"type":"Feature","properties":{"mesh_id":"mesh-0028-0029","ward_code":"23109","ward_name":"熱田区","population":716,"cell_fraction":0.5},"geometry":{"type":"Polygon","coordinates":[[[136.896667,35.140833],[136.900833,35.140833],[136.900833,35.145],[136.896667,35.145],[136.896667,35.140833]]]}},{"type":"Feature","properties":{"mesh_id":"mesh-0029-0029","ward_code":"23109","ward_name":"熱田区","population":716,"cell_fraction":0.5},"geometry":{"type":"Polygon","coordinates":[[[136.900833,35.140833],[136.905,35.140833],[136.905,35.145],[136.900833,35.145],[136.900833,35.140833]]]}},{"type":"Feature","properties":{"mesh_id":"mesh-0030-0029","ward_code":"23109","ward_name":"熱田区","population":716,"cell_fraction":0.5},"geometry":{"type":"Polygon","coordinates":[[[136.905,35.140833],[136.909167,35.140833],[136.909167,35.145],[136.905,35.145],[136.905,35.140833]]]}},{"type":"Feature","properties":{"mesh_id":"mesh-0031-0029","ward_code":"23109","ward_name":"熱田区","population":716,"cell_fraction":0.5},"geometry":{"type":"Polygon","coordinates":[[[136.909167,35.140833],[136.913333,35.140833],[136.913333,35.145],[136.909167,35.145],[136.909167,35.140833]]]}},{"type":"Feature","properties":{"mesh_id":"mesh-0013-0021","ward_code":"23110","ward_name":"中川区","population":302,"cell_fraction":0.25},"geometry":{"type":"Polygon","coordinates":[[[136.834167,35.1075],[136.838333,35.1075],[136.838333,35.111667],[136.834167,35.111667],[136.834167,35.1075]]]}},{"type":"Feature","properties":{"mesh_id":"mesh-0013-0022","ward_code":"23110","ward_name":"中川区","population":605,"cell_fraction":0.5},"geometry":{"type":"Polygon","coordinates":[[[136.834167,35.111667],[136.838333,35.111667],[136.838333,35.115833],[136.834167,35.115833],[136.834167,35.111667]]]}},{"type":"Feature","properties":{"mesh_id":"mesh-0010-0023","ward_code":"23110","ward_name":"中川区","population":605,"cell_fraction":0.5},"geometry":{"type":"Polygon","coordinates":[[[136.821667,35.115833],[136.825833,35.115833],[136.825833,35.12],[136.821667,35.12],[136.821667,35.115833]]]}},{"type":"Feature","properties":{"mesh_id":"mesh-0011-0023","ward_code":"23110","ward_name":"中川区","population":302,"cell_fraction":0.25},"geometry":{"type":"Polygon","coordinates":[[[136.825833,35.115833],[136.83,35.115833],[136.83,35.12],[136.825833,35.12],[136.825833,35.115833]]]}},{"type":"Feature","properties":{"mesh_id":"mesh-0012-0023","ward_code":"23110","ward_name":"中川区","population":302,"cell_fraction":0.25},"geometry":{"type":"Polygon","coordinates":[[[136.83,35.115833],[136.834167,35.115833],[136.834167,35.12],[136.83,35.12],[136.83,35.115833]]]}},{"type":"Feature","properties":{"mesh_id":"mesh-0013-0023","ward_code":"23110","ward_name":"中川区","population":907,"cell_fraction":0.75},"geometry":{"type":"Polygon","coordinates":[[[136.834167,35.115833],[136.838333,35.115833],[136.838333,35.12],[136.834167,35.12],[136.834167,35.115833]]]}},{"type":"Feature","properties":{"mesh_id":"mesh-0014-0023","ward_code":"23110","ward_name":"中川区","population":907,"cell_fraction":0.75},"geometry":{"type":"Polygon","coordinates":[[[136.838333,35.115833],[136.8425,35.115833],[136.8425,35.12],[136.838333,35.12],[136.838333,35.115833]]]}},{"type":"Feature","properties":{"mesh_id":"mesh-0015-0023","ward_code":"23110","ward_name":"中川区","population":605,"cell_fraction":0.5},"geometry":{"type":"Polygon","coordinates":[[[136.8425,35.115833],[136.846667,35.115833],[136.846667,35.12],[136.8425,35.12],[136.8425,35.115833]]]}},{"type":"Feature","properties":{"mesh_id":"mesh-0020-0023","ward_code":"23110","ward_name":"中川区","population":605,"cell_fraction":0.5},"geometry":{"type":"Polygon","coordinates":[[[136.863333,35.115833],[136.8675,35.115833],[136.8675,35.12],[136.863333,35.12],[136.863333,35.115833]]]}},{"type":"Feature","properties":{"mesh_id":"mesh-0021-0023","ward_code":"23110","ward_name":"中川区","population":605,"cell_fraction":0.5},"geometry":{"type":"Polygon","coordinates":[[[136.8675,35.115833],[136.871667,35.115833],[136.871667,35.12],[136.8675,35.12],[136.8675,35.115833]]]}},{"type":"Feature","properties":{"mesh_id":"mesh-0022-0023","ward_code":"23110","ward_name":"中川区","population":605,"cell_fraction":0.5},"geometry":{"type":"Polygon","coordinates":[[[136.871667,35.115833],[136.875833,35.115833],[136.875833,35.12],[136.871667,35.12],[136.871667,35.115833]]]}},{"type":"Feature","properties":{"mesh_id":"mesh-0023-0023","ward_code":"23110","ward_name":"中川区","population":605,"cell_fraction":0.5},"geometry":{"type":"Polygon","coordinates":[[[136.875833,35.115833],[136.88,35.115833],[136.88,35.12],[136.875833,35.12],[136.875833,35.115833]]]}},{"type":"Feature","properties":{"mesh_id":"mesh-0024-0023","ward_code":"23110","ward_name":"中川区","population":302,"cell_fraction":0.25},"geometry":{"type":"Polygon","coordinates":[[[136.88,35.115833],[136.884167,35.115833],[136.884167,35.12],[136.88,35.12],[136.88,35.115833]]]}},{"type":"Feature","properties":{"mesh_id":"mesh-0004-0024","ward_code":"23110","ward_name":"中川区","population":302,"cell_fraction":0.25},"geometry":{"type":"Polygon","coordinates":[[[136.796667,35.12],[136.800833,35.12],[136.800833,35.124167],[136.796667,35.124167],[136.796667,35.12]]]}},{"type":"Feature","properties":{"mesh_id":"mesh-0005-0024","ward_code":"23110","ward_name":"中川区","population":605,"cell_fraction":0.5},"geometry":{"type":"Polygon","coordinates":[[[136.800833,35.12],[136.805,35.12],[136.805,35.124167],[136.800833,35.124167],[136.800833,35.12]]]}},{"type":"Feature","properties":{"mesh_id":"mesh-0006-0024","ward_code":"23110","ward_name":"中川区","population":1210,"cell_fraction":1.0},"geometry":{"type":"Polygon","coordinates":[[[136.805,35.12],[136.809167,35.12],[136.809167,35.124167],[136.805,35.124167],[136.805,35.12]]]}},{"type":"Feature","properties":{"mesh_id":"mesh-0007-0024","ward_code":"23110","ward_name":"中川区","population":605,"cell_fraction":0.5},"geometry":{"type":"Polygon","coordinates":[[[136.809167,35.12],[136.813333,35.12],[136.813333,35.124167],[136.809167,35.124167],[136.809167,35.12]]]}},{"type":"Feature","properties":{"mesh_id":"mesh-0010-0024","ward_code":"23110","ward_name":"中川区","population":1210,"cell_fraction":1.0},"geometry":{"type":"Polygon","coordinates":[[[136.821667,35.12],[136.825833,35.12],[136.825833,35.124167],[136.821667,35.124167],[136.821667,35.12]]]}},{"type":"Feature","properties":{"mesh_id":"mesh-0011-0024","ward_code":"23110","ward_name":"中川区","population":1210,"cell_fraction":1.0},"geometry":{"type":"Polygon","coordinates":[[[136.825833,35.12],[136.83,35.12],[136.83,35.124167],[136.825833,35.124167],[136.825833,35.12]]]}},{"type":"Feature","properties":{"mesh_id":"mesh-0012-0024","ward_code":"23110","ward_name":"中川区","population":1210,"cell_fraction":1.0},"geometry":{"type":"Polygon","coordinates":[[[136.83,35.12],[136.834167,35.12],[136.834167,35.124167],[136.83,35.124167],[136.83,35.12]]]}},{"type":"Feature","properties":{"mesh_id":"mesh-0013-0024","ward_code":"23110","ward_name":"中川区","population":1210,"cell_fraction":1.0},"geometry":{"type":"Polygon","coordinates":[[[136.834167,35.12],[136.838333,35.12],[136.838333,35.124167],[136.834167,35.124167],[136.834167,35.12]]]}},{"type":"Feature","properties":{"mesh_id":"mesh-0014-0024","ward_code":"23110","ward_name":"中川区","population":1210,"cell_fraction":1.0},"geometry":{"type":"Polygon","coordinates":[[[136.838333,35.12],[136.8425,35.12],[136.8425,35.124167],[136.838333,35.124167],[136.838333,35.12]]]}},{"type":"Feature","properties":{"mesh_id":"mesh-0015-0024","ward_code":"23110","ward_name":"中川区","population":1210,"cell_fraction":1.0},"geometry":{"type":"Polygon","coordinates":[[[136.8425,35.12],[136.846667,35.12],[136.846667,35.124167],[136.8425,35.124167],[136.8425,35.12]]]}},{"type":"Feature","properties":{"mesh_id":"mesh-0016-0024","ward_code":"23110","ward_name":"中川区","population":1210,"cell_fraction":1.0},"geometry":{"type":"Polygon","coordinates":[[[136.846667,35.12],[136.850833,35.12],[136.850833,35.124167],[136.846667,35.124167],[136.846667,35.12]]]}},{"type":"Feature","properties":{"mesh_id":"mesh-0017-0024","ward_code":"23110","ward_name":"中川区","population":605,"cell_fraction":0.5},"geometry":{"type":"Polygon","coordinates":[[[136.850833,35.12],[136.855,35.12],[136.855,35.124167],[136.850833,35.124167],[136.850833,35.12]]]}},{"type":"Feature","properties":{"mesh_id":"mesh-0018-0024","ward_code":"23110","ward_name":"中川区","population":605,"cell_fraction":0.5},"geometry":{"type":"Polygon","coordinates":[[[136.855,35.12],[136.859167,35.12],[136.859167,35.124167],[136.855,35.124167],[136.855,35.12]]]}},{"type":"Feature","properties":{"mesh_id":"mesh-0019-0024","ward_code":"23110","ward_name":"中川区","population":605,"cell_fraction":0.5},"geometry":{"type":"Polygon","coordinates":[[[136.859167,35.12],[136.863333,35.12],[136.863333,35.124167],[136.859167,35.124167],[136.859167,35.12]]]}},{"type":"Feature","properties":{"mesh_id":"mesh-0020-0024","ward_code":"23110","ward_name":"中川区","population":1210,"cell_fraction":1.0},"geometry":{"type":"Polygon","coordinates":[[[136.863333,35.12],[136.8675,35.12],[136.8675,35.124167],[136.863333,35.124167],[136.863333,35.12]]]}},{"type":"Feature","properties":{"mesh_id":"mesh-0021-0024","ward_code":"23110","ward_name":"中川区","population":1210,"cell_fraction":1.0},"geometry":{"type":"Polygon","coordinates":[[[136.8675,35.12],[136.871667,35.12],[136.871667,35.124167],[136.8675,35.124167],[136.8675,35.12]]]}},{"type":"Feature","properties":{"mesh_id":"mesh-0022-0024","ward_code":"23110","ward_name":"中川区","population":1210,"cell_fraction":1.0},"geometry":{"type":"Polygon","coordinates":[[[136.871667,35.12],[136.875833,35.12],[136.875833,35.124167],[136.871667,35.124167],[136.871667,35.12]]]}},{"type":"Feature","properties":{"mesh_id":"mesh-0023-0024","ward_code":"23110","ward_name":"中川区","population":1210,"cell_fraction":1.0},"geometry":{"type":"Polygon","coordinates":[[[136.875833,35.12],[136.88,35.12],[136.88,35.124167],[136.875833,35.124167],[136.875833,35.12]]]}},{"type":"Feature","properties":{"mesh_id":"mesh-0024-0024","ward_code":"23110","ward_name":"中川区","population":907,"cell_fraction":0.75},"geometry":{"type":"Polygon","coordinates":[[[136.88,35.12],[136.884167,35.12],[136.884167,35.124167],[136.88,35.124167],[136.88,35.12]]]}},{"type":"Feature","properties":{"mesh_id":"mesh-0004-0025","ward_code":"23110","ward_name":"中川区","population":1210,"cell_fraction":1.0},"geometry":{"type":"Polygon","coordinates":[[[136.796667,35.124167],[136.800833,35.124167],[136.800833,35.128333],[136.796667,35.128333],[136.796667,35.124167]]]}},{"type":"Feature","properties":{"mesh_id":"mesh-0005-0025","ward_code":"23110","ward_name":"中川区","population":1210,"cell_fraction":1.0},"geometry":{"type":"Polygon","coordinates":[[[136.800833,35.124167],[136.805,35.124167],[136.805,35.128333],[136.800833,35.128333],[136.800833,35.124167]]]}},{"type":"Feature","properties":{"mesh_id":"mesh-0006-0025","ward_code":"23110","ward_name":"中川区","population":1210,"cell_fraction":1.0},"geometry":{"type":"Polygon","coordinates":[[[136.805,35.124167],[136.809167,35.124167],[136.809167,35.128333],[136.805,35.128333],[136.805,35.124167]]]}},{"type":"Feature","properties":{"mesh_id":"mesh-0007-0025","ward_code":"23110","ward_name":"中川区","population":1210,"cell_fraction":1.0},"geometry":{"type":"Polygon","coordinates":[[[136.809167,35.124167],[136.813333,35.124167],[136.813333,35.128333],[136.809167,35.128333],[136.809167,35.124167]]]}},{"type":"Feature","properties":{"mesh_id":"mesh-0008-0025","ward_code":"23110","ward_name":"中川区","population":907,"cell_fraction":0.75},"geometry":{"type":"Polygon","coordinates":[[[136.813333,35.124167],[136.8175,35.124167],[136.8175,35.128333],[136.813333,35.128333],[136.813333,35.124167]]]}},{"type":"Feature","properties":{"mesh_id":"mesh-0009-0025","ward_code":"23110","ward_name":"中川区","population":907,"cell_fraction":0.75},"geometry":{"type":"Polygon","coordinates":[[[136.8175,35.124167],[136.821667,35.124167],[136.821667,35.128333],[136.8175,35.128333],[136.8175,35.124167]]]}},{"type":"Feature","properties":{"mesh_id":"mesh-0010-0025","ward_code":"23110","ward_name":"中川区","population":1210,"cell_fraction":1.0},"geometry":{"type":"Polygon","coordinates":[[[136.821667,35.124167],[136.825833,35.124167],[136.825833,35.128333],[136.821667,35.128333],[136.821667,35.124167]]]}},{"type":"Feature","properties":{"mesh_id":"mesh-0011-0025","ward_code":"23110","ward_name":"中川区","population":1210,"cell_fraction":1.0},"geometry":{"type":"Polygon","coordinates":[[[136.825833,35.124167],[136.83,35.124167],[136.83,35.128333],[136.825833,35.128333],[136.825833,35.124167]]]}},{"type":"Feature","properties":{"mesh_id":"mesh-0012-0025","ward_code":"23110","ward_name":"中川区","population":1210,"cell_fraction":1.0},"geometry":{"type":"Polygon","coordinates":[[[136.83,35.124167],[136.834167,35.124167],[136.834167,35.128333],[136.83,35.128333],[136.83,35.124167]]]}},{"type":"Feature","properties":{"mesh_id":"mesh-0013-0025","ward_code":"23110","ward_name":"中川区","population":1210,"cell_fraction":1.0},"geometry":{"type":"Polygon","coordinates":[[[136.834167,35.124167],[136.838333,35.124167],[136.838333,35.128333],[136.834167,35.128333],[136.834167,35.124167]]]}},{"type":"Feature","properties":{"mesh_id":"mesh-0014-0025","ward_code":"23110","ward_name":"中川区","population":1210,"cell_fraction":1.0},"geometry":{"type":"Polygon","coordinates":[[[136.838333,35.124167],[136.8425,35.124167],[136.8425,35.128333],[136.838333,35.128333],[136.838333,35.124167]]]}},{"type":"Feature","properties":{"mesh_id":"mesh-0015-0025","ward_code":"23110","ward_name":"中川区","population":1210,"cell_fraction":1.0},"geometry":{"type":"Polygon","coordinates":[[[136.8425,35.124167],[136.846667,35.124167],[136.846667,35.128333],[136.8425,35.128333],[136.8425,35.124167]]]}},{"type":"Feature","properties":{"mesh_id":"mesh-0016-0025","ward_code":"23110","ward_name":"中川区","population":1210,"cell_fraction":1.0},"geometry":{"type":"Polygon","coordinates":[[[136.846667,35.124167],[136.850833,35.124167],[136.850833,35.128333],[136.846667,35.128333],[136.846667,35.124167]]]}},{"type":"Feature","properties":{"mesh_id":"mesh-0017-0025","ward_code":"23110","ward_name":"中川区","population":1210,"cell_fraction":1.0},"geometry":{"type":"Polygon","coordinates":[[[136.850833,35.124167],[136.855,35.124167],[136.855,35.128333],[136.850833,35.128333],[136.850833,35.124167]]]}},{"type":"Feature","properties":{"mesh_id":"mesh-0018-0025","ward_code":"23110","ward_name":"中川区","population":1210,"cell_fraction":1.0},"geometry":{"type":"Polygon","coordinates":[[[136.855,35.124167],[136.859167,35.124167],[136.859167,35.128333],[136.855,35.128333],[136.855,35.124167]]]}},{"type":"Feature","properties":{"mesh_id":"mesh-0019-0025","ward_code":"23110","ward_name":"中川区","population":1210,"cell_fraction":1.0},"geometry":{"type":"Polygon","coordinates":[[[136.859167,35.124167],[136.863333,35.124167],[136.863333,35.128333],[136.859167,35.128333],[136.859167,35.124167]]]}},{"type":"Feature","properties":{"mesh_id":"mesh-0020-0025","ward_code":"23110","ward_name":"中川区","population":1210,"cell_fraction":1.0},"geometry":{"type":"Polygon","coordinates":[[[136.863333,35.124167],[136.8675,35.124167],[136.8675,35.128333],[136.863333,35.128333],[136.863333,35.124167]]]}},{"type":"Feature","properties":{"mesh_id":"mesh-0021-0025","ward_code":"23110","ward_name":"中川区","population":1210,"cell_fraction":1.0},"geometry":{"type":"Polygon","coordinates":[[[136.8675,35.124167],[136.871667,35.124167],[136.871667,35.128333],[136.8675,35.128333],[136.8675,35.124167]]]}},{"type":"Feature","properties":{"mesh_id":"mesh-0022-0025","ward_code":"23110","ward_name":"中川区","population":1210,"cell_fraction":1.0},"geometry":{"type":"Polygon","coordinates":[[[136.871667,35.124167],[136.875833,35.124167],[136.875833,35.128333],[136.871667,35.128333],[136.871667,35.124167]]]}},{"type":"Feature","properties":{"mesh_id":"mesh-0023-0025","ward_code":"23110","ward_name":"中川区","population":1210,"cell_fraction":1.0},"geometry":{"type":"Polygon","coordinates":[[[136.875833,35.124167],[136.88,35.124167],[136.88,35.128333],[136.875833,35.128333],[136.875833,35.124167]]]}},{"type":"Feature","properties":{"mesh_id":"mesh-0024-0025","ward_code":"23110","ward_name":"中川区","population":1210,"cell_fraction":1.0},"geometry":{"type":"Polygon","coordinates":[[[136.88,35.124167],[136.884167,35.124167],[136.884167,35.128333],[136.88,35.128333],[136.88,35.124167]]]}},{"type":"Feature","properties":{"mesh_id":"mesh-0005-0026","ward_code":"23110","ward_name":"中川区","population":605,"cell_fraction":0.5},"geometry":{"type":"Polygon","coordinates":[[[136.800833,35.128333],[136.805,35.128333],[136.805,35.1325],[136.800833,35.1325],[136.800833,35.128333]]]}},{"type":"Feature","properties":{"mesh_id":"mesh-0006-0026","ward_code":"23110","ward_name":"中川区","population":1210,"cell_fraction":1.0},"geometry":{"type":"Polygon","coordinates":[[[136.805,35.128333],[136.809167,35.128333],[136.809167,35.1325],[136.805,35.1325],[136.805,35.128333]]]}},{"type":"Feature","properties":{"mesh_id":"mesh-0007-0026","ward_code":"23110","ward_name":"中川区","population":1210,"cell_fraction":1.0},"geometry":{"type":"Polygon","coordinates":[[[136.809167,35.128333],[136.813333,35.128333],[136.813333,35.1325],[136.809167,35.1325],[136.809167,35.128333]]]}},{"type":"Feature","properties":{"mesh_id":"mesh-0008-0026","ward_code":"23110","ward_name":"中川区","population":1210,"cell_fraction":1.0},"geometry":{"type":"Polygon","coordinates":[[[136.813333,35.128333],[136.8175,35.128333],[136.8175,35.1325],[136.813333,35.1325],[136.813333,35.128333]]]}},{"type":"Feature","properties":{"mesh_id":"mesh-0009-0026","ward_code":"23110","ward_name":"中川区","population":1210,"cell_fraction":1.0},"geometry":{"type":"Polygon","coordinates":[[[136.8175,35.128333],[136.821667,35.128333],[136.821667,35.1325],[136.8175,35.1325],[136.8175,35.128333]]]}},{"type":"Feature","properties":{"mesh_id":"mesh-0010-0026","ward_code":"23110","ward_name":"中川区","population":1210,"cell_fraction":1.0},"geometry":{"type":"Polygon","coordinates":[[[136.821667,35.128333],[136.825833,35.128333],[136.825833,35.1325],[136.821667,35.1325],[136.821667,35.128333]]]}},{"type":"Feature","properties":{"mesh_id":"mesh-0011-0026","ward_code":"23110","ward_name":"中川区","population":1210,"cell_fraction":1.0},"geometry":{"type":"Polygon","coordinates":[[[136.825833,35.128333],[136.83,35.128333],[136.83,35.1325],[136.825833,35.1325],[136.825833,35.128333]]]}},{"type":"Feature","properties":{"mesh_id":"mesh-0012-0026","ward_code":"23110","ward_name":"中川区","population":1210,"cell_fraction":1.0},"geometry":{"type":"Polygon","coordinates":[[[136.83,35.128333],[136.834167,35.128333],[136.834167,35.1325],[136.83,35.1325],[136.83,35.128333]]]}},{"type":"Feature","properties":{"mesh_id":"mesh-0013-0026","ward_code":"23110","ward_name":"中川区","population":1210,"cell_fraction":1.0},"geometry":{"type":"Polygon","coordinates":[[[136.834167,35.128333],[136.838333,35.128333],[136.838333,35.1325],[136.834167,35.1325],[136.834167,35.128333]]]}},{"type":"Feature","properties":{"mesh_id":"mesh-0014-0026","ward_code":"23110","ward_name":"中川区","population":1210,"cell_fraction":1.0},"geometry":{"type":"Polygon","coordinates":[[[136.838333,35.128333],[136.8425,35.128333],[136.8425,35.1325],[136.838333,35.1325],[136.838333,35.128333]]]}},{"type":"Feature","properties":{"mesh_id":"mesh-0015-0026","ward_code":"23110","ward_name":"中川区","population":1210,"cell_fraction":1.0},"geometry":{"type":"Polygon","coordinates":[[[136.8425,35.128333],[136.846667,35.128333],[136.846667,35.1325],[136.8425,35.1325],[136.8425,35.128333]]]}},{"type":"Feature","properties":{"mesh_id":"mesh-0016-0026","ward_code":"23110","ward_name":"中川区","population":1210,"cell_fraction":1.0},"geometry":{"type":"Polygon","coordinates":[[[136.846667,35.128333],[136.850833,35.128333],[136.850833,35.1325],[136.846667,35.1325],[136.846667,35.128333]]]}},{"type":"Feature","properties":{"mesh_id":"mesh-0017-0026","ward_code":"23110","ward_name":"中川区","population":1210,"cell_fraction":1.0},"geometry":{"type":"Polygon","coordinates":[[[136.850833,35.128333],[136.855,35.128333],[136.855,35.1325],[136.850833,35.1325],[136.850833,35.128333]]]}},{"type":"Feature","properties":{"mesh_id":"mesh-0018-0026","ward_code":"23110","ward_name":"中川区","population":1210,"cell_fraction":1.0},"geometry":{"type":"Polygon","coordinates":[[[136.855,35.128333],[136.859167,35.128333],[136.859167,35.1325],[136.855,35.1325],[136.855,35.128333]]]}},{"type":"Feature","properties":{"mesh_id":"mesh-0019-0026","ward_code":"23110","ward_name":"中川区","population":1210,"cell_fraction":1.0},"geometry":{"type":"Polygon","coordinates":[[[136.859167,35.128333],[136.863333,35.128333],[136.863333,35.1325],[136.859167,35.1325],[136.859167,35.128333]]]}},{"type":"Feature","properties":{"mesh_id":"mesh-0020-0026","ward_code":"23110","ward_name":"中川区","population":1210,"cell_fraction":1.0},"geometry":{"type":"Polygon","coordinates":[[[136.863333,35.128333],[136.8675,35.128333],[136.8675,35.1325],[136.863333,35.1325],[136.863333,35.128333]]]}},{"type":"Feature","properties":{"mesh_id":"mesh-0021-0026","ward_code":"23110","ward_name":"中川区","population":1210,"cell_fraction":1.0},"geometry":{"type":"Polygon","coordinates":[[[136.8675,35.128333],[136.871667,35.128333],[136.871667,35.1325],[136.8675,35.1325],[136.8675,35.128333]]]}},{"type":"Feature","properties":{"mesh_id":"mesh-0022-0026","ward_code":"23110","ward_name":"中川区","population":1210,"cell_fraction":1.0},"geometry":{"type":"Polygon","coordinates":[[[136.871667,35.128333],[136.875833,35.128333],[136.875833,35.1325],[136.871667,35.1325],[136.871667,35.128333]]]}},{"type":"Feature","properties":{"mesh_id":"mesh-0023-0026","ward_code":"23110","ward_name":"中川区","population":1210,"cell_fraction":1.0},"geometry":{"type":"Polygon","coordinates":[[[136.875833,35.128333],[136.88,35.128333],[136.88,35.1325],[136.875833,35.1325],[136.875833,35.128333]]]}},{"type":"Feature","properties":{"mesh_id":"mesh-0024-0026","ward_code":"23110","ward_name":"中川区","population":1210,"cell_fraction":1.0},"geometry":{"type":"Polygon","coordinates":[[[136.88,35.128333],[136.884167,35.128333],[136.884167,35.1325],[136.88,35.1325],[136.88,35.128333]]]}},{"type":"Feature","properties":{"mesh_id":"mesh-0005-0027","ward_code":"23110","ward_name":"中川区","population":1210,"cell_fraction":1.0},"geometry":{"type":"Polygon","coordinates":[[[136.800833,35.1325],[136.805,35.1325],[136.805,35.136667],[136.800833,35.136667],[136.800833,35.1325]]]}},{"type":"Feature","properties":{"mesh_id":"mesh-0006-0027","ward_code":"23110","ward_name":"中川区","population":1210,"cell_fraction":1.0},"geometry":{"type":"Polygon","coordinates":[[[136.805,35.1325],[136.809167,35.1325],[136.809167,35.136667],[136.805,35.136667],[136.805,35.1325]]]}},{"type":"Feature","properties":{"mesh_id":"mesh-0007-0027","ward_code":"23110","ward_name":"中川区","population":1210,"cell_fraction":1.0},"geometry":{"type":"Polygon","coordinates":[[[136.809167,35.1325],[136.813333,35.1325],[136.813333,35.136667],[136.809167,35.136667],[136.809167,35.1325]]]}},{"type":"Feature","properties":{"mesh_id":"mesh-0008-0027","ward_code":"23110","ward_name":"中川区","population":1210,"cell_fraction":1.0},"geometry":{"type":"Polygon","coordinates":[[[136.813333,35.1325],[136.8175,35.1325],[136.8175,35.136667],[136.813333,35.136667],[136.813333,35.1325]]]}},{"type":"Feature","properties":{"mesh_id":"mesh-0009-0027","ward_code":"23110","ward_name":"中川区","population":1210,"cell_fraction":1.0},"geometry":{"type":"Polygon","coordinates":[[[136.8175,35.1325],[136.821667,35.1325],[136.821667,35.136667],[136.8175,35.136667],[136.8175,35.1325]]]}},{"type":"Feature","properties":{"mesh_id":"mesh-0010-0027","ward_code":"23110","ward_name":"中川区","population":1210,"cell_fraction":1.0},"geometry":{"type":"Polygon","coordinates":[[[136.821667,35.1325],[136.825833,35.1325],[136.825833,35.136667],[136.821667,35.136667],[136.821667,35.1325]]]}},{"type":"Feature","properties":{"mesh_id":"mesh-0011-0027","ward_code":"23110","ward_name":"中川区","population":1210,"cell_fraction":1.0},"geometry":{"type":"Polygon","coordinates":[[[136.825833,35.1325],[136.83,35.1325],[136.83,35.136667],[136.825833,35.136667],[136.825833,35.1325]]]}},{"type":"Feature","properties":{"mesh_id":"mesh-0012-0027","ward_code":"23110","ward_name":"中川区","population":1210,"cell_fraction":1.0},"geometry":{"type":"Polygon","coordinates":[[[136.83,35.1325],[136.834167,35.1325],[136.834167,35.136667],[136.83,35.136667],[136.83,35.1325]]]}},{"type":"Feature","properties":{"mesh_id":"mesh-0013-0027","ward_code":"23110","ward_name":"中川区","population":1210,"cell_fraction":1.0},"geometry":{"type":"Polygon","coordinates":[[[136.834167,35.1325],[136.838333,35.1325],[136.838333,35.136667],[136.834167,35.136667],[136.834167,35.1325]]]}},{"type":"Feature","properties":{"mesh_id":"mesh-0014-0027","ward_code":"23110","ward_name":"中川区","population":1210,"cell_fraction":1.0},"geometry":{"type":"Polygon","coordinates":[[[136.838333,35.1325],[136.8425,35.1325],[136.8425,35.136667],[136.838333,35.136667],[136.838333,35.1325]]]}},{"type":"Feature","properties":{"mesh_id":"mesh-0015-0027","ward_code":"23110","ward_name":"中川区","population":1210,"cell_fraction":1.0},"geometry":{"type":"Polygon","coordinates":[[[136.8425,35.1325],[136.846667,35.1325],[136.846667,35.136667],[136.8425,35.136667],[136.8425,35.1325]]]}},{"type":"Feature","properties":{"mesh_id":"mesh-0016-0027","ward_code":"23110","ward_name":"中川区","population":1210,"cell_fraction":1.0},"geometry":{"type":"Polygon","coordinates":[[[136.846667,35.1325],[136.850833,35.1325],[136.850833,35.136667],[136.846667,35.136667],[136.846667,35.1325]]]}},{"type":"Feature","properties":{"mesh_id":"mesh-0017-0027","ward_code":"23110","ward_name":"中川区","population":1210,"cell_fraction":1.0},"geometry":{"type":"Polygon","coordinates":[[[136.850833,35.1325],[136.855,35.1325],[136.855,35.136667],[136.850833,35.136667],[136.850833,35.1325]]]}},{"type":"Feature","properties":{"mesh_id":"mesh-0018-0027","ward_code":"23110","ward_name":"中川区","population":1210,"cell_fraction":1.0},"geometry":{"type":"Polygon","coordinates":[[[136.855,35.1325],[136.859167,35.1325],[136.859167,35.136667],[136.855,35.136667],[136.855,35.1325]]]}},{"type":"Feature","properties":{"mesh_id":"mesh-0019-0027","ward_code":"23110","ward_name":"中川区","population":1210,"cell_fraction":1.0},"geometry":{"type":"Polygon","coordinates":[[[136.859167,35.1325],[136.863333,35.1325],[136.863333,35.136667],[136.859167,35.136667],[136.859167,35.1325]]]}},{"type":"Feature","properties":{"mesh_id":"mesh-0020-0027","ward_code":"23110","ward_name":"中川区","population":1210,"cell_fraction":1.0},"geometry":{"type":"Polygon","coordinates":[[[136.863333,35.1325],[136.8675,35.1325],[136.8675,35.136667],[136.863333,35.136667],[136.863333,35.1325]]]}},{"type":"Feature","properties":{"mesh_id":"mesh-0021-0027","ward_code":"23110","ward_name":"中川区","population":1210,"cell_fraction":1.0},"geometry":{"type":"Polygon","coordinates":[[[136.8675,35.1325],[136.871667,35.1325],[136.871667,35.136667],[136.8675,35.136667],[136.8675,35.1325]]]}},{"type":"Feature","properties":{"mesh_id":"mesh-0022-0027","ward_code":"23110","ward_name":"中川区","population":1210,"cell_fraction":1.0},"geometry":{"type":"Polygon","coordinates":[[[136.871667,35.1325],[136.875833,35.1325],[136.875833,35.136667],[136.871667,35.136667],[136.871667,35.1325]]]}},{"type":"Feature","properties":{"mesh_id":"mesh-0023-0027","ward_code":"23110","ward_name":"中川区","population":1210,"cell_fraction":1.0},"geometry":{"type":"Polygon","coordinates":[[[136.875833,35.1325],[136.88,35.1325],[136.88,35.136667],[136.875833,35.136667],[136.875833,35.1325]]]}},{"type":"Feature","properties":{"mesh_id":"mesh-0024-0027","ward_code":"23110","ward_name":"中川区","population":1210,"cell_fraction":1.0},"geometry":{"type":"Polygon","coordinates":[[[136.88,35.1325],[136.884167,35.1325],[136.884167,35.136667],[136.88,35.136667],[136.88,35.1325]]]}},{"type":"Feature","properties":{"mesh_id":"mesh-0025-0027","ward_code":"23110","ward_name":"中川区","population":302,"cell_fraction":0.25},"geometry":{"type":"Polygon","coordinates":[[[136.884167,35.1325],[136.888333,35.1325],[136.888333,35.136667],[136.884167,35.136667],[136.884167,35.1325]]]}},{"type":"Feature","properties":{"mesh_id":"mesh-0005-0028","ward_code":"23110","ward_name":"中川区","population":1210,"cell_fraction":1.0},"geometry":{"type":"Polygon","coordinates":[[[136.800833,35.136667],[136.805,35.136667],[136.805,35.140833],[136.800833,35.140833],[136.800833,35.136667]]]}},{"type":"Feature","properties":{"mesh_id":"mesh-0006-0028","ward_code":"23110","ward_name":"中川区","population":1210,"cell_fraction":1.0},"geometry":{"type":"Polygon","coordinates":[[[136.805,35.136667],[136.809167,35.136667],[136.809167,35.140833],[136.805,35.140833],[136.805,35.136667]]]}},{"type":"Feature","properties":{"mesh_id":"mesh-0007-0028","ward_code":"23110","ward_name":"中川区","population":1209,"cell_fraction":1.0},"geometry":{"type":"Polygon","coordinates":[[[136.809167,35.136667],[136.813333,35.136667],[136.813333,35.140833],[136.809167,35.140833],[136.809167,35.136667]]]}},{"type":"Feature","properties":{"mesh_id":"mesh-0008-0028","ward_code":"23110","ward_name":"中川区","population":1209,"cell_fraction":1.0},"geometry":{"type":"Polygon","coordinates":[[[136.813333,35.136667],[136.8175,35.136667],[136.8175,35.140833],[136.813333,35.140833],[136.813333,35.136667]]]}},{"type":"Feature","properties":{"mesh_id":"mesh-0009-0028","ward_code":"23110","ward_name":"中川区","population":1209,"cell_fraction":1.0},"geometry":{"type":"Polygon","coordinates":[[[136.8175,35.136667],[136.821667,35.136667],[136.821667,35.140833],[136.8175,35.140833],[136.8175,35.136667]]]}},{"type":"Feature","properties":{"mesh_id":"mesh-0010-0028","ward_code":"23110","ward_name":"中川区","population":1209,"cell_fraction":1.0},"geometry":{"type":"Polygon","coordinates":[[[136.821667,35.136667],[136.825833,35.136667],[136.825833,35.140833],[136.821667,35.140833],[136.821667,35.136667]]]}},{"type":"Feature","properties":{"mesh_id":"mesh-0011-0028","ward_code":"23110","ward_name":"中川区","population":1209,"cell_fraction":1.0},"geometry":{"type":"Polygon","coordinates":[[[136.825833,35.136667],[136.83,35.136667],[136.83,35.140833],[136.825833,35.140833],[136.825833,35.136667]]]}},{"type":"Feature","properties":{"mesh_id":"mesh-0012-0028","ward_code":"23110","ward_name":"中川区","population":1209,"cell_fraction":1.0},"geometry":{"type":"Polygon","coordinates":[[[136.83,35.136667],[136.834167,35.136667],[136.834167,35.140833],[136.83,35.140833],[136.83,35.136667]]]}},{"type":"Feature","properties":{"mesh_id":"mesh-0013-0028","ward_code":"23110","ward_name":"中川区","population":1209,"cell_fraction":1.0},"geometry":{"type":"Polygon","coordinates":[[[136.834167,35.136667],[136.838333,35.136667],[136.838333,35.140833],[136.834167,35.140833],[136.834167,35.136667]]]}},{"type":"Feature","properties":{"mesh_id":"mesh-0014-0028","ward_code":"23110","ward_name":"中川区","population":1209,"cell_fraction":1.0},"geometry":{"type":"Polygon","coordinates":[[[136.838333,35.136667],[136.8425,35.136667],[136.8425,35.140833],[136.838333,35.140833],[136.838333,35.136667]]]}},{"type":"Feature","properties":{"mesh_id":"mesh-0015-0028","ward_code":"23110","ward_name":"中川区","population":1209,"cell_fraction":1.0},"geometry":{"type":"Polygon","coordinates":[[[136.8425,35.136667],[136.846667,35.136667],[136.846667,35.140833],[136.8425,35.140833],[136.8425,35.136667]]]}},{"type":"Feature","properties":{"mesh_id":"mesh-0016-0028","ward_code":"23110","ward_name":"中川区","population":1209,"cell_fraction":1.0},"geometry":{"type":"Polygon","coordinates":[[[136.846667,35.136667],[136.850833,35.136667],[136.850833,35.140833],[136.846667,35.140833],[136.846667,35.136667]]]}},{"type":"Feature","properties":{"mesh_id":"mesh-0017-0028","ward_code":"23110","ward_name":"中川区","population":1209,"cell_fraction":1.0},"geometry":{"type":"Polygon","coordinates":[[[136.850833,35.136667],[136.855,35.136667],[136.855,35.140833],[136.850833,35.140833],[136.850833,35.136667]]]}},{"type":"Feature","properties":{"mesh_id":"mesh-0018-0028","ward_code":"23110","ward_name":"中川区","population":1209,"cell_fraction":1.0},"geometry":{"type":"Polygon","coordinates":[[[136.855,35.136667],[136.859167,35.136667],[136.859167,35.140833],[136.855,35.140833],[136.855,35.136667]]]}},{"type":"Feature","properties":{"mesh_id":"mesh-0019-0028","ward_code":"23110","ward_name":"中川区","population":1209,"cell_fraction":1.0},"geometry":{"type":"Polygon","coordinates":[[[136.859167,35.136667],[136.863333,35.136667],[136.863333,35.140833],[136.859167,35.140833],[136.859167,35.136667]]]}},{"type":"Feature","properties":{"mesh_id":"mesh-0020-0028","ward_code":"23110","ward_name":"中川区","population":1209,"cell_fraction":1.0},"geometry":{"type":"Polygon","coordinates":[[[136.863333,35.136667],[136.8675,35.136667],[136.8675,35.140833],[136.863333,35.140833],[136.863333,35.136667]]]}},{"type":"Feature","properties":{"mesh_id":"mesh-0021-0028","ward_code":"23110","ward_name":"中川区","population":1209,"cell_fraction":1.0},"geometry":{"type":"Polygon","coordinates":[[[136.8675,35.136667],[136.871667,35.136667],[136.871667,35.140833],[136.8675,35.140833],[136.8675,35.136667]]]}},{"type":"Feature","properties":{"mesh_id":"mesh-0022-0028","ward_code":"23110","ward_name":"中川区","population":1209,"cell_fraction":1.0},"geometry":{"type":"Polygon","coordinates":[[[136.871667,35.136667],[136.875833,35.136667],[136.875833,35.140833],[136.871667,35.140833],[136.871667,35.136667]]]}},{"type":"Feature","properties":{"mesh_id":"mesh-0023-0028","ward_code":"23110","ward_name":"中川区","population":1209,"cell_fraction":1.0},"geometry":{"type":"Polygon","coordinates":[[[136.875833,35.136667],[136.88,35.136667],[136.88,35.140833],[136.875833,35.140833],[136.875833,35.136667]]]}},{"type":"Feature","properties":{"mesh_id":"mesh-0024-0028","ward_code":"23110","ward_name":"中川区","population":1209,"cell_fraction":1.0},"geometry":{"type":"Polygon","coordinates":[[[136.88,35.136667],[136.884167,35.136667],[136.884167,35.140833],[136.88,35.140833],[136.88,35.136667]]]}},{"type":"Feature","properties":{"mesh_id":"mesh-0025-0028","ward_code":"23110","ward_name":"中川区","population":605,"cell_fraction":0.5},"geometry":{"type":"Polygon","coordinates":[[[136.884167,35.136667],[136.888333,35.136667],[136.888333,35.140833],[136.884167,35.140833],[136.884167,35.136667]]]}},{"type":"Feature","properties":{"mesh_id":"mesh-0027-0028","ward_code":"23110","ward_name":"中川区","population":605,"cell_fraction":0.5},"geometry":{"type":"Polygon","coordinates":[[[136.8925,35.136667],[136.896667,35.136667],[136.896667,35.140833],[136.8925,35.140833],[136.8925,35.136667]]]}},{"type":"Feature","properties":{"mesh_id":"mesh-0028-0028","ward_code":"23110","ward_name":"中川区","population":302,"cell_fraction":0.25},"geometry":{"type":"Polygon","coordinates":[[[136.896667,35.136667],[136.900833,35.136667],[136.900833,35.140833],[136.896667,35.140833],[136.896667,35.136667]]]}},{"type":"Feature","properties":{"mesh_id":"mesh-0005-0029","ward_code":"23110","ward_name":"中川区","population":1209,"cell_fraction":1.0},"geometry":{"type":"Polygon","coordinates":[[[136.800833,35.140833],[136.805,35.140833],[136.805,35.145],[136.800833,35.145],[136.800833,35.140833]]]}},{"type":"Feature","properties":{"mesh_id":"mesh-0006-0029","ward_code":"23110","ward_name":"中川区","population":1209,"cell_fraction":1.0},"geometry":{"type":"Polygon","coordinates":[[[136.805,35.140833],[136.809167,35.140833],[136.809167,35.145],[136.805,35.145],[136.805,35.140833]]]}},{"type":"Feature","properties":{"mesh_id":"mesh-0007-0029","ward_code":"23110","ward_name":"中川区","population":1209,"cell_fraction":1.0},"geometry":{"type":"Polygon","coordinates":[[[136.809167,35.140833],[136.813333,35.140833],[136.813333,35.145],[136.809167,35.145],[136.809167,35.140833]]]}},{"type":"Feature","properties":{"mesh_id":"mesh-0008-0029","ward_code":"23110","ward_name":"中川区","population":1209,"cell_fraction":1.0},"geometry":{"type":"Polygon","coordinates":[[[136.813333,35.140833],[136.8175,35.140833],[136.8175,35.145],[136.813333,35.145],[136.813333,35.140833]]]}},{"type":"Feature","properties":{"mesh_id":"mesh-0009-0029","ward_code":"23110","ward_name":"中川区","population":1209,"cell_fraction":1.0},"geometry":{"type":"Polygon","coordinates":[[[136.8175,35.140833],[136.821667,35.140833],[136.821667,35.145],[136.8175,35.145],[136.8175,35.140833]]]}},{"type":"Feature","properties":{"mesh_id":"mesh-0010-0029","ward_code":"23110","ward_name":"中川区","population":1209,"cell_fraction":1.0},"geometry":{"type":"Polygon","coordinates":[[[136.821667,35.140833],[136.825833,35.140833],[136.825833,35.145],[136.821667,35.145],[136.821667,35.140833]]]}},{"type":"Feature","properties":{"mesh_id":"mesh-0011-0029","ward_code":"23110","ward_name":"中川区","population":1209,"cell_fraction":1.0},"geometry":{"type":"Polygon","coordinates":[[[136.825833,35.140833],[136.83,35.140833],[136.83,35.145],[136.825833,35.145],[136.825833,35.140833]]]}},{"type":"Feature","properties":{"mesh_id":"mesh-0012-0029","ward_code":"23110","ward_name":"中川区","population":1209,"cell_fraction":1.0},"geometry":{"type":"Polygon","coordinates":[[[136.83,35.140833],[136.834167,35.140833],[136.834167,35.145],[136.83,35.145],[136.83,35.140833]]]}},{"type":"Feature","properties":{"mesh_id":"mesh-0013-0029","ward_code":"23110","ward_name":"中川区","population":1209,"cell_fraction":1.0},"geometry":{"type":"Polygon","coordinates":[[[136.834167,35.140833],[136.838333,35.140833],[136.838333,35.145],[136.834167,35.145],[136.834167,35.140833]]]}},{"type":"Feature","properties":{"mesh_id":"mesh-0014-0029","ward_code":"23110","ward_name":"中川区","population":1209,"cell_fraction":1.0},"geometry":{"type":"Polygon","coordinates":[[[136.838333,35.140833],[136.8425,35.140833],[136.8425,35.145],[136.838333,35.145],[136.838333,35.140833]]]}},{"type":"Feature","properties":{"mesh_id":"mesh-0015-0029","ward_code":"23110","ward_name":"中川区","population":1209,"cell_fraction":1.0},"geometry":{"type":"Polygon","coordinates":[[[136.8425,35.140833],[136.846667,35.140833],[136.846667,35.145],[136.8425,35.145],[136.8425,35.140833]]]}},{"type":"Feature","properties":{"mesh_id":"mesh-0016-0029","ward_code":"23110","ward_name":"中川区","population":1209,"cell_fraction":1.0},"geometry":{"type":"Polygon","coordinates":[[[136.846667,35.140833],[136.850833,35.140833],[136.850833,35.145],[136.846667,35.145],[136.846667,35.140833]]]}},{"type":"Feature","properties":{"mesh_id":"mesh-0017-0029","ward_code":"23110","ward_name":"中川区","population":1209,"cell_fraction":1.0},"geometry":{"type":"Polygon","coordinates":[[[136.850833,35.140833],[136.855,35.140833],[136.855,35.145],[136.850833,35.145],[136.850833,35.140833]]]}},{"type":"Feature","properties":{"mesh_id":"mesh-0018-0029","ward_code":"23110","ward_name":"中川区","population":1209,"cell_fraction":1.0},"geometry":{"type":"Polygon","coordinates":[[[136.855,35.140833],[136.859167,35.140833],[136.859167,35.145],[136.855,35.145],[136.855,35.140833]]]}},{"type":"Feature","properties":{"mesh_id":"mesh-0019-0029","ward_code":"23110","ward_name":"中川区","population":1209,"cell_fraction":1.0},"geometry":{"type":"Polygon","coordinates":[[[136.859167,35.140833],[136.863333,35.140833],[136.863333,35.145],[136.859167,35.145],[136.859167,35.140833]]]}},{"type":"Feature","properties":{"mesh_id":"mesh-0020-0029","ward_code":"23110","ward_name":"中川区","population":1209,"cell_fraction":1.0},"geometry":{"type":"Polygon","coordinates":[[[136.863333,35.140833],[136.8675,35.140833],[136.8675,35.145],[136.863333,35.145],[136.863333,35.140833]]]}},{"type":"Feature","properties":{"mesh_id":"mesh-0021-0029","ward_code":"23110","ward_name":"中川区","population":1209,"cell_fraction":1.0},"geometry":{"type":"Polygon","coordinates":[[[136.8675,35.140833],[136.871667,35.140833],[136.871667,35.145],[136.8675,35.145],[136.8675,35.140833]]]}},{"type":"Feature","properties":{"mesh_id":"mesh-0022-0029","ward_code":"23110","ward_name":"中川区","population":1209,"cell_fraction":1.0},"geometry":{"type":"Polygon","coordinates":[[[136.871667,35.140833],[136.875833,35.140833],[136.875833,35.145],[136.871667,35.145],[136.871667,35.140833]]]}},{"type":"Feature","properties":{"mesh_id":"mesh-0023-0029","ward_code":"23110","ward_name":"中川区","population":1209,"cell_fraction":1.0},"geometry":{"type":"Polygon","coordinates":[[[136.875833,35.140833],[136.88,35.140833],[136.88,35.145],[136.875833,35.145],[136.875833,35.140833]]]}},{"type":"Feature","properties":{"mesh_id":"mesh-0024-0029","ward_code":"23110","ward_name":"中川区","population":1209,"cell_fraction":1.0},"geometry":{"type":"Polygon","coordinates":[[[136.88,35.140833],[136.884167,35.140833],[136.884167,35.145],[136.88,35.145],[136.88,35.140833]]]}},{"type":"Feature","properties":{"mesh_id":"mesh-0025-0029","ward_code":"23110","ward_name":"中川区","population":1209,"cell_fraction":1.0},"geometry":{"type":"Polygon","coordinates":[[[136.884167,35.140833],[136.888333,35.140833],[136.888333,35.145],[136.884167,35.145],[136.884167,35.140833]]]}},{"type":"Feature","properties":{"mesh_id":"mesh-0026-0029","ward_code":"23110","ward_name":"中川区","population":1209,"cell_fraction":1.0},"geometry":{"type":"Polygon","coordinates":[[[136.888333,35.140833],[136.8925,35.140833],[136.8925,35.145],[136.888333,35.145],[136.888333,35.140833]]]}},{"type":"Feature","properties":{"mesh_id":"mesh-0027-0029","ward_code":"23110","ward_name":"中川区","population":907,"cell_fraction":0.75},"geometry":{"type":"Polygon","coordinates":[[[136.8925,35.140833],[136.896667,35.140833],[136.896667,35.145],[136.8925,35.145],[136.8925,35.140833]]]}},{"type":"Feature","properties":{"mesh_id":"mesh-0005-0030","ward_code":"23110","ward_name":"中川区","population":605,"cell_fraction":0.5},"geometry":{"type":"Polygon","coordinates":[[[136.800833,35.145],[136.805,35.145],[136.805,35.149167],[136.800833,35.149167],[136.800833,35.145]]]}},{"type":"Feature","properties":{"mesh_id":"mesh-0006-0030","ward_code":"23110","ward_name":"中川区","population":605,"cell_fraction":0.5},"geometry":{"type":"Polygon","coordinates":[[[136.805,35.145],[136.809167,35.145],[136.809167,35.149167],[136.805,35.149167],[136.805,35.145]]]}},{"type":"Feature","properties":{"mesh_id":"mesh-0007-0030","ward_code":"23110","ward_name":"中川区","population":1209,"cell_fraction":1.0},"geometry":{"type":"Polygon","coordinates":[[[136.809167,35.145],[136.813333,35.145],[136.813333,35.149167],[136.809167,35.149167],[136.809167,35.145]]]}},{"type":"Feature","properties":{"mesh_id":"mesh-0008-0030","ward_code":"23110","ward_name":"中川区","population":1209,"cell_fraction":1.0},"geometry":{"type":"Polygon","coordinates":[[[136.813333,35.145],[136.8175,35.145],[136.8175,35.149167],[136.813333,35.149167],[136.813333,35.145]]]}},{"type":"Feature","properties":{"mesh_id":"mesh-0009-0030","ward_code":"23110","ward_name":"中川区","population":1209,"cell_fraction":1.0},"geometry":{"type":"Polygon","coordinates":[[[136.8175,35.145],[136.821667,35.145],[136.821667,35.149167],[136.8175,35.149167],[136.8175,35.145]]]}},{"type":"Feature","properties":{"mesh_id":"mesh-0010-0030","ward_code":"23110","ward_name":"中川区","population":1209,"cell_fraction":1.0},"geometry":{"type":"Polygon","coordinates":[[[136.821667,35.145],[136.825833,35.145],[136.825833,35.149167],[136.821667,35.149167],[136.821667,35.145]]]}},{"type":"Feature","properties":{"mesh_id":"mesh-0011-0030","ward_code":"23110","ward_name":"中川区","population":1209,"cell_fraction":1.0},"geometry":{"type":"Polygon","coordinates":[[[136.825833,35.145],[136.83,35.145],[136.83,35.149167],[136.825833,35.149167],[136.825833,35.145]]]}},{"type":"Feature","properties":{"mesh_id":"mesh-0013-0030","ward_code":"23110","ward_name":"中川区","population":907,"cell_fraction":0.75},"geometry":{"type":"Polygon","coordinates":[[[136.834167,35.145],[136.838333,35.145],[136.838333,35.149167],[136.834167,35.149167],[136.834167,35.145]]]}},{"type":"Feature","properties":{"mesh_id":"mesh-0014-0030","ward_code":"23110","ward_name":"中川区","population":302,"cell_fraction":0.25},"geometry":{"type":"Polygon","coordinates":[[[136.838333,35.145],[136.8425,35.145],[136.8425,35.149167],[136.838333,35.149167],[136.838333,35.145]]]}},{"type":"Feature","properties":{"mesh_id":"mesh-0015-0030","ward_code":"23110","ward_name":"中川区","population":605,"cell_fraction":0.5},"geometry":{"type":"Polygon","coordinates":[[[136.8425,35.145],[136.846667,35.145],[136.846667,35.149167],[136.8425,35.149167],[136.8425,35.145]]]}},{"type":"Feature","properties":{"mesh_id":"mesh-0016-0030","ward_code":"23110","ward_name":"中川区","population":605,"cell_fraction":0.5},"geometry":{"type":"Polygon","coordinates":[[[136.846667,35.145],[136.850833,35.145],[136.850833,35.149167],[136.846667,35.149167],[136.846667,35.145]]]}},{"type":"Feature","properties":{"mesh_id":"mesh-0017-0030","ward_code":"23110","ward_name":"中川区","population":1209,"cell_fraction":1.0},"geometry":{"type":"Polygon","coordinates":[[[136.850833,35.145],[136.855,35.145],[136.855,35.149167],[136.850833,35.149167],[136.850833,35.145]]]}},{"type":"Feature","properties":{"mesh_id":"mesh-0018-0030","ward_code":"23110","ward_name":"中川区","population":1209,"cell_fraction":1.0},"geometry":{"type":"Polygon","coordinates":[[[136.855,35.145],[136.859167,35.145],[136.859167,35.149167],[136.855,35.149167],[136.855,35.145]]]}},{"type":"Feature","properties":{"mesh_id":"mesh-0019-0030","ward_code":"23110","ward_name":"中川区","population":1209,"cell_fraction":1.0},"geometry":{"type":"Polygon","coordinates":[[[136.859167,35.145],[136.863333,35.145],[136.863333,35.149167],[136.859167,35.149167],[136.859167,35.145]]]}},{"type":"Feature","properties":{"mesh_id":"mesh-0020-0030","ward_code":"23110","ward_name":"中川区","population":1209,"cell_fraction":1.0},"geometry":{"type":"Polygon","coordinates":[[[136.863333,35.145],[136.8675,35.145],[136.8675,35.149167],[136.863333,35.149167],[136.863333,35.145]]]}},{"type":"Feature","properties":{"mesh_id":"mesh-0021-0030","ward_code":"23110","ward_name":"中川区","population":1209,"cell_fraction":1.0},"geometry":{"type":"Polygon","coordinates":[[[136.8675,35.145],[136.871667,35.145],[136.871667,35.149167],[136.8675,35.149167],[136.8675,35.145]]]}},{"type":"Feature","properties":{"mesh_id":"mesh-0022-0030","ward_code":"23110","ward_name":"中川区","population":1209,"cell_fraction":1.0},"geometry":{"type":"Polygon","coordinates":[[[136.871667,35.145],[136.875833,35.145],[136.875833,35.149167],[136.871667,35.149167],[136.871667,35.145]]]}},{"type":"Feature","properties":{"mesh_id":"mesh-0023-0030","ward_code":"23110","ward_name":"中川区","population":1209,"cell_fraction":1.0},"geometry":{"type":"Polygon","coordinates":[[[136.875833,35.145],[136.88,35.145],[136.88,35.149167],[136.875833,35.149167],[136.875833,35.145]]]}},{"type":"Feature","properties":{"mesh_id":"mesh-0024-0030","ward_code":"23110","ward_name":"中川区","population":1209,"cell_fraction":1.0},"geometry":{"type":"Polygon","coordinates":[[[136.88,35.145],[136.884167,35.145],[136.884167,35.149167],[136.88,35.149167],[136.88,35.145]]]}},{"type":"Feature","properties":{"mesh_id":"mesh-0025-0030","ward_code":"23110","ward_name":"中川区","population":1209,"cell_fraction":1.0},"geometry":{"type":"Polygon","coordinates":[[[136.884167,35.145],[136.888333,35.145],[136.888333,35.149167],[136.884167,35.149167],[136.884167,35.145]]]}},{"type":"Feature","properties":{"mesh_id":"mesh-0026-0030","ward_code":"23110","ward_name":"中川区","population":1209,"cell_fraction":1.0},"geometry":{"type":"Polygon","coordinates":[[[136.888333,35.145],[136.8925,35.145],[136.8925,35.149167],[136.888333,35.149167],[136.888333,35.145]]]}},{"type":"Feature","properties":{"mesh_id":"mesh-0027-0030","ward_code":"23110","ward_name":"中川区","population":605,"cell_fraction":0.5},"geometry":{"type":"Polygon","coordinates":[[[136.8925,35.145],[136.896667,35.145],[136.896667,35.149167],[136.8925,35.149167],[136.8925,35.145]]]}},{"type":"Feature","properties":{"mesh_id":"mesh-0007-0031","ward_code":"23110","ward_name":"中川区","population":1209,"cell_fraction":1.0},"geometry":{"type":"Polygon","coordinates":[[[136.809167,35.149167],[136.813333,35.149167],[136.813333,35.153333],[136.809167,35.153333],[136.809167,35.149167]]]}},{"type":"Feature","properties":{"mesh_id":"mesh-0008-0031","ward_code":"23110","ward_name":"中川区","population":1209,"cell_fraction":1.0},"geometry":{"type":"Polygon","coordinates":[[[136.813333,35.149167],[136.8175,35.149167],[136.8175,35.153333],[136.813333,35.153333],[136.813333,35.149167]]]}},{"type":"Feature","properties":{"mesh_id":"mesh-0009-0031","ward_code":"23110","ward_name":"中川区","population":1209,"cell_fraction":1.0},"geometry":{"type":"Polygon","coordinates":[[[136.8175,35.149167],[136.821667,35.149167],[136.821667,35.153333],[136.8175,35.153333],[136.8175,35.149167]]]}},{"type":"Feature","properties":{"mesh_id":"mesh-0010-0031","ward_code":"23110","ward_name":"中川区","population":1209,"cell_fraction":1.0},"geometry":{"type":"Polygon","coordinates":[[[136.821667,35.149167],[136.825833,35.149167],[136.825833,35.153333],[136.821667,35.153333],[136.821667,35.149167]]]}},{"type":"Feature","properties":{"mesh_id":"mesh-0011-0031","ward_code":"23110","ward_name":"中川区","population":1209,"cell_fraction":1.0},"geometry":{"type":"Polygon","coordinates":[[[136.825833,35.149167],[136.83,35.149167],[136.83,35.153333],[136.825833,35.153333],[136.825833,35.149167]]]}},{"type":"Feature","properties":{"mesh_id":"mesh-0012-0031","ward_code":"23110","ward_name":"中川区","population":605,"cell_fraction":0.5},"geometry":{"type":"Polygon","coordinates":[[[136.83,35.149167],[136.834167,35.149167],[136.834167,35.153333],[136.83,35.153333],[136.83,35.149167]]]}},{"type":"Feature","properties":{"mesh_id":"mesh-0019-0031","ward_code":"23110","ward_name":"中川区","population":605,"cell_fraction":0.5},"geometry":{"type":"Polygon","coordinates":[[[136.859167,35.149167],[136.863333,35.149167],[136.863333,35.153333],[136.859167,35.153333],[136.859167,35.149167]]]}},{"type":"Feature","properties":{"mesh_id":"mesh-0020-0031","ward_code":"23110","ward_name":"中川区","population":1209,"cell_fraction":1.0},"geometry":{"type":"Polygon","coordinates":[[[136.863333,35.149167],[136.8675,35.149167],[136.8675,35.153333],[136.863333,35.153333],[136.863333,35.149167]]]}},{"type":"Feature","properties":{"mesh_id":"mesh-0021-0031","ward_code":"23110","ward_name":"中川区","population":1209,"cell_fraction":1.0},"geometry":{"type":"Polygon","coordinates":[[[136.8675,35.149167],[136.871667,35.149167],[136.871667,35.153333],[136.8675,35.153333],[136.8675,35.149167]]]}},{"type":"Feature","properties":{"mesh_id":"mesh-0022-0031","ward_code":"23110","ward_name":"中川区","population":1209,"cell_fraction":1.0},"geometry":{"type":"Polygon","coordinates":[[[136.871667,35.149167],[136.875833,35.149167],[136.875833,35.153333],[136.871667,35.153333],[136.871667,35.149167]]]}},{"type":"Feature","properties":{"mesh_id":"mesh-0023-0031","ward_code":"23110","ward_name":"中川区","population":1209,"cell_fraction":1.0},"geometry":{"type":"Polygon","coordinates":[[[136.875833,35.149167],[136.88,35.149167],[136.88,35.153333],[136.875833,35.153333],[136.875833,35.149167]]]}},{"type":"Feature","properties":{"mesh_id":"mesh-0024-0031","ward_code":"23110","ward_name":"中川区","population":1209,"cell_fraction":1.0},"geometry":{"type":"Polygon","coordinates":[[[136.88,35.149167],[136.884167,35.149167],[136.884167,35.153333],[136.88,35.153333],[136.88,35.149167]]]}},{"type":"Feature","properties":{"mesh_id":"mesh-0025-0031","ward_code":"23110","ward_name":"中川区","population":1209,"cell_fraction":1.0},"geometry":{"type":"Polygon","coordinates":[[[136.884167,35.149167],[136.888333,35.149167],[136.888333,35.153333],[136.884167,35.153333],[136.884167,35.149167]]]}},{"type":"Feature","properties":{"mesh_id":"mesh-0026-0031","ward_code":"23110","ward_name":"中川区","population":1209,"cell_fraction":1.0},"geometry":{"type":"Polygon","coordinates":[[[136.888333,35.149167],[136.8925,35.149167],[136.8925,35.153333],[136.888333,35.153333],[136.888333,35.149167]]]}},{"type":"Feature","properties":{"mesh_id":"mesh-0027-0031","ward_code":"23110","ward_name":"中川区","population":605,"cell_fraction":0.5},"geometry":{"type":"Polygon","coordinates":[[[136.8925,35.149167],[136.896667,35.149167],[136.896667,35.153333],[136.8925,35.153333],[136.8925,35.149167]]]}},{"type":"Feature","properties":{"mesh_id":"mesh-0005-0032","ward_code":"23110","ward_name":"中川区","population":605,"cell_fraction":0.5},"geometry":{"type":"Polygon","coordinates":[[[136.800833,35.153333],[136.805,35.153333],[136.805,35.1575],[136.800833,35.1575],[136.800833,35.153333]]]}},{"type":"Feature","properties":{"mesh_id":"mesh-0006-0032","ward_code":"23110","ward_name":"中川区","population":1209,"cell_fraction":1.0},"geometry":{"type":"Polygon","coordinates":[[[136.805,35.153333],[136.809167,35.153333],[136.809167,35.1575],[136.805,35.1575],[136.805,35.153333]]]}},{"type":"Feature","properties":{"mesh_id":"mesh-0007-0032","ward_code":"23110","ward_name":"中川区","population":1209,"cell_fraction":1.0},"geometry":{"type":"Polygon","coordinates":[[[136.809167,35.153333],[136.813333,35.153333],[136.813333,35.1575],[136.809167,35.1575],[136.809167,35.153333]]]}},{"type":"Feature","properties":{"mesh_id":"mesh-0008-0032","ward_code":"23110","ward_name":"中川区","population":1209,"cell_fraction":1.0},"geometry":{"type":"Polygon","coordinates":[[[136.813333,35.153333],[136.8175,35.153333],[136.8175,35.1575],[136.813333,35.1575],[136.813333,35.153333]]]}},{"type":"Feature","properties":{"mesh_id":"mesh-0009-0032","ward_code":"23110","ward_name":"中川区","population":1209,"cell_fraction":1.0},"geometry":{"type":"Polygon","coordinates":[[[136.8175,35.153333],[136.821667,35.153333],[136.821667,35.1575],[136.8175,35.1575],[136.8175,35.153333]]]}},{"type":"Feature","properties":{"mesh_id":"mesh-0010-0032","ward_code":"23110","ward_name":"中川区","population":1209,"cell_fraction":1.0},"geometry":{"type":"Polygon","coordinates":[[[136.821667,35.153333],[136.825833,35.153333],[136.825833,35.1575],[136.821667,35.1575],[136.821667,35.153333]]]}},{"type":"Feature","properties":{"mesh_id":"mesh-0011-0032","ward_code":"23110","ward_name":"中川区","population":1209,"cell_fraction":1.0},"geometry":{"type":"Polygon","coordinates":[[[136.825833,35.153333],[136.83,35.153333],[136.83,35.1575],[136.825833,35.1575],[136.825833,35.153333]]]}},{"type":"Feature","properties":{"mesh_id":"mesh-0012-0032","ward_code":"23110","ward_name":"中川区","population":1209,"cell_fraction":1.0},"geometry":{"type":"Polygon","coordinates":[[[136.83,35.153333],[136.834167,35.153333],[136.834167,35.1575],[136.83,35.1575],[136.83,35.153333]]]}},{"type":"Feature","properties":{"mesh_id":"mesh-0013-0032","ward_code":"23110","ward_name":"中川区","population":1209,"cell_fraction":1.0},"geometry":{"type":"Polygon","coordinates":[[[136.834167,35.153333],[136.838333,35.153333],[136.838333,35.1575],[136.834167,35.1575],[136.834167,35.153333]]]}},{"type":"Feature","properties":{"mesh_id":"mesh-0021-0032","ward_code":"23110","ward_name":"中川区","population":605,"cell_fraction":0.5},"geometry":{"type":"Polygon","coordinates":[[[136.8675,35.153333],[136.871667,35.153333],[136.871667,35.1575],[136.8675,35.1575],[136.8675,35.153333]]]}},{"type":"Feature","properties":{"mesh_id":"mesh-0022-0032","ward_code":"23110","ward_name":"中川区","population":907,"cell_fraction":0.75},"geometry":{"type":"Polygon","coordinates":[[[136.871667,35.153333],[136.875833,35.153333],[136.875833,35.1575],[136.871667,35.1575],[136.871667,35.153333]]]}},{"type":"Feature","properties":{"mesh_id":"mesh-0023-0032","ward_code":"23110","ward_name":"中川区","population":1209,"cell_fraction":1.0},"geometry":{"type":"Polygon","coordinates":[[[136.875833,35.153333],[136.88,35.153333],[136.88,35.1575],[136.875833,35.1575],[136.875833,35.153333]]]}},{"type":"Feature","properties":{"mesh_id":"mesh-0024-0032","ward_code":"23110","ward_name":"中川区","population":1209,"cell_fraction":1.0},"geometry":{"type":"Polygon","coordinates":[[[136.88,35.153333],[136.884167,35.153333],[136.884167,35.1575],[136.88,35.1575],[136.88,35.153333]]]}},{"type":"Feature","properties":{"mesh_id":"mesh-0025-0032","ward_code":"23110","ward_name":"中川区","population":1209,"cell_fraction":1.0},"geometry":{"type":"Polygon","coordinates":[[[136.884167,35.153333],[136.888333,35.153333],[136.888333,35.1575],[136.884167,35.1575],[136.884167,35.153333]]]}},{"type":"Feature","properties":{"mesh_id":"mesh-0026-0032","ward_code":"23110","ward_name":"中川区","population":1209,"cell_fraction":1.0},"geometry":{"type":"Polygon","coordinates":[[[136.888333,35.153333],[136.8925,35.153333],[136.8925,35.1575],[136.888333,35.1575],[136.888333,35.153333]]]}},{"type":"Feature","properties":{"mesh_id":"mesh-0005-0033","ward_code":"23110","ward_name":"中川区","population":907,"cell_fraction":0.75},"geometry":{"type":"Polygon","coordinates":[[[136.800833,35.1575],[136.805,35.1575],[136.805,35.161667],[136.800833,35.161667],[136.800833,35.1575]]]}},{"type":"Feature","properties":{"mesh_id":"mesh-0006-0033","ward_code":"23110","ward_name":"中川区","population":1209,"cell_fraction":1.0},"geometry":{"type":"Polygon","coordinates":[[[136.805,35.1575],[136.809167,35.1575],[136.809167,35.161667],[136.805,35.161667],[136.805,35.1575]]]}},{"type":"Feature","properties":{"mesh_id":"mesh-0007-0033","ward_code":"23110","ward_name":"中川区","population":1209,"cell_fraction":1.0},"geometry":{"type":"Polygon","coordinates":[[[136.809167,35.1575],[136.813333,35.1575],[136.813333,35.161667],[136.809167,35.161667],[136.809167,35.1575]]]}},{"type":"Feature","properties":{"mesh_id":"mesh-0008-0033","ward_code":"23110","ward_name":"中川区","population":1209,"cell_fraction":1.0},"geometry":{"type":"Polygon","coordinates":[[[136.813333,35.1575],[136.8175,35.1575],[136.8175,35.161667],[136.813333,35.161667],[136.813333,35.1575]]]}},{"type":"Feature","properties":{"mesh_id":"mesh-0009-0033","ward_code":"23110","ward_name":"中川区","population":302,"cell_fraction":0.25},"geometry":{"type":"Polygon","coordinates":[[[136.8175,35.1575],[136.821667,35.1575],[136.821667,35.161667],[136.8175,35.161667],[136.8175,35.1575]]]}},{"type":"Feature","properties":{"mesh_id":"mesh-0012-0033","ward_code":"23110","ward_name":"中川区","population":302,"cell_fraction":0.25},"geometry":{"type":"Polygon","coordinates":[[[136.83,35.1575],[136.834167,35.1575],[136.834167,35.161667],[136.83,35.161667],[136.83,35.1575]]]}},{"type":"Feature","properties":{"mesh_id":"mesh-0013-0033","ward_code":"23110","ward_name":"中川区","population":302,"cell_fraction":0.25},"geometry":{"type":"Polygon","coordinates":[[[136.834167,35.1575],[136.838333,35.1575],[136.838333,35.161667],[136.834167,35.161667],[136.834167,35.1575]]]}},{"type":"Feature","properties":{"mesh_id":"mesh-0023-0033","ward_code":"23110","ward_name":"中川区","population":302,"cell_fraction":0.25},"geometry":{"type":"Polygon","coordinates":[[[136.875833,35.1575],[136.88,35.1575],[136.88,35.161667],[136.875833,35.161667],[136.875833,35.1575]]]}},{"type":"Feature","properties":{"mesh_id":"mesh-0024-0033","ward_code":"23110","ward_name":"中川区","population":605,"cell_fraction":0.5},"geometry":{"type":"Polygon","coordinates":[[[136.88,35.1575],[136.884167,35.1575],[136.884167,35.161667],[136.88,35.161667],[136.88,35.1575]]]}},{"type":"Feature","properties":{"mesh_id":"mesh-0025-0033","ward_code":"23110","ward_name":"中川区","population":605,"cell_fraction":0.5},"geometry":{"type":"Polygon","coordinates":[[[136.884167,35.1575],[136.888333,35.1575],[136.888333,35.161667],[136.884167,35.161667],[136.884167,35.1575]]]}},{"type":"Feature","properties":{"mesh_id":"mesh-0005-0034","ward_code":"23110","ward_name":"中川区","population":605,"cell_fraction":0.5},"geometry":{"type":"Polygon","coordinates":[[[136.800833,35.161667],[136.805,35.161667],[136.805,35.165833],[136.800833,35.165833],[136.800833,35.161667]]]}},{"type":"Feature","properties":{"mesh_id":"mesh-0006-0034","ward_code":"23110","ward_name":"中川区","population":1209,"cell_fraction":1.0},"geometry":{"type":"Polygon","coordinates":[[[136.805,35.161667],[136.809167,35.161667],[136.809167,35.165833],[136.805,35.165833],[136.805,35.161667]]]}},{"type":"Feature","properties":{"mesh_id":"mesh-0007-0034","ward_code":"23110","ward_name":"中川区","population":1209,"cell_fraction":1.0},"geometry":{"type":"Polygon","coordinates":[[[136.809167,35.161667],[136.813333,35.161667],[136.813333,35.165833],[136.809167,35.165833],[136.809167,35.161667]]]}},{"type":"Feature","properties":{"mesh_id":"mesh-0008-0034","ward_code":"23110","ward_name":"中川区","population":1209,"cell_fraction":1.0},"geometry":{"type":"Polygon","coordinates":[[[136.813333,35.161667],[136.8175,35.161667],[136.8175,35.165833],[136.813333,35.165833],[136.813333,35.161667]]]}},{"type":"Feature","properties":{"mesh_id":"mesh-0012-0034","ward_code":"23110","ward_name":"中川区","population":605,"cell_fraction":0.5},"geometry":{"type":"Polygon","coordinates":[[[136.83,35.161667],[136.834167,35.161667],[136.834167,35.165833],[136.83,35.165833],[136.83,35.161667]]]}},{"type":"Feature","properties":{"mesh_id":"mesh-0025-0034","ward_code":"23110","ward_name":"中川区","population":302,"cell_fraction":0.25},"geometry":{"type":"Polygon","coordinates":[[[136.884167,35.161667],[136.888333,35.161667],[136.888333,35.165833],[136.884167,35.165833],[136.884167,35.161667]]]}},{"type":"Feature","properties":{"mesh_id":"mesh-0006-0035","ward_code":"23110","ward_name":"中川区","population":302,"cell_fraction":0.25},"geometry":{"type":"Polygon","coordinates":[[[136.805,35.165833],[136.809167,35.165833],[136.809167,35.17],[136.805,35.17],[136.805,35.165833]]]}},{"type":"Feature","properties":{"mesh_id":"mesh-0007-0035","ward_code":"23110","ward_name":"中川区","population":605,"cell_fraction":0.5},"geometry":{"type":"Polygon","coordinates":[[[136.809167,35.165833],[136.813333,35.165833],[136.813333,35.17],[136.809167,35.17],[136.809167,35.165833]]]}},{"type":"Feature","properties":{"mesh_id":"mesh-0008-0035","ward_code":"23110","ward_name":"中川区","population":302,"cell_fraction":0.25},"geometry":{"type":"Polygon","coordinates":[[[136.813333,35.165833],[136.8175,35.165833],[136.8175,35.17],[136.813333,35.17],[136.813333,35.165833]]]}},{"type":"Feature","properties":{"mesh_id":"mesh-0015-0003","ward_code":"23111","ward_name":"港区","population":140,"cell_fraction":0.25},"geometry":{"type":"Polygon","coordinates":[[[136.8425,35.0325],[136.846667,35.0325],[136.846667,35.036667],[136.8425,35.036667],[136.8425,35.0325]]]}},{"type":"Feature","properties":{"mesh_id":"mesh-0015-0004","ward_code":"23111","ward_name":"港区","population":280,"cell_fraction":0.5},"geometry":{"type":"Polygon","coordinates":[[[136.8425,35.036667],[136.846667,35.036667],[136.846667,35.040833],[136.8425,35.040833],[136.8425,35.036667]]]}},{"type":"Feature","properties":{"mesh_id":"mesh-0014-0005","ward_code":"23111","ward_name":"港区","population":140,"cell_fraction":0.25},"geometry":{"type":"Polygon","coordinates":[[[136.838333,35.040833],[136.8425,35.040833],[136.8425,35.045],[136.838333,35.045],[136.838333,35.040833]]]}},{"type":"Feature","properties":{"mesh_id":"mesh-0015-0005","ward_code":"23111","ward_name":"港区","population":420,"cell_fraction":0.75},"geometry":{"type":"Polygon","coordinates":[[[136.8425,35.040833],[136.846667,35.040833],[136.846667,35.045],[136.8425,35.045],[136.8425,35.040833]]]}},{"type":"Feature","properties":{"mesh_id":"mesh-0016-0005","ward_code":"23111","ward_name":"港区","population":140,"cell_fraction":0.25},"geometry":{"type":"Polygon","coordinates":[[[136.846667,35.040833],[136.850833,35.040833],[136.850833,35.045],[136.846667,35.045],[136.846667,35.040833]]]}},{"type":"Feature","properties":{"mesh_id":"mesh-0017-0005","ward_code":"23111","ward_name":"港区","population":140,"cell_fraction":0.25},"geometry":{"type":"Polygon","coordinates":[[[136.850833,35.040833],[136.855,35.040833],[136.855,35.045],[136.850833,35.045],[136.850833,35.040833]]]}},{"type":"Feature","properties":{"mesh_id":"mesh-0014-0006","ward_code":"23111","ward_name":"港区","population":280,"cell_fraction":0.5},"geometry":{"type":"Polygon","coordinates":[[[136.838333,35.045],[136.8425,35.045],[136.8425,35.049167],[136.838333,35.049167],[136.838333,35.045]]]}},{"type":"Feature","properties":{"mesh_id":"mesh-0015-0006","ward_code":"23111","ward_name":"港区","population":560,"cell_fraction":1.0},"geometry":{"type":"Polygon","coordinates":[[[136.8425,35.045],[136.846667,35.045],[136.846667,35.049167],[136.8425,35.049167],[136.8425,35.045]]]}},{"type":"Feature","properties":{"mesh_id":"mesh-0016-0006","ward_code":"23111","ward_name":"港区","population":420,"cell_fraction":0.75},"geometry":{"type":"Polygon","coordinates":[[[136.846667,35.045],[136.850833,35.045],[136.850833,35.049167],[136.846667,35.049167],[136.846667,35.045]]]}},{"type":"Feature","properties":{"mesh_id":"mesh-0017-0006","ward_code":"23111","ward_name":"港区","population":280,"cell_fraction":0.5},"geometry":{"type":"Polygon","coordinates":[[[136.850833,35.045],[136.855,35.045],[136.855,35.049167],[136.850833,35.049167],[136.850833,35.045]]]}},{"type":"Feature","properties":{"mesh_id":"mesh-0014-0007","ward_code":"23111","ward_name":"港区","population":560,"cell_fraction":1.0},"geometry":{"type":"Polygon","coordinates":[[[136.838333,35.049167],[136.8425,35.049167],[136.8425,35.053333],[136.838333,35.053333],[136.838333,35.049167]]]}},{"type":"Feature","properties":{"mesh_id":"mesh-0015-0007","ward_code":"23111","ward_name":"港区","population":560,"cell_fraction":1.0},"geometry":{"type":"Polygon","coordinates":[[[136.8425,35.049167],[136.846667,35.049167],[136.846667,35.053333],[136.8425,35.053333],[136.8425,35.049167]]]}},{"type":"Feature","properties":{"mesh_id":"mesh-0016-0007","ward_code":"23111","ward_name":"港区","population":560,"cell_fraction":1.0},"geometry":{"type":"Polygon","coordinates":[[[136.846667,35.049167],[136.850833,35.049167],[136.850833,35.053333],[136.846667,35.053333],[136.846667,35.049167]]]}},{"type":"Feature","properties":{"mesh_id":"mesh-0017-0007","ward_code":"23111","ward_name":"港区","population":420,"cell_fraction":0.75},"geometry":{"type":"Polygon","coordinates":[[[136.850833,35.049167],[136.855,35.049167],[136.855,35.053333],[136.850833,35.053333],[136.850833,35.049167]]]}},{"type":"Feature","properties":{"mesh_id":"mesh-0020-0007","ward_code":"23111","ward_name":"港区","population":280,"cell_fraction":0.5},"geometry":{"type":"Polygon","coordinates":[[[136.863333,35.049167],[136.8675,35.049167],[136.8675,35.053333],[136.863333,35.053333],[136.863333,35.049167]]]}},{"type":"Feature","properties":{"mesh_id":"mesh-0021-0007","ward_code":"23111","ward_name":"港区","population":560,"cell_fraction":1.0},"geometry":{"type":"Polygon","coordinates":[[[136.8675,35.049167],[136.871667,35.049167],[136.871667,35.053333],[136.8675,35.053333],[136.8675,35.049167]]]}},{"type":"Feature","properties":{"mesh_id":"mesh-0022-0007","ward_code":"23111","ward_name":"港区","population":280,"cell_fraction":0.5},"geometry":{"type":"Polygon","coordinates":[[[136.871667,35.049167],[136.875833,35.049167],[136.875833,35.053333],[136.871667,35.053333],[136.871667,35.049167]]]}},{"type":"Feature","properties":{"mesh_id":"mesh-0014-0008","ward_code":"23111","ward_name":"港区","population":140,"cell_fraction":0.25},"geometry":{"type":"Polygon","coordinates":[[[136.838333,35.053333],[136.8425,35.053333],[136.8425,35.0575],[136.838333,35.0575],[136.838333,35.053333]]]}},{"type":"Feature","properties":{"mesh_id":"mesh-0015-0008","ward_code":"23111","ward_name":"港区","population":280,"cell_fraction":0.5},"geometry":{"type":"Polygon","coordinates":[[[136.8425,35.053333],[136.846667,35.053333],[136.846667,35.0575],[136.8425,35.0575],[136.8425,35.053333]]]}},{"type":"Feature","properties":{"mesh_id":"mesh-0016-0008","ward_code":"23111","ward_name":"港区","population":140,"cell_fraction":0.25},"geometry":{"type":"Polygon","coordinates":[[[136.846667,35.053333],[136.850833,35.053333],[136.850833,35.0575],[136.846667,35.0575],[136.846667,35.053333]]]}},{"type":"Feature","properties":{"mesh_id":"mesh-0017-0008","ward_code":"23111","ward_name":"港区","population":140,"cell_fraction":0.25},"geometry":{"type":"Polygon","coordinates":[[[136.850833,35.053333],[136.855,35.053333],[136.855,35.0575],[136.850833,35.0575],[136.850833,35.053333]]]}},{"type":"Feature","properties":{"mesh_id":"mesh-0021-0008","ward_code":"23111","ward_name":"港区","population":559,"cell_fraction":1.0},"geometry":{"type":"Polygon","coordinates":[[[136.8675,35.053333],[136.871667,35.053333],[136.871667,35.0575],[136.8675,35.0575],[136.8675,35.053333]]]}},{"type":"Feature","properties":{"mesh_id":"mesh-0022-0008","ward_code":"23111","ward_name":"港区","population":559,"cell_fraction":1.0},"geometry":{"type":"Polygon","coordinates":[[[136.871667,35.053333],[136.875833,35.053333],[136.875833,35.0575],[136.871667,35.0575],[136.871667,35.053333]]]}},{"type":"Feature","properties":{"mesh_id":"mesh-0023-0008","ward_code":"23111","ward_name":"港区","population":140,"cell_fraction":0.25},"geometry":{"type":"Polygon","coordinates":[[[136.875833,35.053333],[136.88,35.053333],[136.88,35.0575],[136.875833,35.0575],[136.875833,35.053333]]]}},{"type":"Feature","properties":{"mesh_id":"mesh-0015-0009","ward_code":"23111","ward_name":"港区","population":280,"cell_fraction":0.5},"geometry":{"type":"Polygon","coordinates":[[[136.8425,35.0575],[136.846667,35.0575],[136.846667,35.061667],[136.8425,35.061667],[136.8425,35.0575]]]}},{"type":"Feature","properties":{"mesh_id":"mesh-0016-0009","ward_code":"23111","ward_name":"港区","population":559,"cell_fraction":1.0},"geometry":{"type":"Polygon","coordinates":[[[136.846667,35.0575],[136.850833,35.0575],[136.850833,35.061667],[136.846667,35.061667],[136.846667,35.0575]]]}},{"type":"Feature","properties":{"mesh_id":"mesh-0017-0009","ward_code":"23111","ward_name":"港区","population":559,"cell_fraction":1.0},"geometry":{"type":"Polygon","coordinates":[[[136.850833,35.0575],[136.855,35.0575],[136.855,35.061667],[136.850833,35.061667],[136.850833,35.0575]]]}},{"type":"Feature","properties":{"mesh_id":"mesh-0018-0009","ward_code":"23111","ward_name":"港区","population":280,"cell_fraction":0.5},"geometry":{"type":"Polygon","coordinates":[[[136.855,35.0575],[136.859167,35.0575],[136.859167,35.061667],[136.855,35.061667],[136.855,35.0575]]]}},{"type":"Feature","properties":{"mesh_id":"mesh-0021-0009","ward_code":"23111","ward_name":"港区","population":280,"cell_fraction":0.5},"geometry":{"type":"Polygon","coordinates":[[[136.8675,35.0575],[136.871667,35.0575],[136.871667,35.061667],[136.8675,35.061667],[136.8675,35.0575]]]}},{"type":"Feature","properties":{"mesh_id":"mesh-0022-0009","ward_code":"23111","ward_name":"港区","population":559,"cell_fraction":1.0},"geometry":{"type":"Polygon","coordinates":[[[136.871667,35.0575],[136.875833,35.0575],[136.875833,35.061667],[136.871667,35.061667],[136.871667,35.0575]]]}},{"type":"Feature","properties":{"mesh_id":"mesh-0023-0009","ward_code":"23111","ward_name":"港区","population":280,"cell_fraction":0.5},"geometry":{"type":"Polygon","coordinates":[[[136.875833,35.0575],[136.88,35.0575],[136.88,35.061667],[136.875833,35.061667],[136.875833,35.0575]]]}},{"type":"Feature","properties":{"mesh_id":"mesh-0015-0010","ward_code":"23111","ward_name":"港区","population":140,"cell_fraction":0.25},"geometry":{"type":"Polygon","coordinates":[[[136.8425,35.061667],[136.846667,35.061667],[136.846667,35.065833],[136.8425,35.065833],[136.8425,35.061667]]]}},{"type":"Feature","properties":{"mesh_id":"mesh-0016-0010","ward_code":"23111","ward_name":"港区","population":559,"cell_fraction":1.0},"geometry":{"type":"Polygon","coordinates":[[[136.846667,35.061667],[136.850833,35.061667],[136.850833,35.065833],[136.846667,35.065833],[136.846667,35.061667]]]}},{"type":"Feature","properties":{"mesh_id":"mesh-0017-0010","ward_code":"23111","ward_name":"港区","population":559,"cell_fraction":1.0},"geometry":{"type":"Polygon","coordinates":[[[136.850833,35.061667],[136.855,35.061667],[136.855,35.065833],[136.850833,35.065833],[136.850833,35.061667]]]}},{"type":"Feature","properties":{"mesh_id":"mesh-0018-0010","ward_code":"23111","ward_name":"港区","population":559,"cell_fraction":1.0},"geometry":{"type":"Polygon","coordinates":[[[136.855,35.061667],[136.859167,35.061667],[136.859167,35.065833],[136.855,35.065833],[136.855,35.061667]]]}},{"type":"Feature","properties":{"mesh_id":"mesh-0021-0010","ward_code":"23111","ward_name":"港区","population":420,"cell_fraction":0.75},"geometry":{"type":"Polygon","coordinates":[[[136.8675,35.061667],[136.871667,35.061667],[136.871667,35.065833],[136.8675,35.065833],[136.8675,35.061667]]]}},{"type":"Feature","properties":{"mesh_id":"mesh-0022-0010","ward_code":"23111","ward_name":"港区","population":559,"cell_fraction":1.0},"geometry":{"type":"Polygon","coordinates":[[[136.871667,35.061667],[136.875833,35.061667],[136.875833,35.065833],[136.871667,35.065833],[136.871667,35.061667]]]}},{"type":"Feature","properties":{"mesh_id":"mesh-0023-0010","ward_code":"23111","ward_name":"港区","population":559,"cell_fraction":1.0},"geometry":{"type":"Polygon","coordinates":[[[136.875833,35.061667],[136.88,35.061667],[136.88,35.065833],[136.875833,35.065833],[136.875833,35.061667]]]}},{"type":"Feature","properties":{"mesh_id":"mesh-0016-0011","ward_code":"23111","ward_name":"港区","population":559,"cell_fraction":1.0},"geometry":{"type":"Polygon","coordinates":[[[136.846667,35.065833],[136.850833,35.065833],[136.850833,35.07],[136.846667,35.07],[136.846667,35.065833]]]}},{"type":"Feature","properties":{"mesh_id":"mesh-0017-0011","ward_code":"23111","ward_name":"港区","population":559,"cell_fraction":1.0},"geometry":{"type":"Polygon","coordinates":[[[136.850833,35.065833],[136.855,35.065833],[136.855,35.07],[136.850833,35.07],[136.850833,35.065833]]]}},{"type":"Feature","properties":{"mesh_id":"mesh-0018-0011","ward_code":"23111","ward_name":"港区","population":559,"cell_fraction":1.0},"geometry":{"type":"Polygon","coordinates":[[[136.855,35.065833],[136.859167,35.065833],[136.859167,35.07],[136.855,35.07],[136.855,35.065833]]]}},{"type":"Feature","properties":{"mesh_id":"mesh-0021-0011","ward_code":"23111","ward_name":"港区","population":280,"cell_fraction":0.5},"geometry":{"type":"Polygon","coordinates":[[[136.8675,35.065833],[136.871667,35.065833],[136.871667,35.07],[136.8675,35.07],[136.8675,35.065833]]]}},{"type":"Feature","properties":{"mesh_id":"mesh-0022-0011","ward_code":"23111","ward_name":"港区","population":559,"cell_fraction":1.0},"geometry":{"type":"Polygon","coordinates":[[[136.871667,35.065833],[136.875833,35.065833],[136.875833,35.07],[136.871667,35.07],[136.871667,35.065833]]]}},{"type":"Feature","properties":{"mesh_id":"mesh-0023-0011","ward_code":"23111","ward_name":"港区","population":559,"cell_fraction":1.0},"geometry":{"type":"Polygon","coordinates":[[[136.875833,35.065833],[136.88,35.065833],[136.88,35.07],[136.875833,35.07],[136.875833,35.065833]]]}},{"type":"Feature","properties":{"mesh_id":"mesh-0024-0011","ward_code":"23111","ward_name":"港区","population":140,"cell_fraction":0.25},"geometry":{"type":"Polygon","coordinates":[[[136.88,35.065833],[136.884167,35.065833],[136.884167,35.07],[136.88,35.07],[136.88,35.065833]]]}},{"type":"Feature","properties":{"mesh_id":"mesh-0025-0011","ward_code":"23111","ward_name":"港区","population":280,"cell_fraction":0.5},"geometry":{"type":"Polygon","coordinates":[[[136.884167,35.065833],[136.888333,35.065833],[136.888333,35.07],[136.884167,35.07],[136.884167,35.065833]]]}},{"type":"Feature","properties":{"mesh_id":"mesh-0026-0011","ward_code":"23111","ward_name":"港区","population":280,"cell_fraction":0.5},"geometry":{"type":"Polygon","coordinates":[[[136.888333,35.065833],[136.8925,35.065833],[136.8925,35.07],[136.888333,35.07],[136.888333,35.065833]]]}},{"type":"Feature","properties":{"mesh_id":"mesh-0027-0011","ward_code":"23111","ward_name":"港区","population":280,"cell_fraction":0.5},"geometry":{"type":"Polygon","coordinates":[[[136.8925,35.065833],[136.896667,35.065833],[136.896667,35.07],[136.8925,35.07],[136.8925,35.065833]]]}},{"type":"Feature","properties":{"mesh_id":"mesh-0028-0011","ward_code":"23111","ward_name":"港区","population":280,"cell_fraction":0.5},"geometry":{"type":"Polygon","coordinates":[[[136.896667,35.065833],[136.900833,35.065833],[136.900833,35.07],[136.896667,35.07],[136.896667,35.065833]]]}},{"type":"Feature","properties":{"mesh_id":"mesh-0016-0012","ward_code":"23111","ward_name":"港区","population":280,"cell_fraction":0.5},"geometry":{"type":"Polygon","coordinates":[[[136.846667,35.07],[136.850833,35.07],[136.850833,35.074167],[136.846667,35.074167],[136.846667,35.07]]]}},{"type":"Feature","properties":{"mesh_id":"mesh-0017-0012","ward_code":"23111","ward_name":"港区","population":559,"cell_fraction":1.0},"geometry":{"type":"Polygon","coordinates":[[[136.850833,35.07],[136.855,35.07],[136.855,35.074167],[136.850833,35.074167],[136.850833,35.07]]]}},{"type":"Feature","properties":{"mesh_id":"mesh-0018-0012","ward_code":"23111","ward_name":"港区","population":140,"cell_fraction":0.25},"geometry":{"type":"Polygon","coordinates":[[[136.855,35.07],[136.859167,35.07],[136.859167,35.074167],[136.855,35.074167],[136.855,35.07]]]}},{"type":"Feature","properties":{"mesh_id":"mesh-0019-0012","ward_code":"23111","ward_name":"港区","population":420,"cell_fraction":0.75},"geometry":{"type":"Polygon","coordinates":[[[136.859167,35.07],[136.863333,35.07],[136.863333,35.074167],[136.859167,35.074167],[136.859167,35.07]]]}},{"type":"Feature","properties":{"mesh_id":"mesh-0022-0012","ward_code":"23111","ward_name":"港区","population":140,"cell_fraction":0.25},"geometry":{"type":"Polygon","coordinates":[[[136.871667,35.07],[136.875833,35.07],[136.875833,35.074167],[136.871667,35.074167],[136.871667,35.07]]]}},{"type":"Feature","properties":{"mesh_id":"mesh-0023-0012","ward_code":"23111","ward_name":"港区","population":280,"cell_fraction":0.5},"geometry":{"type":"Polygon","coordinates":[[[136.875833,35.07],[136.88,35.07],[136.88,35.074167],[136.875833,35.074167],[136.875833,35.07]]]}},{"type":"Feature","properties":{"mesh_id":"mesh-0024-0012","ward_code":"23111","ward_name":"港区","population":140,"cell_fraction":0.25},"geometry":{"type":"Polygon","coordinates":[[[136.88,35.07],[136.884167,35.07],[136.884167,35.074167],[136.88,35.074167],[136.88,35.07]]]}},{"type":"Feature","properties":{"mesh_id":"mesh-0025-0012","ward_code":"23111","ward_name":"港区","population":280,"cell_fraction":0.5},"geometry":{"type":"Polygon","coordinates":[[[136.884167,35.07],[136.888333,35.07],[136.888333,35.074167],[136.884167,35.074167],[136.884167,35.07]]]}},{"type":"Feature","properties":{"mesh_id":"mesh-0026-0012","ward_code":"23111","ward_name":"港区","population":280,"cell_fraction":0.5},"geometry":{"type":"Polygon","coordinates":[[[136.888333,35.07],[136.8925,35.07],[136.8925,35.074167],[136.888333,35.074167],[136.888333,35.07]]]}},{"type":"Feature","properties":{"mesh_id":"mesh-0027-0012","ward_code":"23111","ward_name":"港区","population":559,"cell_fraction":1.0},"geometry":{"type":"Polygon","coordinates":[[[136.8925,35.07],[136.896667,35.07],[136.896667,35.074167],[136.8925,35.074167],[136.8925,35.07]]]}},{"type":"Feature","properties":{"mesh_id":"mesh-0028-0012","ward_code":"23111","ward_name":"港区","population":559,"cell_fraction":1.0},"geometry":{"type":"Polygon","coordinates":[[[136.896667,35.07],[136.900833,35.07],[136.900833,35.074167],[136.896667,35.074167],[136.896667,35.07]]]}},{"type":"Feature","properties":{"mesh_id":"mesh-0029-0012","ward_code":"23111","ward_name":"港区","population":140,"cell_fraction":0.25},"geometry":{"type":"Polygon","coordinates":[[[136.900833,35.07],[136.905,35.07],[136.905,35.074167],[136.900833,35.074167],[136.900833,35.07]]]}},{"type":"Feature","properties":{"mesh_id":"mesh-0016-0013","ward_code":"23111","ward_name":"港区","population":280,"cell_fraction":0.5},"geometry":{"type":"Polygon","coordinates":[[[136.846667,35.074167],[136.850833,35.074167],[136.850833,35.078333],[136.846667,35.078333],[136.846667,35.074167]]]}},{"type":"Feature","properties":{"mesh_id":"mesh-0017-0013","ward_code":"23111","ward_name":"港区","population":559,"cell_fraction":1.0},"geometry":{"type":"Polygon","coordinates":[[[136.850833,35.074167],[136.855,35.074167],[136.855,35.078333],[136.850833,35.078333],[136.850833,35.074167]]]}},{"type":"Feature","properties":{"mesh_id":"mesh-0018-0013","ward_code":"23111","ward_name":"港区","population":280,"cell_fraction":0.5},"geometry":{"type":"Polygon","coordinates":[[[136.855,35.074167],[136.859167,35.074167],[136.859167,35.078333],[136.855,35.078333],[136.855,35.074167]]]}},{"type":"Feature","properties":{"mesh_id":"mesh-0019-0013","ward_code":"23111","ward_name":"港区","population":420,"cell_fraction":0.75},"geometry":{"type":"Polygon","coordinates":[[[136.859167,35.074167],[136.863333,35.074167],[136.863333,35.078333],[136.859167,35.078333],[136.859167,35.074167]]]}},{"type":"Feature","properties":{"mesh_id":"mesh-0020-0013","ward_code":"23111","ward_name":"港区","population":420,"cell_fraction":0.75},"geometry":{"type":"Polygon","coordinates":[[[136.863333,35.074167],[136.8675,35.074167],[136.8675,35.078333],[136.863333,35.078333],[136.863333,35.074167]]]}},{"type":"Feature","properties":{"mesh_id":"mesh-0026-0013","ward_code":"23111","ward_name":"港区","population":140,"cell_fraction":0.25},"geometry":{"type":"Polygon","coordinates":[[[136.888333,35.074167],[136.8925,35.074167],[136.8925,35.078333],[136.888333,35.078333],[136.888333,35.074167]]]}},{"type":"Feature","properties":{"mesh_id":"mesh-0027-0013","ward_code":"23111","ward_name":"港区","population":280,"cell_fraction":0.5},"geometry":{"type":"Polygon","coordinates":[[[136.8925,35.074167],[136.896667,35.074167],[136.896667,35.078333],[136.8925,35.078333],[136.8925,35.074167]]]}},{"type":"Feature","properties":{"mesh_id":"mesh-0028-0013","ward_code":"23111","ward_name":"港区","population":559,"cell_fraction":1.0},"geometry":{"type":"Polygon","coordinates":[[[136.896667,35.074167],[136.900833,35.074167],[136.900833,35.078333],[136.896667,35.078333],[136.896667,35.074167]]]}},{"type":"Feature","properties":{"mesh_id":"mesh-0029-0013","ward_code":"23111","ward_name":"港区","population":420,"cell_fraction":0.75},"geometry":{"type":"Polygon","coordinates":[[[136.900833,35.074167],[136.905,35.074167],[136.905,35.078333],[136.900833,35.078333],[136.900833,35.074167]]]}},{"type":"Feature","properties":{"mesh_id":"mesh-0010-0014","ward_code":"23111","ward_name":"港区","population":140,"cell_fraction":0.25},"geometry":{"type":"Polygon","coordinates":[[[136.821667,35.078333],[136.825833,35.078333],[136.825833,35.0825],[136.821667,35.0825],[136.821667,35.078333]]]}},{"type":"Feature","properties":{"mesh_id":"mesh-0016-0014","ward_code":"23111","ward_name":"港区","population":280,"cell_fraction":0.5},"geometry":{"type":"Polygon","coordinates":[[[136.846667,35.078333],[136.850833,35.078333],[136.850833,35.0825],[136.846667,35.0825],[136.846667,35.078333]]]}},{"type":"Feature","properties":{"mesh_id":"mesh-0017-0014","ward_code":"23111","ward_name":"港区","population":559,"cell_fraction":1.0},"geometry":{"type":"Polygon","coordinates":[[[136.850833,35.078333],[136.855,35.078333],[136.855,35.0825],[136.850833,35.0825],[136.850833,35.078333]]]}},{"type":"Feature","properties":{"mesh_id":"mesh-0018-0014","ward_code":"23111","ward_name":"港区","population":559,"cell_fraction":1.0},"geometry":{"type":"Polygon","coordinates":[[[136.855,35.078333],[136.859167,35.078333],[136.859167,35.0825],[136.855,35.0825],[136.855,35.078333]]]}},{"type":"Feature","properties":{"mesh_id":"mesh-0019-0014","ward_code":"23111","ward_name":"港区","population":559,"cell_fraction":1.0},"geometry":{"type":"Polygon","coordinates":[[[136.859167,35.078333],[136.863333,35.078333],[136.863333,35.0825],[136.859167,35.0825],[136.859167,35.078333]]]}},{"type":"Feature","properties":{"mesh_id":"mesh-0020-0014","ward_code":"23111","ward_name":"港区","population":559,"cell_fraction":1.0},"geometry":{"type":"Polygon","coordinates":[[[136.863333,35.078333],[136.8675,35.078333],[136.8675,35.0825],[136.863333,35.0825],[136.863333,35.078333]]]}},{"type":"Feature","properties":{"mesh_id":"mesh-0021-0014","ward_code":"23111","ward_name":"港区","population":140,"cell_fraction":0.25},"geometry":{"type":"Polygon","coordinates":[[[136.8675,35.078333],[136.871667,35.078333],[136.871667,35.0825],[136.8675,35.0825],[136.8675,35.078333]]]}},{"type":"Feature","properties":{"mesh_id":"mesh-0026-0014","ward_code":"23111","ward_name":"港区","population":280,"cell_fraction":0.5},"geometry":{"type":"Polygon","coordinates":[[[136.888333,35.078333],[136.8925,35.078333],[136.8925,35.0825],[136.888333,35.0825],[136.888333,35.078333]]]}},{"type":"Feature","properties":{"mesh_id":"mesh-0027-0014","ward_code":"23111","ward_name":"港区","population":559,"cell_fraction":1.0},"geometry":{"type":"Polygon","coordinates":[[[136.8925,35.078333],[136.896667,35.078333],[136.896667,35.0825],[136.8925,35.0825],[136.8925,35.078333]]]}},{"type":"Feature","properties":{"mesh_id":"mesh-0028-0014","ward_code":"23111","ward_name":"港区","population":559,"cell_fraction":1.0},"geometry":{"type":"Polygon","coordinates":[[[136.896667,35.078333],[136.900833,35.078333],[136.900833,35.0825],[136.896667,35.0825],[136.896667,35.078333]]]}},{"type":"Feature","properties":{"mesh_id":"mesh-0029-0014","ward_code":"23111","ward_name":"港区","population":420,"cell_fraction":0.75},"geometry":{"type":"Polygon","coordinates":[[[136.900833,35.078333],[136.905,35.078333],[136.905,35.0825],[136.900833,35.0825],[136.900833,35.078333]]]}},{"type":"Feature","properties":{"mesh_id":"mesh-0009-0015","ward_code":"23111","ward_name":"港区","population":280,"cell_fraction":0.5},"geometry":{"type":"Polygon","coordinates":[[[136.8175,35.0825],[136.821667,35.0825],[136.821667,35.086667],[136.8175,35.086667],[136.8175,35.0825]]]}},{"type":"Feature","properties":{"mesh_id":"mesh-0010-0015","ward_code":"23111","ward_name":"港区","population":559,"cell_fraction":1.0},"geometry":{"type":"Polygon","coordinates":[[[136.821667,35.0825],[136.825833,35.0825],[136.825833,35.086667],[136.821667,35.086667],[136.821667,35.0825]]]}},{"type":"Feature","properties":{"mesh_id":"mesh-0011-0015","ward_code":"23111","ward_name":"港区","population":559,"cell_fraction":1.0},"geometry":{"type":"Polygon","coordinates":[[[136.825833,35.0825],[136.83,35.0825],[136.83,35.086667],[136.825833,35.086667],[136.825833,35.0825]]]}},{"type":"Feature","properties":{"mesh_id":"mesh-0012-0015","ward_code":"23111","ward_name":"港区","population":559,"cell_fraction":1.0},"geometry":{"type":"Polygon","coordinates":[[[136.83,35.0825],[136.834167,35.0825],[136.834167,35.086667],[136.83,35.086667],[136.83,35.0825]]]}},{"type":"Feature","properties":{"mesh_id":"mesh-0013-0015","ward_code":"23111","ward_name":"港区","population":559,"cell_fraction":1.0},"geometry":{"type":"Polygon","coordinates":[[[136.834167,35.0825],[136.838333,35.0825],[136.838333,35.086667],[136.834167,35.086667],[136.834167,35.0825]]]}},{"type":"Feature","properties":{"mesh_id":"mesh-0014-0015","ward_code":"23111","ward_name":"港区","population":559,"cell_fraction":1.0},"geometry":{"type":"Polygon","coordinates":[[[136.838333,35.0825],[136.8425,35.0825],[136.8425,35.086667],[136.838333,35.086667],[136.838333,35.0825]]]}},{"type":"Feature","properties":{"mesh_id":"mesh-0015-0015","ward_code":"23111","ward_name":"港区","population":559,"cell_fraction":1.0},"geometry":{"type":"Polygon","coordinates":[[[136.8425,35.0825],[136.846667,35.0825],[136.846667,35.086667],[136.8425,35.086667],[136.8425,35.0825]]]}},{"type":"Feature","properties":{"mesh_id":"mesh-0016-0015","ward_code":"23111","ward_name":"港区","population":559,"cell_fraction":1.0},"geometry":{"type":"Polygon","coordinates":[[[136.846667,35.0825],[136.850833,35.0825],[136.850833,35.086667],[136.846667,35.086667],[136.846667,35.0825]]]}},{"type":"Feature","properties":{"mesh_id":"mesh-0017-0015","ward_code":"23111","ward_name":"港区","population":559,"cell_fraction":1.0},"geometry":{"type":"Polygon","coordinates":[[[136.850833,35.0825],[136.855,35.0825],[136.855,35.086667],[136.850833,35.086667],[136.850833,35.0825]]]}},{"type":"Feature","properties":{"mesh_id":"mesh-0018-0015","ward_code":"23111","ward_name":"港区","population":559,"cell_fraction":1.0},"geometry":{"type":"Polygon","coordinates":[[[136.855,35.0825],[136.859167,35.0825],[136.859167,35.086667],[136.855,35.086667],[136.855,35.0825]]]}},{"type":"Feature","properties":{"mesh_id":"mesh-0019-0015","ward_code":"23111","ward_name":"港区","population":559,"cell_fraction":1.0},"geometry":{"type":"Polygon","coordinates":[[[136.859167,35.0825],[136.863333,35.0825],[136.863333,35.086667],[136.859167,35.086667],[136.859167,35.0825]]]}},{"type":"Feature","properties":{"mesh_id":"mesh-0020-0015","ward_code":"23111","ward_name":"港区","population":559,"cell_fraction":1.0},"geometry":{"type":"Polygon","coordinates":[[[136.863333,35.0825],[136.8675,35.0825],[136.8675,35.086667],[136.863333,35.086667],[136.863333,35.0825]]]}},{"type":"Feature","properties":{"mesh_id":"mesh-0026-0015","ward_code":"23111","ward_name":"港区","population":280,"cell_fraction":0.5},"geometry":{"type":"Polygon","coordinates":[[[136.888333,35.0825],[136.8925,35.0825],[136.8925,35.086667],[136.888333,35.086667],[136.888333,35.0825]]]}},{"type":"Feature","properties":{"mesh_id":"mesh-0027-0015","ward_code":"23111","ward_name":"港区","population":559,"cell_fraction":1.0},"geometry":{"type":"Polygon","coordinates":[[[136.8925,35.0825],[136.896667,35.0825],[136.896667,35.086667],[136.8925,35.086667],[136.8925,35.0825]]]}},{"type":"Feature","properties":{"mesh_id":"mesh-0028-0015","ward_code":"23111","ward_name":"港区","population":559,"cell_fraction":1.0},"geometry":{"type":"Polygon","coordinates":[[[136.896667,35.0825],[136.900833,35.0825],[136.900833,35.086667],[136.896667,35.086667],[136.896667,35.0825]]]}},{"type":"Feature","properties":{"mesh_id":"mesh-0029-0015","ward_code":"23111","ward_name":"港区","population":559,"cell_fraction":1.0},"geometry":{"type":"Polygon","coordinates":[[[136.900833,35.0825],[136.905,35.0825],[136.905,35.086667],[136.900833,35.086667],[136.900833,35.0825]]]}},{"type":"Feature","properties":{"mesh_id":"mesh-0030-0015","ward_code":"23111","ward_name":"港区","population":420,"cell_fraction":0.75},"geometry":{"type":"Polygon","coordinates":[[[136.905,35.0825],[136.909167,35.0825],[136.909167,35.086667],[136.905,35.086667],[136.905,35.0825]]]}},{"type":"Feature","properties":{"mesh_id":"mesh-0031-0015","ward_code":"23111","ward_name":"港区","population":140,"cell_fraction":0.25},"geometry":{"type":"Polygon","coordinates":[[[136.909167,35.0825],[136.913333,35.0825],[136.913333,35.086667],[136.909167,35.086667],[136.909167,35.0825]]]}},{"type":"Feature","properties":{"mesh_id":"mesh-0008-0016","ward_code":"23111","ward_name":"港区","population":420,"cell_fraction":0.75},"geometry":{"type":"Polygon","coordinates":[[[136.813333,35.086667],[136.8175,35.086667],[136.8175,35.090833],[136.813333,35.090833],[136.813333,35.086667]]]}},{"type":"Feature","properties":{"mesh_id":"mesh-0009-0016","ward_code":"23111","ward_name":"港区","population":559,"cell_fraction":1.0},"geometry":{"type":"Polygon","coordinates":[[[136.8175,35.086667],[136.821667,35.086667],[136.821667,35.090833],[136.8175,35.090833],[136.8175,35.086667]]]}},{"type":"Feature","properties":{"mesh_id":"mesh-0010-0016","ward_code":"23111","ward_name":"港区","population":559,"cell_fraction":1.0},"geometry":{"type":"Polygon","coordinates":[[[136.821667,35.086667],[136.825833,35.086667],[136.825833,35.090833],[136.821667,35.090833],[136.821667,35.086667]]]}},{"type":"Feature","properties":{"mesh_id":"mesh-0011-0016","ward_code":"23111","ward_name":"港区","population":559,"cell_fraction":1.0},"geometry":{"type":"Polygon","coordinates":[[[136.825833,35.086667],[136.83,35.086667],[136.83,35.090833],[136.825833,35.090833],[136.825833,35.086667]]]}},{"type":"Feature","properties":{"mesh_id":"mesh-0012-0016","ward_code":"23111","ward_name":"港区","population":559,"cell_fraction":1.0},"geometry":{"type":"Polygon","coordinates":[[[136.83,35.086667],[136.834167,35.086667],[136.834167,35.090833],[136.83,35.090833],[136.83,35.086667]]]}},{"type":"Feature","properties":{"mesh_id":"mesh-0013-0016","ward_code":"23111","ward_name":"港区","population":559,"cell_fraction":1.0},"geometry":{"type":"Polygon","coordinates":[[[136.834167,35.086667],[136.838333,35.086667],[136.838333,35.090833],[136.834167,35.090833],[136.834167,35.086667]]]}},{"type":"Feature","properties":{"mesh_id":"mesh-0014-0016","ward_code":"23111","ward_name":"港区","population":559,"cell_fraction":1.0},"geometry":{"type":"Polygon","coordinates":[[[136.838333,35.086667],[136.8425,35.086667],[136.8425,35.090833],[136.838333,35.090833],[136.838333,35.086667]]]}},{"type":"Feature","properties":{"mesh_id":"mesh-0015-0016","ward_code":"23111","ward_name":"港区","population":559,"cell_fraction":1.0},"geometry":{"type":"Polygon","coordinates":[[[136.8425,35.086667],[136.846667,35.086667],[136.846667,35.090833],[136.8425,35.090833],[136.8425,35.086667]]]}},{"type":"Feature","properties":{"mesh_id":"mesh-0016-0016","ward_code":"23111","ward_name":"港区","population":559,"cell_fraction":1.0},"geometry":{"type":"Polygon","coordinates":[[[136.846667,35.086667],[136.850833,35.086667],[136.850833,35.090833],[136.846667,35.090833],[136.846667,35.086667]]]}},{"type":"Feature","properties":{"mesh_id":"mesh-0017-0016","ward_code":"23111","ward_name":"港区","population":559,"cell_fraction":1.0},"geometry":{"type":"Polygon","coordinates":[[[136.850833,35.086667],[136.855,35.086667],[136.855,35.090833],[136.850833,35.090833],[136.850833,35.086667]]]}},{"type":"Feature","properties":{"mesh_id":"mesh-0018-0016","ward_code":"23111","ward_name":"港区","population":559,"cell_fraction":1.0},"geometry":{"type":"Polygon","coordinates":[[[136.855,35.086667],[136.859167,35.086667],[136.859167,35.090833],[136.855,35.090833],[136.855,35.086667]]]}},{"type":"Feature","properties":{"mesh_id":"mesh-0019-0016","ward_code":"23111","ward_name":"港区","population":559,"cell_fraction":1.0},"geometry":{"type":"Polygon","coordinates":[[[136.859167,35.086667],[136.863333,35.086667],[136.863333,35.090833],[136.859167,35.090833],[136.859167,35.086667]]]}},{"type":"Feature","properties":{"mesh_id":"mesh-0020-0016","ward_code":"23111","ward_name":"港区","population":559,"cell_fraction":1.0},"geometry":{"type":"Polygon","coordinates":[[[136.863333,35.086667],[136.8675,35.086667],[136.8675,35.090833],[136.863333,35.090833],[136.863333,35.086667]]]}},{"type":"Feature","properties":{"mesh_id":"mesh-0021-0016","ward_code":"23111","ward_name":"港区","population":280,"cell_fraction":0.5},"geometry":{"type":"Polygon","coordinates":[[[136.8675,35.086667],[136.871667,35.086667],[136.871667,35.090833],[136.8675,35.090833],[136.8675,35.086667]]]}},{"type":"Feature","properties":{"mesh_id":"mesh-0022-0016","ward_code":"23111","ward_name":"港区","population":280,"cell_fraction":0.5},"geometry":{"type":"Polygon","coordinates":[[[136.871667,35.086667],[136.875833,35.086667],[136.875833,35.090833],[136.871667,35.090833],[136.871667,35.086667]]]}},{"type":"Feature","properties":{"mesh_id":"mesh-0023-0016","ward_code":"23111","ward_name":"港区","population":140,"cell_fraction":0.25},"geometry":{"type":"Polygon","coordinates":[[[136.875833,35.086667],[136.88,35.086667],[136.88,35.090833],[136.875833,35.090833],[136.875833,35.086667]]]}},{"type":"Feature","properties":{"mesh_id":"mesh-0024-0016","ward_code":"23111","ward_name":"港区","population":280,"cell_fraction":0.5},"geometry":{"type":"Polygon","coordinates":[[[136.88,35.086667],[136.884167,35.086667],[136.884167,35.090833],[136.88,35.090833],[136.88,35.086667]]]}},{"type":"Feature","properties":{"mesh_id":"mesh-0025-0016","ward_code":"23111","ward_name":"港区","population":140,"cell_fraction":0.25},"geometry":{"type":"Polygon","coordinates":[[[136.884167,35.086667],[136.888333,35.086667],[136.888333,35.090833],[136.884167,35.090833],[136.884167,35.086667]]]}},{"type":"Feature","properties":{"mesh_id":"mesh-0026-0016","ward_code":"23111","ward_name":"港区","population":280,"cell_fraction":0.5},"geometry":{"type":"Polygon","coordinates":[[[136.888333,35.086667],[136.8925,35.086667],[136.8925,35.090833],[136.888333,35.090833],[136.888333,35.086667]]]}},{"type":"Feature","properties":{"mesh_id":"mesh-0027-0016","ward_code":"23111","ward_name":"港区","population":559,"cell_fraction":1.0},"geometry":{"type":"Polygon","coordinates":[[[136.8925,35.086667],[136.896667,35.086667],[136.896667,35.090833],[136.8925,35.090833],[136.8925,35.086667]]]}},{"type":"Feature","properties":{"mesh_id":"mesh-0028-0016","ward_code":"23111","ward_name":"港区","population":559,"cell_fraction":1.0},"geometry":{"type":"Polygon","coordinates":[[[136.896667,35.086667],[136.900833,35.086667],[136.900833,35.090833],[136.896667,35.090833],[136.896667,35.086667]]]}},{"type":"Feature","properties":{"mesh_id":"mesh-0029-0016","ward_code":"23111","ward_name":"港区","population":420,"cell_fraction":0.75},"geometry":{"type":"Polygon","coordinates":[[[136.900833,35.086667],[136.905,35.086667],[136.905,35.090833],[136.900833,35.090833],[136.900833,35.086667]]]}},{"type":"Feature","properties":{"mesh_id":"mesh-0030-0016","ward_code":"23111","ward_name":"港区","population":420,"cell_fraction":0.75},"geometry":{"type":"Polygon","coordinates":[[[136.905,35.086667],[136.909167,35.086667],[136.909167,35.090833],[136.905,35.090833],[136.905,35.086667]]]}},{"type":"Feature","properties":{"mesh_id":"mesh-0031-0016","ward_code":"23111","ward_name":"港区","population":280,"cell_fraction":0.5},"geometry":{"type":"Polygon","coordinates":[[[136.909167,35.086667],[136.913333,35.086667],[136.913333,35.090833],[136.909167,35.090833],[136.909167,35.086667]]]}},{"type":"Feature","properties":{"mesh_id":"mesh-0007-0017","ward_code":"23111","ward_name":"港区","population":420,"cell_fraction":0.75},"geometry":{"type":"Polygon","coordinates":[[[136.809167,35.090833],[136.813333,35.090833],[136.813333,35.095],[136.809167,35.095],[136.809167,35.090833]]]}},{"type":"Feature","properties":{"mesh_id":"mesh-0008-0017","ward_code":"23111","ward_name":"港区","population":559,"cell_fraction":1.0},"geometry":{"type":"Polygon","coordinates":[[[136.813333,35.090833],[136.8175,35.090833],[136.8175,35.095],[136.813333,35.095],[136.813333,35.090833]]]}},{"type":"Feature","properties":{"mesh_id":"mesh-0009-0017","ward_code":"23111","ward_name":"港区","population":559,"cell_fraction":1.0},"geometry":{"type":"Polygon","coordinates":[[[136.8175,35.090833],[136.821667,35.090833],[136.821667,35.095],[136.8175,35.095],[136.8175,35.090833]]]}},{"type":"Feature","properties":{"mesh_id":"mesh-0010-0017","ward_code":"23111","ward_name":"港区","population":559,"cell_fraction":1.0},"geometry":{"type":"Polygon","coordinates":[[[136.821667,35.090833],[136.825833,35.090833],[136.825833,35.095],[136.821667,35.095],[136.821667,35.090833]]]}},{"type":"Feature","properties":{"mesh_id":"mesh-0011-0017","ward_code":"23111","ward_name":"港区","population":559,"cell_fraction":1.0},"geometry":{"type":"Polygon","coordinates":[[[136.825833,35.090833],[136.83,35.090833],[136.83,35.095],[136.825833,35.095],[136.825833,35.090833]]]}},{"type":"Feature","properties":{"mesh_id":"mesh-0012-0017","ward_code":"23111","ward_name":"港区","population":559,"cell_fraction":1.0},"geometry":{"type":"Polygon","coordinates":[[[136.83,35.090833],[136.834167,35.090833],[136.834167,35.095],[136.83,35.095],[136.83,35.090833]]]}},{"type":"Feature","properties":{"mesh_id":"mesh-0013-0017","ward_code":"23111","ward_name":"港区","population":559,"cell_fraction":1.0},"geometry":{"type":"Polygon","coordinates":[[[136.834167,35.090833],[136.838333,35.090833],[136.838333,35.095],[136.834167,35.095],[136.834167,35.090833]]]}},{"type":"Feature","properties":{"mesh_id":"mesh-0014-0017","ward_code":"23111","ward_name":"港区","population":559,"cell_fraction":1.0},"geometry":{"type":"Polygon","coordinates":[[[136.838333,35.090833],[136.8425,35.090833],[136.8425,35.095],[136.838333,35.095],[136.838333,35.090833]]]}},{"type":"Feature","properties":{"mesh_id":"mesh-0015-0017","ward_code":"23111","ward_name":"港区","population":559,"cell_fraction":1.0},"geometry":{"type":"Polygon","coordinates":[[[136.8425,35.090833],[136.846667,35.090833],[136.846667,35.095],[136.8425,35.095],[136.8425,35.090833]]]}},{"type":"Feature","properties":{"mesh_id":"mesh-0016-0017","ward_code":"23111","ward_name":"港区","population":559,"cell_fraction":1.0},"geometry":{"type":"Polygon","coordinates":[[[136.846667,35.090833],[136.850833,35.090833],[136.850833,35.095],[136.846667,35.095],[136.846667,35.090833]]]}},{"type":"Feature","properties":{"mesh_id":"mesh-0017-0017","ward_code":"23111","ward_name":"港区","population":559,"cell_fraction":1.0},"geometry":{"type":"Polygon","coordinates":[[[136.850833,35.090833],[136.855,35.090833],[136.855,35.095],[136.850833,35.095],[136.850833,35.090833]]]}},{"type":"Feature","properties":{"mesh_id":"mesh-0018-0017","ward_code":"23111","ward_name":"港区","population":559,"cell_fraction":1.0},"geometry":{"type":"Polygon","coordinates":[[[136.855,35.090833],[136.859167,35.090833],[136.859167,35.095],[136.855,35.095],[136.855,35.090833]]]}},{"type":"Feature","properties":{"mesh_id":"mesh-0019-0017","ward_code":"23111","ward_name":"港区","population":559,"cell_fraction":1.0},"geometry":{"type":"Polygon","coordinates":[[[136.859167,35.090833],[136.863333,35.090833],[136.863333,35.095],[136.859167,35.095],[136.859167,35.090833]]]}},{"type":"Feature","properties":{"mesh_id":"mesh-0020-0017","ward_code":"23111","ward_name":"港区","population":559,"cell_fraction":1.0},"geometry":{"type":"Polygon","coordinates":[[[136.863333,35.090833],[136.8675,35.090833],[136.8675,35.095],[136.863333,35.095],[136.863333,35.090833]]]}},{"type":"Feature","properties":{"mesh_id":"mesh-0021-0017","ward_code":"23111","ward_name":"港区","population":559,"cell_fraction":1.0},"geometry":{"type":"Polygon","coordinates":[[[136.8675,35.090833],[136.871667,35.090833],[136.871667,35.095],[136.8675,35.095],[136.8675,35.090833]]]}},{"type":"Feature","properties":{"mesh_id":"mesh-0022-0017","ward_code":"23111","ward_name":"港区","population":559,"cell_fraction":1.0},"geometry":{"type":"Polygon","coordinates":[[[136.871667,35.090833],[136.875833,35.090833],[136.875833,35.095],[136.871667,35.095],[136.871667,35.090833]]]}},{"type":"Feature","properties":{"mesh_id":"mesh-0023-0017","ward_code":"23111","ward_name":"港区","population":559,"cell_fraction":1.0},"geometry":{"type":"Polygon","coordinates":[[[136.875833,35.090833],[136.88,35.090833],[136.88,35.095],[136.875833,35.095],[136.875833,35.090833]]]}},{"type":"Feature","properties":{"mesh_id":"mesh-0024-0017","ward_code":"23111","ward_name":"港区","population":559,"cell_fraction":1.0},"geometry":{"type":"Polygon","coordinates":[[[136.88,35.090833],[136.884167,35.090833],[136.884167,35.095],[136.88,35.095],[136.88,35.090833]]]}},{"type":"Feature","properties":{"mesh_id":"mesh-0025-0017","ward_code":"23111","ward_name":"港区","population":420,"cell_fraction":0.75},"geometry":{"type":"Polygon","coordinates":[[[136.884167,35.090833],[136.888333,35.090833],[136.888333,35.095],[136.884167,35.095],[136.884167,35.090833]]]}},{"type":"Feature","properties":{"mesh_id":"mesh-0026-0017","ward_code":"23111","ward_name":"港区","population":280,"cell_fraction":0.5},"geometry":{"type":"Polygon","coordinates":[[[136.888333,35.090833],[136.8925,35.090833],[136.8925,35.095],[136.888333,35.095],[136.888333,35.090833]]]}},{"type":"Feature","properties":{"mesh_id":"mesh-0027-0017","ward_code":"23111","ward_name":"港区","population":559,"cell_fraction":1.0},"geometry":{"type":"Polygon","coordinates":[[[136.8925,35.090833],[136.896667,35.090833],[136.896667,35.095],[136.8925,35.095],[136.8925,35.090833]]]}},{"type":"Feature","properties":{"mesh_id":"mesh-0028-0017","ward_code":"23111","ward_name":"港区","population":559,"cell_fraction":1.0},"geometry":{"type":"Polygon","coordinates":[[[136.896667,35.090833],[136.900833,35.090833],[136.900833,35.095],[136.896667,35.095],[136.896667,35.090833]]]}},{"type":"Feature","properties":{"mesh_id":"mesh-0029-0017","ward_code":"23111","ward_name":"港区","population":280,"cell_fraction":0.5},"geometry":{"type":"Polygon","coordinates":[[[136.900833,35.090833],[136.905,35.090833],[136.905,35.095],[136.900833,35.095],[136.900833,35.090833]]]}},{"type":"Feature","properties":{"mesh_id":"mesh-0004-0018","ward_code":"23111","ward_name":"港区","population":140,"cell_fraction":0.25},"geometry":{"type":"Polygon","coordinates":[[[136.796667,35.095],[136.800833,35.095],[136.800833,35.099167],[136.796667,35.099167],[136.796667,35.095]]]}},{"type":"Feature","properties":{"mesh_id":"mesh-0005-0018","ward_code":"23111","ward_name":"港区","population":559,"cell_fraction":1.0},"geometry":{"type":"Polygon","coordinates":[[[136.800833,35.095],[136.805,35.095],[136.805,35.099167],[136.800833,35.099167],[136.800833,35.095]]]}},{"type":"Feature","properties":{"mesh_id":"mesh-0006-0018","ward_code":"23111","ward_name":"港区","population":559,"cell_fraction":1.0},"geometry":{"type":"Polygon","coordinates":[[[136.805,35.095],[136.809167,35.095],[136.809167,35.099167],[136.805,35.099167],[136.805,35.095]]]}},{"type":"Feature","properties":{"mesh_id":"mesh-0007-0018","ward_code":"23111","ward_name":"港区","population":559,"cell_fraction":1.0},"geometry":{"type":"Polygon","coordinates":[[[136.809167,35.095],[136.813333,35.095],[136.813333,35.099167],[136.809167,35.099167],[136.809167,35.095]]]}},{"type":"Feature","properties":{"mesh_id":"mesh-0008-0018","ward_code":"23111","ward_name":"港区","population":559,"cell_fraction":1.0},"geometry":{"type":"Polygon","coordinates":[[[136.813333,35.095],[136.8175,35.095],[136.8175,35.099167],[136.813333,35.099167],[136.813333,35.095]]]}},{"type":"Feature","properties":{"mesh_id":"mesh-0009-0018","ward_code":"23111","ward_name":"港区","population":559,"cell_fraction":1.0},"geometry":{"type":"Polygon","coordinates":[[[136.8175,35.095],[136.821667,35.095],[136.821667,35.099167],[136.8175,35.099167],[136.8175,35.095]]]}},{"type":"Feature","properties":{"mesh_id":"mesh-0010-0018","ward_code":"23111","ward_name":"港区","population":559,"cell_fraction":1.0},"geometry":{"type":"Polygon","coordinates":[[[136.821667,35.095],[136.825833,35.095],[136.825833,35.099167],[136.821667,35.099167],[136.821667,35.095]]]}},{"type":"Feature","properties":{"mesh_id":"mesh-0011-0018","ward_code":"23111","ward_name":"港区","population":559,"cell_fraction":1.0},"geometry":{"type":"Polygon","coordinates":[[[136.825833,35.095],[136.83,35.095],[136.83,35.099167],[136.825833,35.099167],[136.825833,35.095]]]}},{"type":"Feature","properties":{"mesh_id":"mesh-0012-0018","ward_code":"23111","ward_name":"港区","population":559,"cell_fraction":1.0},"geometry":{"type":"Polygon","coordinates":[[[136.83,35.095],[136.834167,35.095],[136.834167,35.099167],[136.83,35.099167],[136.83,35.095]]]}},{"type":"Feature","properties":{"mesh_id":"mesh-0013-0018","ward_code":"23111","ward_name":"港区","population":559,"cell_fraction":1.0},"geometry":{"type":"Polygon","coordinates":[[[136.834167,35.095],[136.838333,35.095],[136.838333,35.099167],[136.834167,35.099167],[136.834167,35.095]]]}},{"type":"Feature","properties":{"mesh_id":"mesh-0014-0018","ward_code":"23111","ward_name":"港区","population":559,"cell_fraction":1.0},"geometry":{"type":"Polygon","coordinates":[[[136.838333,35.095],[136.8425,35.095],[136.8425,35.099167],[136.838333,35.099167],[136.838333,35.095]]]}},{"type":"Feature","properties":{"mesh_id":"mesh-0015-0018","ward_code":"23111","ward_name":"港区","population":559,"cell_fraction":1.0},"geometry":{"type":"Polygon","coordinates":[[[136.8425,35.095],[136.846667,35.095],[136.846667,35.099167],[136.8425,35.099167],[136.8425,35.095]]]}},{"type":"Feature","properties":{"mesh_id":"mesh-0016-0018","ward_code":"23111","ward_name":"港区","population":559,"cell_fraction":1.0},"geometry":{"type":"Polygon","coordinates":[[[136.846667,35.095],[136.850833,35.095],[136.850833,35.099167],[136.846667,35.099167],[136.846667,35.095]]]}},{"type":"Feature","properties":{"mesh_id":"mesh-0017-0018","ward_code":"23111","ward_name":"港区","population":559,"cell_fraction":1.0},"geometry":{"type":"Polygon","coordinates":[[[136.850833,35.095],[136.855,35.095],[136.855,35.099167],[136.850833,35.099167],[136.850833,35.095]]]}},{"type":"Feature","properties":{"mesh_id":"mesh-0018-0018","ward_code":"23111","ward_name":"港区","population":559,"cell_fraction":1.0},"geometry":{"type":"Polygon","coordinates":[[[136.855,35.095],[136.859167,35.095],[136.859167,35.099167],[136.855,35.099167],[136.855,35.095]]]}},{"type":"Feature","properties":{"mesh_id":"mesh-0019-0018","ward_code":"23111","ward_name":"港区","population":559,"cell_fraction":1.0},"geometry":{"type":"Polygon","coordinates":[[[136.859167,35.095],[136.863333,35.095],[136.863333,35.099167],[136.859167,35.099167],[136.859167,35.095]]]}},{"type":"Feature","properties":{"mesh_id":"mesh-0020-0018","ward_code":"23111","ward_name":"港区","population":559,"cell_fraction":1.0},"geometry":{"type":"Polygon","coordinates":[[[136.863333,35.095],[136.8675,35.095],[136.8675,35.099167],[136.863333,35.099167],[136.863333,35.095]]]}},{"type":"Feature","properties":{"mesh_id":"mesh-0021-0018","ward_code":"23111","ward_name":"港区","population":559,"cell_fraction":1.0},"geometry":{"type":"Polygon","coordinates":[[[136.8675,35.095],[136.871667,35.095],[136.871667,35.099167],[136.8675,35.099167],[136.8675,35.095]]]}},{"type":"Feature","properties":{"mesh_id":"mesh-0022-0018","ward_code":"23111","ward_name":"港区","population":559,"cell_fraction":1.0},"geometry":{"type":"Polygon","coordinates":[[[136.871667,35.095],[136.875833,35.095],[136.875833,35.099167],[136.871667,35.099167],[136.871667,35.095]]]}},{"type":"Feature","properties":{"mesh_id":"mesh-0023-0018","ward_code":"23111","ward_name":"港区","population":559,"cell_fraction":1.0},"geometry":{"type":"Polygon","coordinates":[[[136.875833,35.095],[136.88,35.095],[136.88,35.099167],[136.875833,35.099167],[136.875833,35.095]]]}},{"type":"Feature","properties":{"mesh_id":"mesh-0024-0018","ward_code":"23111","ward_name":"港区","population":559,"cell_fraction":1.0},"geometry":{"type":"Polygon","coordinates":[[[136.88,35.095],[136.884167,35.095],[136.884167,35.099167],[136.88,35.099167],[136.88,35.095]]]}},{"type":"Feature","properties":{"mesh_id":"mesh-0025-0018","ward_code":"23111","ward_name":"港区","population":559,"cell_fraction":1.0},"geometry":{"type":"Polygon","coordinates":[[[136.884167,35.095],[136.888333,35.095],[136.888333,35.099167],[136.884167,35.099167],[136.884167,35.095]]]}},{"type":"Feature","properties":{"mesh_id":"mesh-0026-0018","ward_code":"23111","ward_name":"港区","population":559,"cell_fraction":1.0},"geometry":{"type":"Polygon","coordinates":[[[136.888333,35.095],[136.8925,35.095],[136.8925,35.099167],[136.888333,35.099167],[136.888333,35.095]]]}},{"type":"Feature","properties":{"mesh_id":"mesh-0027-0018","ward_code":"23111","ward_name":"港区","population":559,"cell_fraction":1.0},"geometry":{"type":"Polygon","coordinates":[[[136.8925,35.095],[136.896667,35.095],[136.896667,35.099167],[136.8925,35.099167],[136.8925,35.095]]]}},{"type":"Feature","properties":{"mesh_id":"mesh-0028-0018","ward_code":"23111","ward_name":"港区","population":559,"cell_fraction":1.0},"geometry":{"type":"Polygon","coordinates":[[[136.896667,35.095],[136.900833,35.095],[136.900833,35.099167],[136.896667,35.099167],[136.896667,35.095]]]}},{"type":"Feature","properties":{"mesh_id":"mesh-0004-0019","ward_code":"23111","ward_name":"港区","population":280,"cell_fraction":0.5},"geometry":{"type":"Polygon","coordinates":[[[136.796667,35.099167],[136.800833,35.099167],[136.800833,35.103333],[136.796667,35.103333],[136.796667,35.099167]]]}},{"type":"Feature","properties":{"mesh_id":"mesh-0005-0019","ward_code":"23111","ward_name":"港区","population":559,"cell_fraction":1.0},"geometry":{"type":"Polygon","coordinates":[[[136.800833,35.099167],[136.805,35.099167],[136.805,35.103333],[136.800833,35.103333],[136.800833,35.099167]]]}},{"type":"Feature","properties":{"mesh_id":"mesh-0006-0019","ward_code":"23111","ward_name":"港区","population":559,"cell_fraction":1.0},"geometry":{"type":"Polygon","coordinates":[[[136.805,35.099167],[136.809167,35.099167],[136.809167,35.103333],[136.805,35.103333],[136.805,35.099167]]]}},{"type":"Feature","properties":{"mesh_id":"mesh-0007-0019","ward_code":"23111","ward_name":"港区","population":559,"cell_fraction":1.0},"geometry":{"type":"Polygon","coordinates":[[[136.809167,35.099167],[136.813333,35.099167],[136.813333,35.103333],[136.809167,35.103333],[136.809167,35.099167]]]}},{"type":"Feature","properties":{"mesh_id":"mesh-0008-0019","ward_code":"23111","ward_name":"港区","population":559,"cell_fraction":1.0},"geometry":{"type":"Polygon","coordinates":[[[136.813333,35.099167],[136.8175,35.099167],[136.8175,35.103333],[136.813333,35.103333],[136.813333,35.099167]]]}},{"type":"Feature","properties":{"mesh_id":"mesh-0009-0019","ward_code":"23111","ward_name":"港区","population":559,"cell_fraction":1.0},"geometry":{"type":"Polygon","coordinates":[[[136.8175,35.099167],[136.821667,35.099167],[136.821667,35.103333],[136.8175,35.103333],[136.8175,35.099167]]]}},{"type":"Feature","properties":{"mesh_id":"mesh-0010-0019","ward_code":"23111","ward_name":"港区","population":559,"cell_fraction":1.0},"geometry":{"type":"Polygon","coordinates":[[[136.821667,35.099167],[136.825833,35.099167],[136.825833,35.103333],[136.821667,35.103333],[136.821667,35.099167]]]}},{"type":"Feature","properties":{"mesh_id":"mesh-0011-0019","ward_code":"23111","ward_name":"港区","population":559,"cell_fraction":1.0},"geometry":{"type":"Polygon","coordinates":[[[136.825833,35.099167],[136.83,35.099167],[136.83,35.103333],[136.825833,35.103333],[136.825833,35.099167]]]}},{"type":"Feature","properties":{"mesh_id":"mesh-0012-0019","ward_code":"23111","ward_name":"港区","population":559,"cell_fraction":1.0},"geometry":{"type":"Polygon","coordinates":[[[136.83,35.099167],[136.834167,35.099167],[136.834167,35.103333],[136.83,35.103333],[136.83,35.099167]]]}},{"type":"Feature","properties":{"mesh_id":"mesh-0013-0019","ward_code":"23111","ward_name":"港区","population":559,"cell_fraction":1.0},"geometry":{"type":"Polygon","coordinates":[[[136.834167,35.099167],[136.838333,35.099167],[136.838333,35.103333],[136.834167,35.103333],[136.834167,35.099167]]]}},{"type":"Feature","properties":{"mesh_id":"mesh-0014-0019","ward_code":"23111","ward_name":"港区","population":559,"cell_fraction":1.0},"geometry":{"type":"Polygon","coordinates":[[[136.838333,35.099167],[136.8425,35.099167],[136.8425,35.103333],[136.838333,35.103333],[136.838333,35.099167]]]}},{"type":"Feature","properties":{"mesh_id":"mesh-0015-0019","ward_code":"23111","ward_name":"港区","population":559,"cell_fraction":1.0},"geometry":{"type":"Polygon","coordinates":[[[136.8425,35.099167],[136.846667,35.099167],[136.846667,35.103333],[136.8425,35.103333],[136.8425,35.099167]]]}},{"type":"Feature","properties":{"mesh_id":"mesh-0016-0019","ward_code":"23111","ward_name":"港区","population":559,"cell_fraction":1.0},"geometry":{"type":"Polygon","coordinates":[[[136.846667,35.099167],[136.850833,35.099167],[136.850833,35.103333],[136.846667,35.103333],[136.846667,35.099167]]]}},{"type":"Feature","properties":{"mesh_id":"mesh-0017-0019","ward_code":"23111","ward_name":"港区","population":559,"cell_fraction":1.0},"geometry":{"type":"Polygon","coordinates":[[[136.850833,35.099167],[136.855,35.099167],[136.855,35.103333],[136.850833,35.103333],[136.850833,35.099167]]]}},{"type":"Feature","properties":{"mesh_id":"mesh-0018-0019","ward_code":"23111","ward_name":"港区","population":559,"cell_fraction":1.0},"geometry":{"type":"Polygon","coordinates":[[[136.855,35.099167],[136.859167,35.099167],[136.859167,35.103333],[136.855,35.103333],[136.855,35.099167]]]}},{"type":"Feature","properties":{"mesh_id":"mesh-0019-0019","ward_code":"23111","ward_name":"港区","population":559,"cell_fraction":1.0},"geometry":{"type":"Polygon","coordinates":[[[136.859167,35.099167],[136.863333,35.099167],[136.863333,35.103333],[136.859167,35.103333],[136.859167,35.099167]]]}},{"type":"Feature","properties":{"mesh_id":"mesh-0020-0019","ward_code":"23111","ward_name":"港区","population":559,"cell_fraction":1.0},"geometry":{"type":"Polygon","coordinates":[[[136.863333,35.099167],[136.8675,35.099167],[136.8675,35.103333],[136.863333,35.103333],[136.863333,35.099167]]]}},{"type":"Feature","properties":{"mesh_id":"mesh-0021-0019","ward_code":"23111","ward_name":"港区","population":559,"cell_fraction":1.0},"geometry":{"type":"Polygon","coordinates":[[[136.8675,35.099167],[136.871667,35.099167],[136.871667,35.103333],[136.8675,35.103333],[136.8675,35.099167]]]}},{"type":"Feature","properties":{"mesh_id":"mesh-0022-0019","ward_code":"23111","ward_name":"港区","population":559,"cell_fraction":1.0},"geometry":{"type":"Polygon","coordinates":[[[136.871667,35.099167],[136.875833,35.099167],[136.875833,35.103333],[136.871667,35.103333],[136.871667,35.099167]]]}},{"type":"Feature","properties":{"mesh_id":"mesh-0023-0019","ward_code":"23111","ward_name":"港区","population":559,"cell_fraction":1.0},"geometry":{"type":"Polygon","coordinates":[[[136.875833,35.099167],[136.88,35.099167],[136.88,35.103333],[136.875833,35.103333],[136.875833,35.099167]]]}},{"type":"Feature","properties":{"mesh_id":"mesh-0024-0019","ward_code":"23111","ward_name":"港区","population":559,"cell_fraction":1.0},"geometry":{"type":"Polygon","coordinates":[[[136.88,35.099167],[136.884167,35.099167],[136.884167,35.103333],[136.88,35.103333],[136.88,35.099167]]]}},{"type":"Feature","properties":{"mesh_id":"mesh-0025-0019","ward_code":"23111","ward_name":"港区","population":559,"cell_fraction":1.0},"geometry":{"type":"Polygon","coordinates":[[[136.884167,35.099167],[136.888333,35.099167],[136.888333,35.103333],[136.884167,35.103333],[136.884167,35.099167]]]}},{"type":"Feature","properties":{"mesh_id":"mesh-0026-0019","ward_code":"23111","ward_name":"港区","population":559,"cell_fraction":1.0},"geometry":{"type":"Polygon","coordinates":[[[136.888333,35.099167],[136.8925,35.099167],[136.8925,35.103333],[136.888333,35.103333],[136.888333,35.099167]]]}},{"type":"Feature","properties":{"mesh_id":"mesh-0027-0019","ward_code":"23111","ward_name":"港区","population":559,"cell_fraction":1.0},"geometry":{"type":"Polygon","coordinates":[[[136.8925,35.099167],[136.896667,35.099167],[136.896667,35.103333],[136.8925,35.103333],[136.8925,35.099167]]]}},{"type":"Feature","properties":{"mesh_id":"mesh-0028-0019","ward_code":"23111","ward_name":"港区","population":559,"cell_fraction":1.0},"geometry":{"type":"Polygon","coordinates":[[[136.896667,35.099167],[136.900833,35.099167],[136.900833,35.103333],[136.896667,35.103333],[136.896667,35.099167]]]}},{"type":"Feature","properties":{"mesh_id":"mesh-0004-0020","ward_code":"23111","ward_name":"港区","population":559,"cell_fraction":1.0},"geometry":{"type":"Polygon","coordinates":[[[136.796667,35.103333],[136.800833,35.103333],[136.800833,35.1075],[136.796667,35.1075],[136.796667,35.103333]]]}},{"type":"Feature","properties":{"mesh_id":"mesh-0005-0020","ward_code":"23111","ward_name":"港区","population":559,"cell_fraction":1.0},"geometry":{"type":"Polygon","coordinates":[[[136.800833,35.103333],[136.805,35.103333],[136.805,35.1075],[136.800833,35.1075],[136.800833,35.103333]]]}},{"type":"Feature","properties":{"mesh_id":"mesh-0006-0020","ward_code":"23111","ward_name":"港区","population":559,"cell_fraction":1.0},"geometry":{"type":"Polygon","coordinates":[[[136.805,35.103333],[136.809167,35.103333],[136.809167,35.1075],[136.805,35.1075],[136.805,35.103333]]]}},{"type":"Feature","properties":{"mesh_id":"mesh-0007-0020","ward_code":"23111","ward_name":"港区","population":559,"cell_fraction":1.0},"geometry":{"type":"Polygon","coordinates":[[[136.809167,35.103333],[136.813333,35.103333],[136.813333,35.1075],[136.809167,35.1075],[136.809167,35.103333]]]}},{"type":"Feature","properties":{"mesh_id":"mesh-0008-0020","ward_code":"23111","ward_name":"港区","population":559,"cell_fraction":1.0},"geometry":{"type":"Polygon","coordinates":[[[136.813333,35.103333],[136.8175,35.103333],[136.8175,35.1075],[136.813333,35.1075],[136.813333,35.103333]]]}},{"type":"Feature","properties":{"mesh_id":"mesh-0009-0020","ward_code":"23111","ward_name":"港区","population":559,"cell_fraction":1.0},"geometry":{"type":"Polygon","coordinates":[[[136.8175,35.103333],[136.821667,35.103333],[136.821667,35.1075],[136.8175,35.1075],[136.8175,35.103333]]]}},{"type":"Feature","properties":{"mesh_id":"mesh-0010-0020","ward_code":"23111","ward_name":"港区","population":559,"cell_fraction":1.0},"geometry":{"type":"Polygon","coordinates":[[[136.821667,35.103333],[136.825833,35.103333],[136.825833,35.1075],[136.821667,35.1075],[136.821667,35.103333]]]}},{"type":"Feature","properties":{"mesh_id":"mesh-0011-0020","ward_code":"23111","ward_name":"港区","population":559,"cell_fraction":1.0},"geometry":{"type":"Polygon","coordinates":[[[136.825833,35.103333],[136.83,35.103333],[136.83,35.1075],[136.825833,35.1075],[136.825833,35.103333]]]}},{"type":"Feature","properties":{"mesh_id":"mesh-0012-0020","ward_code":"23111","ward_name":"港区","population":559,"cell_fraction":1.0},"geometry":{"type":"Polygon","coordinates":[[[136.83,35.103333],[136.834167,35.103333],[136.834167,35.1075],[136.83,35.1075],[136.83,35.103333]]]}},{"type":"Feature","properties":{"mesh_id":"mesh-0013-0020","ward_code":"23111","ward_name":"港区","population":559,"cell_fraction":1.0},"geometry":{"type":"Polygon","coordinates":[[[136.834167,35.103333],[136.838333,35.103333],[136.838333,35.1075],[136.834167,35.1075],[136.834167,35.103333]]]}},{"type":"Feature","properties":{"mesh_id":"mesh-0014-0020","ward_code":"23111","ward_name":"港区","population":559,"cell_fraction":1.0},"geometry":{"type":"Polygon","coordinates":[[[136.838333,35.103333],[136.8425,35.103333],[136.8425,35.1075],[136.838333,35.1075],[136.838333,35.103333]]]}},{"type":"Feature","properties":{"mesh_id":"mesh-0015-0020","ward_code":"23111","ward_name":"港区","population":559,"cell_fraction":1.0},"geometry":{"type":"Polygon","coordinates":[[[136.8425,35.103333],[136.846667,35.103333],[136.846667,35.1075],[136.8425,35.1075],[136.8425,35.103333]]]}},{"type":"Feature","properties":{"mesh_id":"mesh-0016-0020","ward_code":"23111","ward_name":"港区","population":559,"cell_fraction":1.0},"geometry":{"type":"Polygon","coordinates":[[[136.846667,35.103333],[136.850833,35.103333],[136.850833,35.1075],[136.846667,35.1075],[136.846667,35.103333]]]}},{"type":"Feature","properties":{"mesh_id":"mesh-0017-0020","ward_code":"23111","ward_name":"港区","population":559,"cell_fraction":1.0},"geometry":{"type":"Polygon","coordinates":[[[136.850833,35.103333],[136.855,35.103333],[136.855,35.1075],[136.850833,35.1075],[136.850833,35.103333]]]}},{"type":"Feature","properties":{"mesh_id":"mesh-0018-0020","ward_code":"23111","ward_name":"港区","population":559,"cell_fraction":1.0},"geometry":{"type":"Polygon","coordinates":[[[136.855,35.103333],[136.859167,35.103333],[136.859167,35.1075],[136.855,35.1075],[136.855,35.103333]]]}},{"type":"Feature","properties":{"mesh_id":"mesh-0019-0020","ward_code":"23111","ward_name":"港区","population":559,"cell_fraction":1.0},"geometry":{"type":"Polygon","coordinates":[[[136.859167,35.103333],[136.863333,35.103333],[136.863333,35.1075],[136.859167,35.1075],[136.859167,35.103333]]]}},{"type":"Feature","properties":{"mesh_id":"mesh-0020-0020","ward_code":"23111","ward_name":"港区","population":559,"cell_fraction":1.0},"geometry":{"type":"Polygon","coordinates":[[[136.863333,35.103333],[136.8675,35.103333],[136.8675,35.1075],[136.863333,35.1075],[136.863333,35.103333]]]}},{"type":"Feature","properties":{"mesh_id":"mesh-0021-0020","ward_code":"23111","ward_name":"港区","population":559,"cell_fraction":1.0},"geometry":{"type":"Polygon","coordinates":[[[136.8675,35.103333],[136.871667,35.103333],[136.871667,35.1075],[136.8675,35.1075],[136.8675,35.103333]]]}},{"type":"Feature","properties":{"mesh_id":"mesh-0022-0020","ward_code":"23111","ward_name":"港区","population":559,"cell_fraction":1.0},"geometry":{"type":"Polygon","coordinates":[[[136.871667,35.103333],[136.875833,35.103333],[136.875833,35.1075],[136.871667,35.1075],[136.871667,35.103333]]]}},{"type":"Feature","properties":{"mesh_id":"mesh-0023-0020","ward_code":"23111","ward_name":"港区","population":559,"cell_fraction":1.0},"geometry":{"type":"Polygon","coordinates":[[[136.875833,35.103333],[136.88,35.103333],[136.88,35.1075],[136.875833,35.1075],[136.875833,35.103333]]]}},{"type":"Feature","properties":{"mesh_id":"mesh-0024-0020","ward_code":"23111","ward_name":"港区","population":559,"cell_fraction":1.0},"geometry":{"type":"Polygon","coordinates":[[[136.88,35.103333],[136.884167,35.103333],[136.884167,35.1075],[136.88,35.1075],[136.88,35.103333]]]}},{"type":"Feature","properties":{"mesh_id":"mesh-0025-0020","ward_code":"23111","ward_name":"港区","population":559,"cell_fraction":1.0},"geometry":{"type":"Polygon","coordinates":[[[136.884167,35.103333],[136.888333,35.103333],[136.888333,35.1075],[136.884167,35.1075],[136.884167,35.103333]]]}},{"type":"Feature","properties":{"mesh_id":"mesh-0026-0020","ward_code":"23111","ward_name":"港区","population":559,"cell_fraction":1.0},"geometry":{"type":"Polygon","coordinates":[[[136.888333,35.103333],[136.8925,35.103333],[136.8925,35.1075],[136.888333,35.1075],[136.888333,35.103333]]]}},{"type":"Feature","properties":{"mesh_id":"mesh-0027-0020","ward_code":"23111","ward_name":"港区","population":559,"cell_fraction":1.0},"geometry":{"type":"Polygon","coordinates":[[[136.8925,35.103333],[136.896667,35.103333],[136.896667,35.1075],[136.8925,35.1075],[136.8925,35.103333]]]}},{"type":"Feature","properties":{"mesh_id":"mesh-0028-0020","ward_code":"23111","ward_name":"港区","population":559,"cell_fraction":1.0},"geometry":{"type":"Polygon","coordinates":[[[136.896667,35.103333],[136.900833,35.103333],[136.900833,35.1075],[136.896667,35.1075],[136.896667,35.103333]]]}},{"type":"Feature","properties":{"mesh_id":"mesh-0003-0021","ward_code":"23111","ward_name":"港区","population":420,"cell_fraction":0.75},"geometry":{"type":"Polygon","coordinates":[[[136.7925,35.1075],[136.796667,35.1075],[136.796667,35.111667],[136.7925,35.111667],[136.7925,35.1075]]]}},{"type":"Feature","properties":{"mesh_id":"mesh-0004-0021","ward_code":"23111","ward_name":"港区","population":559,"cell_fraction":1.0},"geometry":{"type":"Polygon","coordinates":[[[136.796667,35.1075],[136.800833,35.1075],[136.800833,35.111667],[136.796667,35.111667],[136.796667,35.1075]]]}},{"type":"Feature","properties":{"mesh_id":"mesh-0005-0021","ward_code":"23111","ward_name":"港区","population":559,"cell_fraction":1.0},"geometry":{"type":"Polygon","coordinates":[[[136.800833,35.1075],[136.805,35.1075],[136.805,35.111667],[136.800833,35.111667],[136.800833,35.1075]]]}},{"type":"Feature","properties":{"mesh_id":"mesh-0006-0021","ward_code":"23111","ward_name":"港区","population":559,"cell_fraction":1.0},"geometry":{"type":"Polygon","coordinates":[[[136.805,35.1075],[136.809167,35.1075],[136.809167,35.111667],[136.805,35.111667],[136.805,35.1075]]]}},{"type":"Feature","properties":{"mesh_id":"mesh-0007-0021","ward_code":"23111","ward_name":"港区","population":559,"cell_fraction":1.0},"geometry":{"type":"Polygon","coordinates":[[[136.809167,35.1075],[136.813333,35.1075],[136.813333,35.111667],[136.809167,35.111667],[136.809167,35.1075]]]}},{"type":"Feature","properties":{"mesh_id":"mesh-0008-0021","ward_code":"23111","ward_name":"港区","population":559,"cell_fraction":1.0},"geometry":{"type":"Polygon","coordinates":[[[136.813333,35.1075],[136.8175,35.1075],[136.8175,35.111667],[136.813333,35.111667],[136.813333,35.1075]]]}},{"type":"Feature","properties":{"mesh_id":"mesh-0009-0021","ward_code":"23111","ward_name":"港区","population":559,"cell_fraction":1.0},"geometry":{"type":"Polygon","coordinates":[[[136.8175,35.1075],[136.821667,35.1075],[136.821667,35.111667],[136.8175,35.111667],[136.8175,35.1075]]]}},{"type":"Feature","properties":{"mesh_id":"mesh-0010-0021","ward_code":"23111","ward_name":"港区","population":559,"cell_fraction":1.0},"geometry":{"type":"Polygon","coordinates":[[[136.821667,35.1075],[136.825833,35.1075],[136.825833,35.111667],[136.821667,35.111667],[136.821667,35.1075]]]}},{"type":"Feature","properties":{"mesh_id":"mesh-0011-0021","ward_code":"23111","ward_name":"港区","population":559,"cell_fraction":1.0},"geometry":{"type":"Polygon","coordinates":[[[136.825833,35.1075],[136.83,35.1075],[136.83,35.111667],[136.825833,35.111667],[136.825833,35.1075]]]}},{"type":"Feature","properties":{"mesh_id":"mesh-0012-0021","ward_code":"23111","ward_name":"港区","population":559,"cell_fraction":1.0},"geometry":{"type":"Polygon","coordinates":[[[136.83,35.1075],[136.834167,35.1075],[136.834167,35.111667],[136.83,35.111667],[136.83,35.1075]]]}},{"type":"Feature","properties":{"mesh_id":"mesh-0013-0021","ward_code":"23111","ward_name":"港区","population":420,"cell_fraction":0.75},"geometry":{"type":"Polygon","coordinates":[[[136.834167,35.1075],[136.838333,35.1075],[136.838333,35.111667],[136.834167,35.111667],[136.834167,35.1075]]]}},{"type":"Feature","properties":{"mesh_id":"mesh-0014-0021","ward_code":"23111","ward_name":"港区","population":559,"cell_fraction":1.0},"geometry":{"type":"Polygon","coordinates":[[[136.838333,35.1075],[136.8425,35.1075],[136.8425,35.111667],[136.838333,35.111667],[136.838333,35.1075]]]}},{"type":"Feature","properties":{"mesh_id":"mesh-0015-0021","ward_code":"23111","ward_name":"港区","population":559,"cell_fraction":1.0},"geometry":{"type":"Polygon","coordinates":[[[136.8425,35.1075],[136.846667,35.1075],[136.846667,35.111667],[136.8425,35.111667],[136.8425,35.1075]]]}},{"type":"Feature","properties":{"mesh_id":"mesh-0016-0021","ward_code":"23111","ward_name":"港区","population":559,"cell_fraction":1.0},"geometry":{"type":"Polygon","coordinates":[[[136.846667,35.1075],[136.850833,35.1075],[136.850833,35.111667],[136.846667,35.111667],[136.846667,35.1075]]]}},{"type":"Feature","properties":{"mesh_id":"mesh-0017-0021","ward_code":"23111","ward_name":"港区","population":559,"cell_fraction":1.0},"geometry":{"type":"Polygon","coordinates":[[[136.850833,35.1075],[136.855,35.1075],[136.855,35.111667],[136.850833,35.111667],[136.850833,35.1075]]]}},{"type":"Feature","properties":{"mesh_id":"mesh-0018-0021","ward_code":"23111","ward_name":"港区","population":559,"cell_fraction":1.0},"geometry":{"type":"Polygon","coordinates":[[[136.855,35.1075],[136.859167,35.1075],[136.859167,35.111667],[136.855,35.111667],[136.855,35.1075]]]}},{"type":"Feature","properties":{"mesh_id":"mesh-0019-0021","ward_code":"23111","ward_name":"港区","population":559,"cell_fraction":1.0},"geometry":{"type":"Polygon","coordinates":[[[136.859167,35.1075],[136.863333,35.1075],[136.863333,35.111667],[136.859167,35.111667],[136.859167,35.1075]]]}},{"type":"Feature","properties":{"mesh_id":"mesh-0020-0021","ward_code":"23111","ward_name":"港区","population":559,"cell_fraction":1.0},"geometry":{"type":"Polygon","coordinates":[[[136.863333,35.1075],[136.8675,35.1075],[136.8675,35.111667],[136.863333,35.111667],[136.863333,35.1075]]]}},{"type":"Feature","properties":{"mesh_id":"mesh-0021-0021","ward_code":"23111","ward_name":"港区","population":559,"cell_fraction":1.0},"geometry":{"type":"Polygon","coordinates":[[[136.8675,35.1075],[136.871667,35.1075],[136.871667,35.111667],[136.8675,35.111667],[136.8675,35.1075]]]}},{"type":"Feature","properties":{"mesh_id":"mesh-0022-0021","ward_code":"23111","ward_name":"港区","population":559,"cell_fraction":1.0},"geometry":{"type":"Polygon","coordinates":[[[136.871667,35.1075],[136.875833,35.1075],[136.875833,35.111667],[136.871667,35.111667],[136.871667,35.1075]]]}},{"type":"Feature","properties":{"mesh_id":"mesh-0023-0021","ward_code":"23111","ward_name":"港区","population":559,"cell_fraction":1.0},"geometry":{"type":"Polygon","coordinates":[[[136.875833,35.1075],[136.88,35.1075],[136.88,35.111667],[136.875833,35.111667],[136.875833,35.1075]]]}},{"type":"Feature","properties":{"mesh_id":"mesh-0024-0021","ward_code":"23111","ward_name":"港区","population":559,"cell_fraction":1.0},"geometry":{"type":"Polygon","coordinates":[[[136.88,35.1075],[136.884167,35.1075],[136.884167,35.111667],[136.88,35.111667],[136.88,35.1075]]]}},{"type":"Feature","properties":{"mesh_id":"mesh-0025-0021","ward_code":"23111","ward_name":"港区","population":559,"cell_fraction":1.0},"geometry":{"type":"Polygon","coordinates":[[[136.884167,35.1075],[136.888333,35.1075],[136.888333,35.111667],[136.884167,35.111667],[136.884167,35.1075]]]}},{"type":"Feature","properties":{"mesh_id":"mesh-0026-0021","ward_code":"23111","ward_name":"港区","population":559,"cell_fraction":1.0},"geometry":{"type":"Polygon","coordinates":[[[136.888333,35.1075],[136.8925,35.1075],[136.8925,35.111667],[136.888333,35.111667],[136.888333,35.1075]]]}},{"type":"Feature","properties":{"mesh_id":"mesh-0027-0021","ward_code":"23111","ward_name":"港区","population":559,"cell_fraction":1.0},"geometry":{"type":"Polygon","coordinates":[[[136.8925,35.1075],[136.896667,35.1075],[136.896667,35.111667],[136.8925,35.111667],[136.8925,35.1075]]]}},{"type":"Feature","properties":{"mesh_id":"mesh-0028-0021","ward_code":"23111","ward_name":"港区","population":559,"cell_fraction":1.0},"geometry":{"type":"Polygon","coordinates":[[[136.896667,35.1075],[136.900833,35.1075],[136.900833,35.111667],[136.896667,35.111667],[136.896667,35.1075]]]}},{"type":"Feature","properties":{"mesh_id":"mesh-0003-0022","ward_code":"23111","ward_name":"港区","population":559,"cell_fraction":1.0},"geometry":{"type":"Polygon","coordinates":[[[136.7925,35.111667],[136.796667,35.111667],[136.796667,35.115833],[136.7925,35.115833],[136.7925,35.111667]]]}},{"type":"Feature","properties":{"mesh_id":"mesh-0004-0022","ward_code":"23111","ward_name":"港区","population":559,"cell_fraction":1.0},"geometry":{"type":"Polygon","coordinates":[[[136.796667,35.111667],[136.800833,35.111667],[136.800833,35.115833],[136.796667,35.115833],[136.796667,35.111667]]]}},{"type":"Feature","properties":{"mesh_id":"mesh-0005-0022","ward_code":"23111","ward_name":"港区","population":559,"cell_fraction":1.0},"geometry":{"type":"Polygon","coordinates":[[[136.800833,35.111667],[136.805,35.111667],[136.805,35.115833],[136.800833,35.115833],[136.800833,35.111667]]]}},{"type":"Feature","properties":{"mesh_id":"mesh-0006-0022","ward_code":"23111","ward_name":"港区","population":559,"cell_fraction":1.0},"geometry":{"type":"Polygon","coordinates":[[[136.805,35.111667],[136.809167,35.111667],[136.809167,35.115833],[136.805,35.115833],[136.805,35.111667]]]}},{"type":"Feature","properties":{"mesh_id":"mesh-0007-0022","ward_code":"23111","ward_name":"港区","population":559,"cell_fraction":1.0},"geometry":{"type":"Polygon","coordinates":[[[136.809167,35.111667],[136.813333,35.111667],[136.813333,35.115833],[136.809167,35.115833],[136.809167,35.111667]]]}},{"type":"Feature","properties":{"mesh_id":"mesh-0008-0022","ward_code":"23111","ward_name":"港区","population":559,"cell_fraction":1.0},"geometry":{"type":"Polygon","coordinates":[[[136.813333,35.111667],[136.8175,35.111667],[136.8175,35.115833],[136.813333,35.115833],[136.813333,35.111667]]]}},{"type":"Feature","properties":{"mesh_id":"mesh-0009-0022","ward_code":"23111","ward_name":"港区","population":559,"cell_fraction":1.0},"geometry":{"type":"Polygon","coordinates":[[[136.8175,35.111667],[136.821667,35.111667],[136.821667,35.115833],[136.8175,35.115833],[136.8175,35.111667]]]}},{"type":"Feature","properties":{"mesh_id":"mesh-0010-0022","ward_code":"23111","ward_name":"港区","population":559,"cell_fraction":1.0},"geometry":{"type":"Polygon","coordinates":[[[136.821667,35.111667],[136.825833,35.111667],[136.825833,35.115833],[136.821667,35.115833],[136.821667,35.111667]]]}},{"type":"Feature","properties":{"mesh_id":"mesh-0011-0022","ward_code":"23111","ward_name":"港区","population":559,"cell_fraction":1.0},"geometry":{"type":"Polygon","coordinates":[[[136.825833,35.111667],[136.83,35.111667],[136.83,35.115833],[136.825833,35.115833],[136.825833,35.111667]]]}},{"type":"Feature","properties":{"mesh_id":"mesh-0012-0022","ward_code":"23111","ward_name":"港区","population":559,"cell_fraction":1.0},"geometry":{"type":"Polygon","coordinates":[[[136.83,35.111667],[136.834167,35.111667],[136.834167,35.115833],[136.83,35.115833],[136.83,35.111667]]]}},{"type":"Feature","properties":{"mesh_id":"mesh-0013-0022","ward_code":"23111","ward_name":"港区","population":280,"cell_fraction":0.5},"geometry":{"type":"Polygon","coordinates":[[[136.834167,35.111667],[136.838333,35.111667],[136.838333,35.115833],[136.834167,35.115833],[136.834167,35.111667]]]}},{"type":"Feature","properties":{"mesh_id":"mesh-0014-0022","ward_code":"23111","ward_name":"港区","population":559,"cell_fraction":1.0},"geometry":{"type":"Polygon","coordinates":[[[136.838333,35.111667],[136.8425,35.111667],[136.8425,35.115833],[136.838333,35.115833],[136.838333,35.111667]]]}},{"type":"Feature","properties":{"mesh_id":"mesh-0015-0022","ward_code":"23111","ward_name":"港区","population":559,"cell_fraction":1.0},"geometry":{"type":"Polygon","coordinates":[[[136.8425,35.111667],[136.846667,35.111667],[136.846667,35.115833],[136.8425,35.115833],[136.8425,35.111667]]]}},{"type":"Feature","properties":{"mesh_id":"mesh-0016-0022","ward_code":"23111","ward_name":"港区","population":559,"cell_fraction":1.0},"geometry":{"type":"Polygon","coordinates":[[[136.846667,35.111667],[136.850833,35.111667],[136.850833,35.115833],[136.846667,35.115833],[136.846667,35.111667]]]}},{"type":"Feature","properties":{"mesh_id":"mesh-0017-0022","ward_code":"23111","ward_name":"港区","population":559,"cell_fraction":1.0},"geometry":{"type":"Polygon","coordinates":[[[136.850833,35.111667],[136.855,35.111667],[136.855,35.115833],[136.850833,35.115833],[136.850833,35.111667]]]}},{"type":"Feature","properties":{"mesh_id":"mesh-0018-0022","ward_code":"23111","ward_name":"港区","population":559,"cell_fraction":1.0},"geometry":{"type":"Polygon","coordinates":[[[136.855,35.111667],[136.859167,35.111667],[136.859167,35.115833],[136.855,35.115833],[136.855,35.111667]]]}},{"type":"Feature","properties":{"mesh_id":"mesh-0019-0022","ward_code":"23111","ward_name":"港区","population":559,"cell_fraction":1.0},"geometry":{"type":"Polygon","coordinates":[[[136.859167,35.111667],[136.863333,35.111667],[136.863333,35.115833],[136.859167,35.115833],[136.859167,35.111667]]]}},{"type":"Feature","properties":{"mesh_id":"mesh-0020-0022","ward_code":"23111","ward_name":"港区","population":559,"cell_fraction":1.0},"geometry":{"type":"Polygon","coordinates":[[[136.863333,35.111667],[136.8675,35.111667],[136.8675,35.115833],[136.863333,35.115833],[136.863333,35.111667]]]}},{"type":"Feature","properties":{"mesh_id":"mesh-0021-0022","ward_code":"23111","ward_name":"港区","population":559,"cell_fraction":1.0},"geometry":{"type":"Polygon","coordinates":[[[136.8675,35.111667],[136.871667,35.111667],[136.871667,35.115833],[136.8675,35.115833],[136.8675,35.111667]]]}},{"type":"Feature","properties":{"mesh_id":"mesh-0022-0022","ward_code":"23111","ward_name":"港区","population":559,"cell_fraction":1.0},"geometry":{"type":"Polygon","coordinates":[[[136.871667,35.111667],[136.875833,35.111667],[136.875833,35.115833],[136.871667,35.115833],[136.871667,35.111667]]]}},{"type":"Feature","properties":{"mesh_id":"mesh-0023-0022","ward_code":"23111","ward_name":"港区","population":559,"cell_fraction":1.0},"geometry":{"type":"Polygon","coordinates":[[[136.875833,35.111667],[136.88,35.111667],[136.88,35.115833],[136.875833,35.115833],[136.875833,35.111667]]]}},{"type":"Feature","properties":{"mesh_id":"mesh-0024-0022","ward_code":"23111","ward_name":"港区","population":559,"cell_fraction":1.0},"geometry":{"type":"Polygon","coordinates":[[[136.88,35.111667],[136.884167,35.111667],[136.884167,35.115833],[136.88,35.115833],[136.88,35.111667]]]}},{"type":"Feature","properties":{"mesh_id":"mesh-0025-0022","ward_code":"23111","ward_name":"港区","population":559,"cell_fraction":1.0},"geometry":{"type":"Polygon","coordinates":[[[136.884167,35.111667],[136.888333,35.111667],[136.888333,35.115833],[136.884167,35.115833],[136.884167,35.111667]]]}},{"type":"Feature","properties":{"mesh_id":"mesh-0026-0022","ward_code":"23111","ward_name":"港区","population":420,"cell_fraction":0.75},"geometry":{"type":"Polygon","coordinates":[[[136.888333,35.111667],[136.8925,35.111667],[136.8925,35.115833],[136.888333,35.115833],[136.888333,35.111667]]]}},{"type":"Feature","properties":{"mesh_id":"mesh-0027-0022","ward_code":"23111","ward_name":"港区","population":280,"cell_fraction":0.5},"geometry":{"type":"Polygon","coordinates":[[[136.8925,35.111667],[136.896667,35.111667],[136.896667,35.115833],[136.8925,35.115833],[136.8925,35.111667]]]}},{"type":"Feature","properties":{"mesh_id":"mesh-0028-0022","ward_code":"23111","ward_name":"港区","population":140,"cell_fraction":0.25},"geometry":{"type":"Polygon","coordinates":[[[136.896667,35.111667],[136.900833,35.111667],[136.900833,35.115833],[136.896667,35.115833],[136.896667,35.111667]]]}},{"type":"Feature","properties":{"mesh_id":"mesh-0003-0023","ward_code":"23111","ward_name":"港区","population":559,"cell_fraction":1.0},"geometry":{"type":"Polygon","coordinates":[[[136.7925,35.115833],[136.796667,35.115833],[136.796667,35.12],[136.7925,35.12],[136.7925,35.115833]]]}},{"type":"Feature","properties":{"mesh_id":"mesh-0004-0023","ward_code":"23111","ward_name":"港区","population":559,"cell_fraction":1.0},"geometry":{"type":"Polygon","coordinates":[[[136.796667,35.115833],[136.800833,35.115833],[136.800833,35.12],[136.796667,35.12],[136.796667,35.115833]]]}},{"type":"Feature","properties":{"mesh_id":"mesh-0005-0023","ward_code":"23111","ward_name":"港区","population":559,"cell_fraction":1.0},"geometry":{"type":"Polygon","coordinates":[[[136.800833,35.115833],[136.805,35.115833],[136.805,35.12],[136.800833,35.12],[136.800833,35.115833]]]}},{"type":"Feature","properties":{"mesh_id":"mesh-0006-0023","ward_code":"23111","ward_name":"港区","population":559,"cell_fraction":1.0},"geometry":{"type":"Polygon","coordinates":[[[136.805,35.115833],[136.809167,35.115833],[136.809167,35.12],[136.805,35.12],[136.805,35.115833]]]}},{"type":"Feature","properties":{"mesh_id":"mesh-0007-0023","ward_code":"23111","ward_name":"港区","population":559,"cell_fraction":1.0},"geometry":{"type":"Polygon","coordinates":[[[136.809167,35.115833],[136.813333,35.115833],[136.813333,35.12],[136.809167,35.12],[136.809167,35.115833]]]}},{"type":"Feature","properties":{"mesh_id":"mesh-0008-0023","ward_code":"23111","ward_name":"港区","population":559,"cell_fraction":1.0},"geometry":{"type":"Polygon","coordinates":[[[136.813333,35.115833],[136.8175,35.115833],[136.8175,35.12],[136.813333,35.12],[136.813333,35.115833]]]}},{"type":"Feature","properties":{"mesh_id":"mesh-0009-0023","ward_code":"23111","ward_name":"港区","population":559,"cell_fraction":1.0},"geometry":{"type":"Polygon","coordinates":[[[136.8175,35.115833],[136.821667,35.115833],[136.821667,35.12],[136.8175,35.12],[136.8175,35.115833]]]}},{"type":"Feature","properties":{"mesh_id":"mesh-0010-0023","ward_code":"23111","ward_name":"港区","population":280,"cell_fraction":0.5},"geometry":{"type":"Polygon","coordinates":[[[136.821667,35.115833],[136.825833,35.115833],[136.825833,35.12],[136.821667,35.12],[136.821667,35.115833]]]}},{"type":"Feature","properties":{"mesh_id":"mesh-0011-0023","ward_code":"23111","ward_name":"港区","population":420,"cell_fraction":0.75},"geometry":{"type":"Polygon","coordinates":[[[136.825833,35.115833],[136.83,35.115833],[136.83,35.12],[136.825833,35.12],[136.825833,35.115833]]]}},{"type":"Feature","properties":{"mesh_id":"mesh-0012-0023","ward_code":"23111","ward_name":"港区","population":420,"cell_fraction":0.75},"geometry":{"type":"Polygon","coordinates":[[[136.83,35.115833],[136.834167,35.115833],[136.834167,35.12],[136.83,35.12],[136.83,35.115833]]]}},{"type":"Feature","properties":{"mesh_id":"mesh-0013-0023","ward_code":"23111","ward_name":"港区","population":140,"cell_fraction":0.25},"geometry":{"type":"Polygon","coordinates":[[[136.834167,35.115833],[136.838333,35.115833],[136.838333,35.12],[136.834167,35.12],[136.834167,35.115833]]]}},{"type":"Feature","properties":{"mesh_id":"mesh-0014-0023","ward_code":"23111","ward_name":"港区","population":140,"cell_fraction":0.25},"geometry":{"type":"Polygon","coordinates":[[[136.838333,35.115833],[136.8425,35.115833],[136.8425,35.12],[136.838333,35.12],[136.838333,35.115833]]]}},{"type":"Feature","properties":{"mesh_id":"mesh-0015-0023","ward_code":"23111","ward_name":"港区","population":280,"cell_fraction":0.5},"geometry":{"type":"Polygon","coordinates":[[[136.8425,35.115833],[136.846667,35.115833],[136.846667,35.12],[136.8425,35.12],[136.8425,35.115833]]]}},{"type":"Feature","properties":{"mesh_id":"mesh-0016-0023","ward_code":"23111","ward_name":"港区","population":559,"cell_fraction":1.0},"geometry":{"type":"Polygon","coordinates":[[[136.846667,35.115833],[136.850833,35.115833],[136.850833,35.12],[136.846667,35.12],[136.846667,35.115833]]]}},{"type":"Feature","properties":{"mesh_id":"mesh-0017-0023","ward_code":"23111","ward_name":"港区","population":559,"cell_fraction":1.0},"geometry":{"type":"Polygon","coordinates":[[[136.850833,35.115833],[136.855,35.115833],[136.855,35.12],[136.850833,35.12],[136.850833,35.115833]]]}},{"type":"Feature","properties":{"mesh_id":"mesh-0018-0023","ward_code":"23111","ward_name":"港区","population":559,"cell_fraction":1.0},"geometry":{"type":"Polygon","coordinates":[[[136.855,35.115833],[136.859167,35.115833],[136.859167,35.12],[136.855,35.12],[136.855,35.115833]]]}},{"type":"Feature","properties":{"mesh_id":"mesh-0019-0023","ward_code":"23111","ward_name":"港区","population":559,"cell_fraction":1.0},"geometry":{"type":"Polygon","coordinates":[[[136.859167,35.115833],[136.863333,35.115833],[136.863333,35.12],[136.859167,35.12],[136.859167,35.115833]]]}},{"type":"Feature","properties":{"mesh_id":"mesh-0020-0023","ward_code":"23111","ward_name":"港区","population":280,"cell_fraction":0.5},"geometry":{"type":"Polygon","coordinates":[[[136.863333,35.115833],[136.8675,35.115833],[136.8675,35.12],[136.863333,35.12],[136.863333,35.115833]]]}},{"type":"Feature","properties":{"mesh_id":"mesh-0021-0023","ward_code":"23111","ward_name":"港区","population":280,"cell_fraction":0.5},"geometry":{"type":"Polygon","coordinates":[[[136.8675,35.115833],[136.871667,35.115833],[136.871667,35.12],[136.8675,35.12],[136.8675,35.115833]]]}},{"type":"Feature","properties":{"mesh_id":"mesh-0022-0023","ward_code":"23111","ward_name":"港区","population":280,"cell_fraction":0.5},"geometry":{"type":"Polygon","coordinates":[[[136.871667,35.115833],[136.875833,35.115833],[136.875833,35.12],[136.871667,35.12],[136.871667,35.115833]]]}},{"type":"Feature","properties":{"mesh_id":"mesh-0023-0023","ward_code":"23111","ward_name":"港区","population":280,"cell_fraction":0.5},"geometry":{"type":"Polygon","coordinates":[[[136.875833,35.115833],[136.88,35.115833],[136.88,35.12],[136.875833,35.12],[136.875833,35.115833]]]}},{"type":"Feature","properties":{"mesh_id":"mesh-0024-0023","ward_code":"23111","ward_name":"港区","population":280,"cell_fraction":0.5},"geometry":{"type":"Polygon","coordinates":[[[136.88,35.115833],[136.884167,35.115833],[136.884167,35.12],[136.88,35.12],[136.88,35.115833]]]}},{"type":"Feature","properties":{"mesh_id":"mesh-0025-0023","ward_code":"23111","ward_name":"港区","population":280,"cell_fraction":0.5},"geometry":{"type":"Polygon","coordinates":[[[136.884167,35.115833],[136.888333,35.115833],[136.888333,35.12],[136.884167,35.12],[136.884167,35.115833]]]}},{"type":"Feature","properties":{"mesh_id":"mesh-0026-0023","ward_code":"23111","ward_name":"港区","population":140,"cell_fraction":0.25},"geometry":{"type":"Polygon","coordinates":[[[136.888333,35.115833],[136.8925,35.115833],[136.8925,35.12],[136.888333,35.12],[136.888333,35.115833]]]}},{"type":"Feature","properties":{"mesh_id":"mesh-0003-0024","ward_code":"23111","ward_name":"港区","population":140,"cell_fraction":0.25},"geometry":{"type":"Polygon","coordinates":[[[136.7925,35.12],[136.796667,35.12],[136.796667,35.124167],[136.7925,35.124167],[136.7925,35.12]]]}},{"type":"Feature","properties":{"mesh_id":"mesh-0004-0024","ward_code":"23111","ward_name":"港区","population":280,"cell_fraction":0.5},"geometry":{"type":"Polygon","coordinates":[[[136.796667,35.12],[136.800833,35.12],[136.800833,35.124167],[136.796667,35.124167],[136.796667,35.12]]]}},{"type":"Feature","properties":{"mesh_id":"mesh-0005-0024","ward_code":"23111","ward_name":"港区","population":280,"cell_fraction":0.5},"geometry":{"type":"Polygon","coordinates":[[[136.800833,35.12],[136.805,35.12],[136.805,35.124167],[136.800833,35.124167],[136.800833,35.12]]]}},{"type":"Feature","properties":{"mesh_id":"mesh-0007-0024","ward_code":"23111","ward_name":"港区","population":280,"cell_fraction":0.5},"geometry":{"type":"Polygon","coordinates":[[[136.809167,35.12],[136.813333,35.12],[136.813333,35.124167],[136.809167,35.124167],[136.809167,35.12]]]}},{"type":"Feature","properties":{"mesh_id":"mesh-0008-0024","ward_code":"23111","ward_name":"港区","population":559,"cell_fraction":1.0},"geometry":{"type":"Polygon","coordinates":[[[136.813333,35.12],[136.8175,35.12],[136.8175,35.124167],[136.813333,35.124167],[136.813333,35.12]]]}},{"type":"Feature","properties":{"mesh_id":"mesh-0009-0024","ward_code":"23111","ward_name":"港区","population":559,"cell_fraction":1.0},"geometry":{"type":"Polygon","coordinates":[[[136.8175,35.12],[136.821667,35.12],[136.821667,35.124167],[136.8175,35.124167],[136.8175,35.12]]]}},{"type":"Feature","properties":{"mesh_id":"mesh-0017-0024","ward_code":"23111","ward_name":"港区","population":280,"cell_fraction":0.5},"geometry":{"type":"Polygon","coordinates":[[[136.850833,35.12],[136.855,35.12],[136.855,35.124167],[136.850833,35.124167],[136.850833,35.12]]]}},{"type":"Feature","properties":{"mesh_id":"mesh-0018-0024","ward_code":"23111","ward_name":"港区","population":280,"cell_fraction":0.5},"geometry":{"type":"Polygon","coordinates":[[[136.855,35.12],[136.859167,35.12],[136.859167,35.124167],[136.855,35.124167],[136.855,35.12]]]}},{"type":"Feature","properties":{"mesh_id":"mesh-0019-0024","ward_code":"23111","ward_name":"港区","population":280,"cell_fraction":0.5},"geometry":{"type":"Polygon","coordinates":[[[136.859167,35.12],[136.863333,35.12],[136.863333,35.124167],[136.859167,35.124167],[136.859167,35.12]]]}},{"type":"Feature","properties":{"mesh_id":"mesh-0008-0025","ward_code":"23111","ward_name":"港区","population":140,"cell_fraction":0.25},"geometry":{"type":"Polygon","coordinates":[[[136.813333,35.124167],[136.8175,35.124167],[136.8175,35.128333],[136.813333,35.128333],[136.813333,35.124167]]]}},{"type":"Feature","properties":{"mesh_id":"mesh-0009-0025","ward_code":"23111","ward_name":"港区","population":140,"cell_fraction":0.25},"geometry":{"type":"Polygon","coordinates":[[[136.8175,35.124167],[136.821667,35.124167],[136.821667,35.128333],[136.8175,35.128333],[136.8175,35.124167]]]}},{"type":"Feature","properties":{"mesh_id":"mesh-0029-0011","ward_code":"23112","ward_name":"南区","population":639,"cell_fraction":0.5},"geometry":{"type":"Polygon","coordinates":[[[136.900833,35.065833],[136.905,35.065833],[136.905,35.07],[136.900833,35.07],[136.900833,35.065833]]]}},{"type":"Feature","properties":{"mesh_id":"mesh-0030-0011","ward_code":"23112","ward_name":"南区","population":639,"cell_fraction":0.5},"geometry":{"type":"Polygon","coordinates":[[[136.905,35.065833],[136.909167,35.065833],[136.909167,35.07],[136.905,35.07],[136.905,35.065833]]]}},{"type":"Feature","properties":{"mesh_id":"mesh-0031-0011","ward_code":"23112","ward_name":"南区","population":320,"cell_fraction":0.25},"geometry":{"type":"Polygon","coordinates":[[[136.909167,35.065833],[136.913333,35.065833],[136.913333,35.07],[136.909167,35.07],[136.909167,35.065833]]]}},{"type":"Feature","properties":{"mesh_id":"mesh-0029-0012","ward_code":"23112","ward_name":"南区","population":959,"cell_fraction":0.75},"geometry":{"type":"Polygon","coordinates":[[[136.900833,35.07],[136.905,35.07],[136.905,35.074167],[136.900833,35.074167],[136.900833,35.07]]]}},{"type":"Feature","properties":{"mesh_id":"mesh-0030-0012","ward_code":"23112","ward_name":"南区","population":1278,"cell_fraction":1.0},"geometry":{"type":"Polygon","coordinates":[[[136.905,35.07],[136.909167,35.07],[136.909167,35.074167],[136.905,35.074167],[136.905,35.07]]]}},{"type":"Feature","properties":{"mesh_id":"mesh-0031-0012","ward_code":"23112","ward_name":"南区","population":1278,"cell_fraction":1.0},"geometry":{"type":"Polygon","coordinates":[[[136.909167,35.07],[136.913333,35.07],[136.913333,35.074167],[136.909167,35.074167],[136.909167,35.07]]]}},{"type":"Feature","properties":{"mesh_id":"mesh-0032-0012","ward_code":"23112","ward_name":"南区","population":1278,"cell_fraction":1.0},"geometry":{"type":"Polygon","coordinates":[[[136.913333,35.07],[136.9175,35.07],[136.9175,35.074167],[136.913333,35.074167],[136.913333,35.07]]]}},{"type":"Feature","properties":{"mesh_id":"mesh-0033-0012","ward_code":"23112","ward_name":"南区","population":1278,"cell_fraction":1.0},"geometry":{"type":"Polygon","coordinates":[[[136.9175,35.07],[136.921667,35.07],[136.921667,35.074167],[136.9175,35.074167],[136.9175,35.07]]]}},{"type":"Feature","properties":{"mesh_id":"mesh-0034-0012","ward_code":"23112","ward_name":"南区","population":1278,"cell_fraction":1.0},"geometry":{"type":"Polygon","coordinates":[[[136.921667,35.07],[136.925833,35.07],[136.925833,35.074167],[136.921667,35.074167],[136.921667,35.07]]]}},{"type":"Feature","properties":{"mesh_id":"mesh-0035-0012","ward_code":"23112","ward_name":"南区","population":1278,"cell_fraction":1.0},"geometry":{"type":"Polygon","coordinates":[[[136.925833,35.07],[136.93,35.07],[136.93,35.074167],[136.925833,35.074167],[136.925833,35.07]]]}},{"type":"Feature","properties":{"mesh_id":"mesh-0036-0012","ward_code":"23112","ward_name":"南区","population":959,"cell_fraction":0.75},"geometry":{"type":"Polygon","coordinates":[[[136.93,35.07],[136.934167,35.07],[136.934167,35.074167],[136.93,35.074167],[136.93,35.07]]]}},{"type":"Feature","properties":{"mesh_id":"mesh-0029-0013","ward_code":"23112","ward_name":"南区","population":320,"cell_fraction":0.25},"geometry":{"type":"Polygon","coordinates":[[[136.900833,35.074167],[136.905,35.074167],[136.905,35.078333],[136.900833,35.078333],[136.900833,35.074167]]]}},{"type":"Feature","properties":{"mesh_id":"mesh-0030-0013","ward_code":"23112","ward_name":"南区","population":1278,"cell_fraction":1.0},"geometry":{"type":"Polygon","coordinates":[[[136.905,35.074167],[136.909167,35.074167],[136.909167,35.078333],[136.905,35.078333],[136.905,35.074167]]]}},{"type":"Feature","properties":{"mesh_id":"mesh-0031-0013","ward_code":"23112","ward_name":"南区","population":1278,"cell_fraction":1.0},"geometry":{"type":"Polygon","coordinates":[[[136.909167,35.074167],[136.913333,35.074167],[136.913333,35.078333],[136.909167,35.078333],[136.909167,35.074167]]]}},{"type":"Feature","properties":{"mesh_id":"mesh-0032-0013","ward_code":"23112","ward_name":"南区","population":1278,"cell_fraction":1.0},"geometry":{"type":"Polygon","coordinates":[[[136.913333,35.074167],[136.9175,35.074167],[136.9175,35.078333],[136.913333,35.078333],[136.913333,35.074167]]]}},{"type":"Feature","properties":{"mesh_id":"mesh-0033-0013","ward_code":"23112","ward_name":"南区","population":1278,"cell_fraction":1.0},"geometry":{"type":"Polygon","coordinates":[[[136.9175,35.074167],[136.921667,35.074167],[136.921667,35.078333],[136.9175,35.078333],[136.9175,35.074167]]]}},{"type":"Feature","properties":{"mesh_id":"mesh-0034-0013","ward_code":"23112","ward_name":"南区","population":1278,"cell_fraction":1.0},"geometry":{"type":"Polygon","coordinates":[[[136.921667,35.074167],[136.925833,35.074167],[136.925833,35.078333],[136.921667,35.078333],[136.921667,35.074167]]]}},{"type":"Feature","properties":{"mesh_id":"mesh-0035-0013","ward_code":"23112","ward_name":"南区","population":1278,"cell_fraction":1.0},"geometry":{"type":"Polygon","coordinates":[[[136.925833,35.074167],[136.93,35.074167],[136.93,35.078333],[136.925833,35.078333],[136.925833,35.074167]]]}},{"type":"Feature","properties":{"mesh_id":"mesh-0036-0013","ward_code":"23112","ward_name":"南区","population":1278,"cell_fraction":1.0},"geometry":{"type":"Polygon","coordinates":[[[136.93,35.074167],[136.934167,35.074167],[136.934167,35.078333],[136.93,35.078333],[136.93,35.074167]]]}},{"type":"Feature","properties":{"mesh_id":"mesh-0037-0013","ward_code":"23112","ward_name":"南区","population":1278,"cell_fraction":1.0},"geometry":{"type":"Polygon","coordinates":[[[136.934167,35.074167],[136.938333,35.074167],[136.938333,35.078333],[136.934167,35.078333],[136.934167,35.074167]]]}},{"type":"Feature","properties":{"mesh_id":"mesh-0038-0013","ward_code":"23112","ward_name":"南区","population":320,"cell_fraction":0.25},"geometry":{"type":"Polygon","coordinates":[[[136.938333,35.074167],[136.9425,35.074167],[136.9425,35.078333],[136.938333,35.078333],[136.938333,35.074167]]]}},{"type":"Feature","properties":{"mesh_id":"mesh-0029-0014","ward_code":"23112","ward_name":"南区","population":319,"cell_fraction":0.25},"geometry":{"type":"Polygon","coordinates":[[[136.900833,35.078333],[136.905,35.078333],[136.905,35.0825],[136.900833,35.0825],[136.900833,35.078333]]]}},{"type":"Feature","properties":{"mesh_id":"mesh-0030-0014","ward_code":"23112","ward_name":"南区","population":1278,"cell_fraction":1.0},"geometry":{"type":"Polygon","coordinates":[[[136.905,35.078333],[136.909167,35.078333],[136.909167,35.0825],[136.905,35.0825],[136.905,35.078333]]]}},{"type":"Feature","properties":{"mesh_id":"mesh-0031-0014","ward_code":"23112","ward_name":"南区","population":1278,"cell_fraction":1.0},"geometry":{"type":"Polygon","coordinates":[[[136.909167,35.078333],[136.913333,35.078333],[136.913333,35.0825],[136.909167,35.0825],[136.909167,35.078333]]]}},{"type":"Feature","properties":{"mesh_id":"mesh-0032-0014","ward_code":"23112","ward_name":"南区","population":1278,"cell_fraction":1.0},"geometry":{"type":"Polygon","coordinates":[[[136.913333,35.078333],[136.9175,35.078333],[136.9175,35.0825],[136.913333,35.0825],[136.913333,35.078333]]]}},{"type":"Feature","properties":{"mesh_id":"mesh-0033-0014","ward_code":"23112","ward_name":"南区","population":1278,"cell_fraction":1.0},"geometry":{"type":"Polygon","coordinates":[[[136.9175,35.078333],[136.921667,35.078333],[136.921667,35.0825],[136.9175,35.0825],[136.9175,35.078333]]]}},{"type":"Feature","properties":{"mesh_id":"mesh-0034-0014","ward_code":"23112","ward_name":"南区","population":1278,"cell_fraction":1.0},"geometry":{"type":"Polygon","coordinates":[[[136.921667,35.078333],[136.925833,35.078333],[136.925833,35.0825],[136.921667,35.0825],[136.921667,35.078333]]]}},{"type":"Feature","properties":{"mesh_id":"mesh-0035-0014","ward_code":"23112","ward_name":"南区","population":1278,"cell_fraction":1.0},"geometry":{"type":"Polygon","coordinates":[[[136.925833,35.078333],[136.93,35.078333],[136.93,35.0825],[136.925833,35.0825],[136.925833,35.078333]]]}},{"type":"Feature","properties":{"mesh_id":"mesh-0036-0014","ward_code":"23112","ward_name":"南区","population":1278,"cell_fraction":1.0},"geometry":{"type":"Polygon","coordinates":[[[136.93,35.078333],[136.934167,35.078333],[136.934167,35.0825],[136.93,35.0825],[136.93,35.078333]]]}},{"type":"Feature","properties":{"mesh_id":"mesh-0037-0014","ward_code":"23112","ward_name":"南区","population":1278,"cell_fraction":1.0},"geometry":{"type":"Polygon","coordinates":[[[136.934167,35.078333],[136.938333,35.078333],[136.938333,35.0825],[136.934167,35.0825],[136.934167,35.078333]]]}},{"type":"Feature","properties":{"mesh_id":"mesh-0038-0014","ward_code":"23112","ward_name":"南区","population":639,"cell_fraction":0.5},"geometry":{"type":"Polygon","coordinates":[[[136.938333,35.078333],[136.9425,35.078333],[136.9425,35.0825],[136.938333,35.0825],[136.938333,35.078333]]]}},{"type":"Feature","properties":{"mesh_id":"mesh-0030-0015","ward_code":"23112","ward_name":"南区","population":319,"cell_fraction":0.25},"geometry":{"type":"Polygon","coordinates":[[[136.905,35.0825],[136.909167,35.0825],[136.909167,35.086667],[136.905,35.086667],[136.905,35.0825]]]}},{"type":"Feature","properties":{"mesh_id":"mesh-0031-0015","ward_code":"23112","ward_name":"南区","population":959,"cell_fraction":0.75},"geometry":{"type":"Polygon","coordinates":[[[136.909167,35.0825],[136.913333,35.0825],[136.913333,35.086667],[136.909167,35.086667],[136.909167,35.0825]]]}},{"type":"Feature","properties":{"mesh_id":"mesh-0032-0015","ward_code":"23112","ward_name":"南区","population":1278,"cell_fraction":1.0},"geometry":{"type":"Polygon","coordinates":[[[136.913333,35.0825],[136.9175,35.0825],[136.9175,35.086667],[136.913333,35.086667],[136.913333,35.0825]]]}},{"type":"Feature","properties":{"mesh_id":"mesh-0033-0015","ward_code":"23112","ward_name":"南区","population":1278,"cell_fraction":1.0},"geometry":{"type":"Polygon","coordinates":[[[136.9175,35.0825],[136.921667,35.0825],[136.921667,35.086667],[136.9175,35.086667],[136.9175,35.0825]]]}},{"type":"Feature","properties":{"mesh_id":"mesh-0034-0015","ward_code":"23112","ward_name":"南区","population":1278,"cell_fraction":1.0},"geometry":{"type":"Polygon","coordinates":[[[136.921667,35.0825],[136.925833,35.0825],[136.925833,35.086667],[136.921667,35.086667],[136.921667,35.0825]]]}},{"type":"Feature","properties":{"mesh_id":"mesh-0035-0015","ward_code":"23112","ward_name":"南区","population":1278,"cell_fraction":1.0},"geometry":{"type":"Polygon","coordinates":[[[136.925833,35.0825],[136.93,35.0825],[136.93,35.086667],[136.925833,35.086667],[136.925833,35.0825]]]}},{"type":"Feature","properties":{"mesh_id":"mesh-0036-0015","ward_code":"23112","ward_name":"南区","population":1278,"cell_fraction":1.0},"geometry":{"type":"Polygon","coordinates":[[[136.93,35.0825],[136.934167,35.0825],[136.934167,35.086667],[136.93,35.086667],[136.93,35.0825]]]}},{"type":"Feature","properties":{"mesh_id":"mesh-0037-0015","ward_code":"23112","ward_name":"南区","population":1278,"cell_fraction":1.0},"geometry":{"type":"Polygon","coordinates":[[[136.934167,35.0825],[136.938333,35.0825],[136.938333,35.086667],[136.934167,35.086667],[136.934167,35.0825]]]}},{"type":"Feature","properties":{"mesh_id":"mesh-0038-0015","ward_code":"23112","ward_name":"南区","population":639,"cell_fraction":0.5},"geometry":{"type":"Polygon","coordinates":[[[136.938333,35.0825],[136.9425,35.0825],[136.9425,35.086667],[136.938333,35.086667],[136.938333,35.0825]]]}},{"type":"Feature","properties":{"mesh_id":"mesh-0029-0016","ward_code":"23112","ward_name":"南区","population":319,"cell_fraction":0.25},"geometry":{"type":"Polygon","coordinates":[[[136.900833,35.086667],[136.905,35.086667],[136.905,35.090833],[136.900833,35.090833],[136.900833,35.086667]]]}},{"type":"Feature","properties":{"mesh_id":"mesh-0030-0016","ward_code":"23112","ward_name":"南区","population":319,"cell_fraction":0.25},"geometry":{"type":"Polygon","coordinates":[[[136.905,35.086667],[136.909167,35.086667],[136.909167,35.090833],[136.905,35.090833],[136.905,35.086667]]]}},{"type":"Feature","properties":{"mesh_id":"mesh-0031-0016","ward_code":"23112","ward_name":"南区","population":639,"cell_fraction":0.5},"geometry":{"type":"Polygon","coordinates":[[[136.909167,35.086667],[136.913333,35.086667],[136.913333,35.090833],[136.909167,35.090833],[136.909167,35.086667]]]}},{"type":"Feature","properties":{"mesh_id":"mesh-0032-0016","ward_code":"23112","ward_name":"南区","population":1278,"cell_fraction":1.0},"geometry":{"type":"Polygon","coordinates":[[[136.913333,35.086667],[136.9175,35.086667],[136.9175,35.090833],[136.913333,35.090833],[136.913333,35.086667]]]}},{"type":"Feature","properties":{"mesh_id":"mesh-0033-0016","ward_code":"23112","ward_name":"南区","population":1278,"cell_fraction":1.0},"geometry":{"type":"Polygon","coordinates":[[[136.9175,35.086667],[136.921667,35.086667],[136.921667,35.090833],[136.9175,35.090833],[136.9175,35.086667]]]}},{"type":"Feature","properties":{"mesh_id":"mesh-0034-0016","ward_code":"23112","ward_name":"南区","population":1278,"cell_fraction":1.0},"geometry":{"type":"Polygon","coordinates":[[[136.921667,35.086667],[136.925833,35.086667],[136.925833,35.090833],[136.921667,35.090833],[136.921667,35.086667]]]}},{"type":"Feature","properties":{"mesh_id":"mesh-0035-0016","ward_code":"23112","ward_name":"南区","population":1278,"cell_fraction":1.0},"geometry":{"type":"Polygon","coordinates":[[[136.925833,35.086667],[136.93,35.086667],[136.93,35.090833],[136.925833,35.090833],[136.925833,35.086667]]]}},{"type":"Feature","properties":{"mesh_id":"mesh-0036-0016","ward_code":"23112","ward_name":"南区","population":1278,"cell_fraction":1.0},"geometry":{"type":"Polygon","coordinates":[[[136.93,35.086667],[136.934167,35.086667],[136.934167,35.090833],[136.93,35.090833],[136.93,35.086667]]]}},{"type":"Feature","properties":{"mesh_id":"mesh-0037-0016","ward_code":"23112","ward_name":"南区","population":1278,"cell_fraction":1.0},"geometry":{"type":"Polygon","coordinates":[[[136.934167,35.086667],[136.938333,35.086667],[136.938333,35.090833],[136.934167,35.090833],[136.934167,35.086667]]]}},{"type":"Feature","properties":{"mesh_id":"mesh-0038-0016","ward_code":"23112","ward_name":"南区","population":959,"cell_fraction":0.75},"geometry":{"type":"Polygon","coordinates":[[[136.938333,35.086667],[136.9425,35.086667],[136.9425,35.090833],[136.938333,35.090833],[136.938333,35.086667]]]}},{"type":"Feature","properties":{"mesh_id":"mesh-0029-0017","ward_code":"23112","ward_name":"南区","population":639,"cell_fraction":0.5},"geometry":{"type":"Polygon","coordinates":[[[136.900833,35.090833],[136.905,35.090833],[136.905,35.095],[136.900833,35.095],[136.900833,35.090833]]]}},{"type":"Feature","properties":{"mesh_id":"mesh-0030-0017","ward_code":"23112","ward_name":"南区","population":1278,"cell_fraction":1.0},"geometry":{"type":"Polygon","coordinates":[[[136.905,35.090833],[136.909167,35.090833],[136.909167,35.095],[136.905,35.095],[136.905,35.090833]]]}},{"type":"Feature","properties":{"mesh_id":"mesh-0031-0017","ward_code":"23112","ward_name":"南区","population":1278,"cell_fraction":1.0},"geometry":{"type":"Polygon","coordinates":[[[136.909167,35.090833],[136.913333,35.090833],[136.913333,35.095],[136.909167,35.095],[136.909167,35.090833]]]}},{"type":"Feature","properties":{"mesh_id":"mesh-0032-0017","ward_code":"23112","ward_name":"南区","population":1278,"cell_fraction":1.0},"geometry":{"type":"Polygon","coordinates":[[[136.913333,35.090833],[136.9175,35.090833],[136.9175,35.095],[136.913333,35.095],[136.913333,35.090833]]]}},{"type":"Feature","properties":{"mesh_id":"mesh-0033-0017","ward_code":"23112","ward_name":"南区","population":1278,"cell_fraction":1.0},"geometry":{"type":"Polygon","coordinates":[[[136.9175,35.090833],[136.921667,35.090833],[136.921667,35.095],[136.9175,35.095],[136.9175,35.090833]]]}},{"type":"Feature","properties":{"mesh_id":"mesh-0034-0017","ward_code":"23112","ward_name":"南区","population":1278,"cell_fraction":1.0},"geometry":{"type":"Polygon","coordinates":[[[136.921667,35.090833],[136.925833,35.090833],[136.925833,35.095],[136.921667,35.095],[136.921667,35.090833]]]}},{"type":"Feature","properties":{"mesh_id":"mesh-0035-0017","ward_code":"23112","ward_name":"南区","population":1278,"cell_fraction":1.0},"geometry":{"type":"Polygon","coordinates":[[[136.925833,35.090833],[136.93,35.090833],[136.93,35.095],[136.925833,35.095],[136.925833,35.090833]]]}},{"type":"Feature","properties":{"mesh_id":"mesh-0036-0017","ward_code":"23112","ward_name":"南区","population":1278,"cell_fraction":1.0},"geometry":{"type":"Polygon","coordinates":[[[136.93,35.090833],[136.934167,35.090833],[136.934167,35.095],[136.93,35.095],[136.93,35.090833]]]}},{"type":"Feature","properties":{"mesh_id":"mesh-0037-0017","ward_code":"23112","ward_name":"南区","population":1278,"cell_fraction":1.0},"geometry":{"type":"Polygon","coordinates":[[[136.934167,35.090833],[136.938333,35.090833],[136.938333,35.095],[136.934167,35.095],[136.934167,35.090833]]]}},{"type":"Feature","properties":{"mesh_id":"mesh-0038-0017","ward_code":"23112","ward_name":"南区","population":1278,"cell_fraction":1.0},"geometry":{"type":"Polygon","coordinates":[[[136.938333,35.090833],[136.9425,35.090833],[136.9425,35.095],[136.938333,35.095],[136.938333,35.090833]]]}},{"type":"Feature","properties":{"mesh_id":"mesh-0039-0017","ward_code":"23112","ward_name":"南区","population":639,"cell_fraction":0.5},"geometry":{"type":"Polygon","coordinates":[[[136.9425,35.090833],[136.946667,35.090833],[136.946667,35.095],[136.9425,35.095],[136.9425,35.090833]]]}},{"type":"Feature","properties":{"mesh_id":"mesh-0029-0018","ward_code":"23112","ward_name":"南区","population":1278,"cell_fraction":1.0},"geometry":{"type":"Polygon","coordinates":[[[136.900833,35.095],[136.905,35.095],[136.905,35.099167],[136.900833,35.099167],[136.900833,35.095]]]}},{"type":"Feature","properties":{"mesh_id":"mesh-0030-0018","ward_code":"23112","ward_name":"南区","population":1278,"cell_fraction":1.0},"geometry":{"type":"Polygon","coordinates":[[[136.905,35.095],[136.909167,35.095],[136.909167,35.099167],[136.905,35.099167],[136.905,35.095]]]}},{"type":"Feature","properties":{"mesh_id":"mesh-0031-0018","ward_code":"23112","ward_name":"南区","population":1278,"cell_fraction":1.0},"geometry":{"type":"Polygon","coordinates":[[[136.909167,35.095],[136.913333,35.095],[136.913333,35.099167],[136.909167,35.099167],[136.909167,35.095]]]}},{"type":"Feature","properties":{"mesh_id":"mesh-0032-0018","ward_code":"23112","ward_name":"南区","population":1278,"cell_fraction":1.0},"geometry":{"type":"Polygon","coordinates":[[[136.913333,35.095],[136.9175,35.095],[136.9175,35.099167],[136.913333,35.099167],[136.913333,35.095]]]}},{"type":"Feature","properties":{"mesh_id":"mesh-0033-0018","ward_code":"23112","ward_name":"南区","population":1278,"cell_fraction":1.0},"geometry":{"type":"Polygon","coordinates":[[[136.9175,35.095],[136.921667,35.095],[136.921667,35.099167],[136.9175,35.099167],[136.9175,35.095]]]}},{"type":"Feature","properties":{"mesh_id":"mesh-0034-0018","ward_code":"23112","ward_name":"南区","population":1278,"cell_fraction":1.0},"geometry":{"type":"Polygon","coordinates":[[[136.921667,35.095],[136.925833,35.095],[136.925833,35.099167],[136.921667,35.099167],[136.921667,35.095]]]}},{"type":"Feature","properties":{"mesh_id":"mesh-0035-0018","ward_code":"23112","ward_name":"南区","population":1278,"cell_fraction":1.0},"geometry":{"type":"Polygon","coordinates":[[[136.925833,35.095],[136.93,35.095],[136.93,35.099167],[136.925833,35.099167],[136.925833,35.095]]]}},{"type":"Feature","properties":{"mesh_id":"mesh-0036-0018","ward_code":"23112","ward_name":"南区","population":1278,"cell_fraction":1.0},"geometry":{"type":"Polygon","coordinates":[[[136.93,35.095],[136.934167,35.095],[136.934167,35.099167],[136.93,35.099167],[136.93,35.095]]]}},{"type":"Feature","properties":{"mesh_id":"mesh-0037-0018","ward_code":"23112","ward_name":"南区","population":1278,"cell_fraction":1.0},"geometry":{"type":"Polygon","coordinates":[[[136.934167,35.095],[136.938333,35.095],[136.938333,35.099167],[136.934167,35.099167],[136.934167,35.095]]]}},{"type":"Feature","properties":{"mesh_id":"mesh-0038-0018","ward_code":"23112","ward_name":"南区","population":1278,"cell_fraction":1.0},"geometry":{"type":"Polygon","coordinates":[[[136.938333,35.095],[136.9425,35.095],[136.9425,35.099167],[136.938333,35.099167],[136.938333,35.095]]]}},{"type":"Feature","properties":{"mesh_id":"mesh-0039-0018","ward_code":"23112","ward_name":"南区","population":1278,"cell_fraction":1.0},"geometry":{"type":"Polygon","coordinates":[[[136.9425,35.095],[136.946667,35.095],[136.946667,35.099167],[136.9425,35.099167],[136.9425,35.095]]]}},{"type":"Feature","properties":{"mesh_id":"mesh-0040-0018","ward_code":"23112","ward_name":"南区","population":319,"cell_fraction":0.25},"geometry":{"type":"Polygon","coordinates":[[[136.946667,35.095],[136.950833,35.095],[136.950833,35.099167],[136.946667,35.099167],[136.946667,35.095]]]}},{"type":"Feature","properties":{"mesh_id":"mesh-0029-0019","ward_code":"23112","ward_name":"南区","population":1278,"cell_fraction":1.0},"geometry":{"type":"Polygon","coordinates":[[[136.900833,35.099167],[136.905,35.099167],[136.905,35.103333],[136.900833,35.103333],[136.900833,35.099167]]]}},{"type":"Feature","properties":{"mesh_id":"mesh-0030-0019","ward_code":"23112","ward_name":"南区","population":1278,"cell_fraction":1.0},"geometry":{"type":"Polygon","coordinates":[[[136.905,35.099167],[136.909167,35.099167],[136.909167,35.103333],[136.905,35.103333],[136.905,35.099167]]]}},{"type":"Feature","properties":{"mesh_id":"mesh-0031-0019","ward_code":"23112","ward_name":"南区","population":1278,"cell_fraction":1.0},"geometry":{"type":"Polygon","coordinates":[[[136.909167,35.099167],[136.913333,35.099167],[136.913333,35.103333],[136.909167,35.103333],[136.909167,35.099167]]]}},{"type":"Feature","properties":{"mesh_id":"mesh-0032-0019","ward_code":"23112","ward_name":"南区","population":1278,"cell_fraction":1.0},"geometry":{"type":"Polygon","coordinates":[[[136.913333,35.099167],[136.9175,35.099167],[136.9175,35.103333],[136.913333,35.103333],[136.913333,35.099167]]]}},{"type":"Feature","properties":{"mesh_id":"mesh-0033-0019","ward_code":"23112","ward_name":"南区","population":1278,"cell_fraction":1.0},"geometry":{"type":"Polygon","coordinates":[[[136.9175,35.099167],[136.921667,35.099167],[136.921667,35.103333],[136.9175,35.103333],[136.9175,35.099167]]]}},{"type":"Feature","properties":{"mesh_id":"mesh-0034-0019","ward_code":"23112","ward_name":"南区","population":1278,"cell_fraction":1.0},"geometry":{"type":"Polygon","coordinates":[[[136.921667,35.099167],[136.925833,35.099167],[136.925833,35.103333],[136.921667,35.103333],[136.921667,35.099167]]]}},{"type":"Feature","properties":{"mesh_id":"mesh-0035-0019","ward_code":"23112","ward_name":"南区","population":1278,"cell_fraction":1.0},"geometry":{"type":"Polygon","coordinates":[[[136.925833,35.099167],[136.93,35.099167],[136.93,35.103333],[136.925833,35.103333],[136.925833,35.099167]]]}},{"type":"Feature","properties":{"mesh_id":"mesh-0036-0019","ward_code":"23112","ward_name":"南区","population":1278,"cell_fraction":1.0},"geometry":{"type":"Polygon","coordinates":[[[136.93,35.099167],[136.934167,35.099167],[136.934167,35.103333],[136.93,35.103333],[136.93,35.099167]]]}},{"type":"Feature","properties":{"mesh_id":"mesh-0037-0019","ward_code":"23112","ward_name":"南区","population":1278,"cell_fraction":1.0},"geometry":{"type":"Polygon","coordinates":[[[136.934167,35.099167],[136.938333,35.099167],[136.938333,35.103333],[136.934167,35.103333],[136.934167,35.099167]]]}},{"type":"Feature","properties":{"mesh_id":"mesh-0038-0019","ward_code":"23112","ward_name":"南区","population":1278,"cell_fraction":1.0},"geometry":{"type":"Polygon","coordinates":[[[136.938333,35.099167],[136.9425,35.099167],[136.9425,35.103333],[136.938333,35.103333],[136.938333,35.099167]]]}},{"type":"Feature","properties":{"mesh_id":"mesh-0039-0019","ward_code":"23112","ward_name":"南区","population":1278,"cell_fraction":1.0},"geometry":{"type":"Polygon","coordinates":[[[136.9425,35.099167],[136.946667,35.099167],[136.946667,35.103333],[136.9425,35.103333],[136.9425,35.099167]]]}},{"type":"Feature","properties":{"mesh_id":"mesh-0040-0019","ward_code":"23112","ward_name":"南区","population":639,"cell_fraction":0.5},"geometry":{"type":"Polygon","coordinates":[[[136.946667,35.099167],[136.950833,35.099167],[136.950833,35.103333],[136.946667,35.103333],[136.946667,35.099167]]]}},{"type":"Feature","properties":{"mesh_id":"mesh-0029-0020","ward_code":"23112","ward_name":"南区","population":1278,"cell_fraction":1.0},"geometry":{"type":"Polygon","coordinates":[[[136.900833,35.103333],[136.905,35.103333],[136.905,35.1075],[136.900833,35.1075],[136.900833,35.103333]]]}},{"type":"Feature","properties":{"mesh_id":"mesh-0030-0020","ward_code":"23112","ward_name":"南区","population":1278,"cell_fraction":1.0},"geometry":{"type":"Polygon","coordinates":[[[136.905,35.103333],[136.909167,35.103333],[136.909167,35.1075],[136.905,35.1075],[136.905,35.103333]]]}},{"type":"Feature","properties":{"mesh_id":"mesh-0031-0020","ward_code":"23112","ward_name":"南区","population":1278,"cell_fraction":1.0},"geometry":{"type":"Polygon","coordinates":[[[136.909167,35.103333],[136.913333,35.103333],[136.913333,35.1075],[136.909167,35.1075],[136.909167,35.103333]]]}},{"type":"Feature","properties":{"mesh_id":"mesh-0032-0020","ward_code":"23112","ward_name":"南区","population":1278,"cell_fraction":1.0},"geometry":{"type":"Polygon","coordinates":[[[136.913333,35.103333],[136.9175,35.103333],[136.9175,35.1075],[136.913333,35.1075],[136.913333,35.103333]]]}},{"type":"Feature","properties":{"mesh_id":"mesh-0033-0020","ward_code":"23112","ward_name":"南区","population":1278,"cell_fraction":1.0},"geometry":{"type":"Polygon","coordinates":[[[136.9175,35.103333],[136.921667,35.103333],[136.921667,35.1075],[136.9175,35.1075],[136.9175,35.103333]]]}},{"type":"Feature","properties":{"mesh_id":"mesh-0034-0020","ward_code":"23112","ward_name":"南区","population":1278,"cell_fraction":1.0},"geometry":{"type":"Polygon","coordinates":[[[136.921667,35.103333],[136.925833,35.103333],[136.925833,35.1075],[136.921667,35.1075],[136.921667,35.103333]]]}},{"type":"Feature","properties":{"mesh_id":"mesh-0035-0020","ward_code":"23112","ward_name":"南区","population":1278,"cell_fraction":1.0},"geometry":{"type":"Polygon","coordinates":[[[136.925833,35.103333],[136.93,35.103333],[136.93,35.1075],[136.925833,35.1075],[136.925833,35.103333]]]}},{"type":"Feature","properties":{"mesh_id":"mesh-0036-0020","ward_code":"23112","ward_name":"南区","population":1278,"cell_fraction":1.0},"geometry":{"type":"Polygon","coordinates":[[[136.93,35.103333],[136.934167,35.103333],[136.934167,35.1075],[136.93,35.1075],[136.93,35.103333]]]}},{"type":"Feature","properties":{"mesh_id":"mesh-0037-0020","ward_code":"23112","ward_name":"南区","population":1278,"cell_fraction":1.0},"geometry":{"type":"Polygon","coordinates":[[[136.934167,35.103333],[136.938333,35.103333],[136.938333,35.1075],[136.934167,35.1075],[136.934167,35.103333]]]}},{"type":"Feature","properties":{"mesh_id":"mesh-0038-0020","ward_code":"23112","ward_name":"南区","population":1278,"cell_fraction":1.0},"geometry":{"type":"Polygon","coordinates":[[[136.938333,35.103333],[136.9425,35.103333],[136.9425,35.1075],[136.938333,35.1075],[136.938333,35.103333]]]}},{"type":"Feature","properties":{"mesh_id":"mesh-0039-0020","ward_code":"23112","ward_name":"南区","population":1278,"cell_fraction":1.0},"geometry":{"type":"Polygon","coordinates":[[[136.9425,35.103333],[136.946667,35.103333],[136.946667,35.1075],[136.9425,35.1075],[136.9425,35.103333]]]}},{"type":"Feature","properties":{"mesh_id":"mesh-0040-0020","ward_code":"23112","ward_name":"南区","population":639,"cell_fraction":0.5},"geometry":{"type":"Polygon","coordinates":[[[136.946667,35.103333],[136.950833,35.103333],[136.950833,35.1075],[136.946667,35.1075],[136.946667,35.103333]]]}},{"type":"Feature","properties":{"mesh_id":"mesh-0029-0021","ward_code":"23112","ward_name":"南区","population":1278,"cell_fraction":1.0},"geometry":{"type":"Polygon","coordinates":[[[136.900833,35.1075],[136.905,35.1075],[136.905,35.111667],[136.900833,35.111667],[136.900833,35.1075]]]}},{"type":"Feature","properties":{"mesh_id":"mesh-0030-0021","ward_code":"23112","ward_name":"南区","population":1278,"cell_fraction":1.0},"geometry":{"type":"Polygon","coordinates":[[[136.905,35.1075],[136.909167,35.1075],[136.909167,35.111667],[136.905,35.111667],[136.905,35.1075]]]}},{"type":"Feature","properties":{"mesh_id":"mesh-0031-0021","ward_code":"23112","ward_name":"南区","population":1278,"cell_fraction":1.0},"geometry":{"type":"Polygon","coordinates":[[[136.909167,35.1075],[136.913333,35.1075],[136.913333,35.111667],[136.909167,35.111667],[136.909167,35.1075]]]}},{"type":"Feature","properties":{"mesh_id":"mesh-0032-0021","ward_code":"23112","ward_name":"南区","population":1278,"cell_fraction":1.0},"geometry":{"type":"Polygon","coordinates":[[[136.913333,35.1075],[136.9175,35.1075],[136.9175,35.111667],[136.913333,35.111667],[136.913333,35.1075]]]}},{"type":"Feature","properties":{"mesh_id":"mesh-0033-0021","ward_code":"23112","ward_name":"南区","population":1278,"cell_fraction":1.0},"geometry":{"type":"Polygon","coordinates":[[[136.9175,35.1075],[136.921667,35.1075],[136.921667,35.111667],[136.9175,35.111667],[136.9175,35.1075]]]}},{"type":"Feature","properties":{"mesh_id":"mesh-0034-0021","ward_code":"23112","ward_name":"南区","population":959,"cell_fraction":0.75},"geometry":{"type":"Polygon","coordinates":[[[136.921667,35.1075],[136.925833,35.1075],[136.925833,35.111667],[136.921667,35.111667],[136.921667,35.1075]]]}},{"type":"Feature","properties":{"mesh_id":"mesh-0035-0021","ward_code":"23112","ward_name":"南区","population":1278,"cell_fraction":1.0},"geometry":{"type":"Polygon","coordinates":[[[136.925833,35.1075],[136.93,35.1075],[136.93,35.111667],[136.925833,35.111667],[136.925833,35.1075]]]}},{"type":"Feature","properties":{"mesh_id":"mesh-0036-0021","ward_code":"23112","ward_name":"南区","population":1278,"cell_fraction":1.0},"geometry":{"type":"Polygon","coordinates":[[[136.93,35.1075],[136.934167,35.1075],[136.934167,35.111667],[136.93,35.111667],[136.93,35.1075]]]}},{"type":"Feature","properties":{"mesh_id":"mesh-0037-0021","ward_code":"23112","ward_name":"南区","population":1278,"cell_fraction":1.0},"geometry":{"type":"Polygon","coordinates":[[[136.934167,35.1075],[136.938333,35.1075],[136.938333,35.111667],[136.934167,35.111667],[136.934167,35.1075]]]}},{"type":"Feature","properties":{"mesh_id":"mesh-0038-0021","ward_code":"23112","ward_name":"南区","population":1278,"cell_fraction":1.0},"geometry":{"type":"Polygon","coordinates":[[[136.938333,35.1075],[136.9425,35.1075],[136.9425,35.111667],[136.938333,35.111667],[136.938333,35.1075]]]}},{"type":"Feature","properties":{"mesh_id":"mesh-0039-0021","ward_code":"23112","ward_name":"南区","population":1278,"cell_fraction":1.0},"geometry":{"type":"Polygon","coordinates":[[[136.9425,35.1075],[136.946667,35.1075],[136.946667,35.111667],[136.9425,35.111667],[136.9425,35.1075]]]}},{"type":"Feature","properties":{"mesh_id":"mesh-0040-0021","ward_code":"23112","ward_name":"南区","population":639,"cell_fraction":0.5},"geometry":{"type":"Polygon","coordinates":[[[136.946667,35.1075],[136.950833,35.1075],[136.950833,35.111667],[136.946667,35.111667],[136.946667,35.1075]]]}},{"type":"Feature","properties":{"mesh_id":"mesh-0029-0022","ward_code":"23112","ward_name":"南区","population":959,"cell_fraction":0.75},"geometry":{"type":"Polygon","coordinates":[[[136.900833,35.111667],[136.905,35.111667],[136.905,35.115833],[136.900833,35.115833],[136.900833,35.111667]]]}},{"type":"Feature","properties":{"mesh_id":"mesh-0030-0022","ward_code":"23112","ward_name":"南区","population":1278,"cell_fraction":1.0},"geometry":{"type":"Polygon","coordinates":[[[136.905,35.111667],[136.909167,35.111667],[136.909167,35.115833],[136.905,35.115833],[136.905,35.111667]]]}},{"type":"Feature","properties":{"mesh_id":"mesh-0031-0022","ward_code":"23112","ward_name":"南区","population":1278,"cell_fraction":1.0},"geometry":{"type":"Polygon","coordinates":[[[136.909167,35.111667],[136.913333,35.111667],[136.913333,35.115833],[136.909167,35.115833],[136.909167,35.111667]]]}},{"type":"Feature","properties":{"mesh_id":"mesh-0032-0022","ward_code":"23112","ward_name":"南区","population":639,"cell_fraction":0.5},"geometry":{"type":"Polygon","coordinates":[[[136.913333,35.111667],[136.9175,35.111667],[136.9175,35.115833],[136.913333,35.115833],[136.913333,35.111667]]]}},{"type":"Feature","properties":{"mesh_id":"mesh-0035-0022","ward_code":"23112","ward_name":"南区","population":639,"cell_fraction":0.5},"geometry":{"type":"Polygon","coordinates":[[[136.925833,35.111667],[136.93,35.111667],[136.93,35.115833],[136.925833,35.115833],[136.925833,35.111667]]]}},{"type":"Feature","properties":{"mesh_id":"mesh-0036-0022","ward_code":"23112","ward_name":"南区","population":1278,"cell_fraction":1.0},"geometry":{"type":"Polygon","coordinates":[[[136.93,35.111667],[136.934167,35.111667],[136.934167,35.115833],[136.93,35.115833],[136.93,35.111667]]]}},{"type":"Feature","properties":{"mesh_id":"mesh-0037-0022","ward_code":"23112","ward_name":"南区","population":1278,"cell_fraction":1.0},"geometry":{"type":"Polygon","coordinates":[[[136.934167,35.111667],[136.938333,35.111667],[136.938333,35.115833],[136.934167,35.115833],[136.934167,35.111667]]]}},{"type":"Feature","properties":{"mesh_id":"mesh-0038-0022","ward_code":"23112","ward_name":"南区","population":1278,"cell_fraction":1.0},"geometry":{"type":"Polygon","coordinates":[[[136.938333,35.111667],[136.9425,35.111667],[136.9425,35.115833],[136.938333,35.115833],[136.938333,35.111667]]]}},{"type":"Feature","properties":{"mesh_id":"mesh-0039-0022","ward_code":"23112","ward_name":"南区","population":959,"cell_fraction":0.75},"geometry":{"type":"Polygon","coordinates":[[[136.9425,35.111667],[136.946667,35.111667],[136.946667,35.115833],[136.9425,35.115833],[136.9425,35.111667]]]}},{"type":"Feature","properties":{"mesh_id":"mesh-0040-0022","ward_code":"23112","ward_name":"南区","population":319,"cell_fraction":0.25},"geometry":{"type":"Polygon","coordinates":[[[136.946667,35.111667],[136.950833,35.111667],[136.950833,35.115833],[136.946667,35.115833],[136.946667,35.111667]]]}},{"type":"Feature","properties":{"mesh_id":"mesh-0029-0023","ward_code":"23112","ward_name":"南区","population":319,"cell_fraction":0.25},"geometry":{"type":"Polygon","coordinates":[[[136.900833,35.115833],[136.905,35.115833],[136.905,35.12],[136.900833,35.12],[136.900833,35.115833]]]}},{"type":"Feature","properties":{"mesh_id":"mesh-0030-0023","ward_code":"23112","ward_name":"南区","population":319,"cell_fraction":0.25},"geometry":{"type":"Polygon","coordinates":[[[136.905,35.115833],[136.909167,35.115833],[136.909167,35.12],[136.905,35.12],[136.905,35.115833]]]}},{"type":"Feature","properties":{"mesh_id":"mesh-0038-0023","ward_code":"23112","ward_name":"南区","population":319,"cell_fraction":0.25},"geometry":{"type":"Polygon","coordinates":[[[136.938333,35.115833],[136.9425,35.115833],[136.9425,35.12],[136.938333,35.12],[136.938333,35.115833]]]}},{"type":"Feature","properties":{"mesh_id":"mesh-0041-0041","ward_code":"23113","ward_name":"守山区","population":454,"cell_fraction":0.5},"geometry":{"type":"Polygon","coordinates":[[[136.950833,35.190833],[136.955,35.190833],[136.955,35.195],[136.950833,35.195],[136.950833,35.190833]]]}},{"type":"Feature","properties":{"mesh_id":"mesh-0042-0041","ward_code":"23113","ward_name":"守山区","population":454,"cell_fraction":0.5},"geometry":{"type":"Polygon","coordinates":[[[136.955,35.190833],[136.959167,35.190833],[136.959167,35.195],[136.955,35.195],[136.955,35.190833]]]}},{"type":"Feature","properties":{"mesh_id":"mesh-0043-0041","ward_code":"23113","ward_name":"守山区","population":908,"cell_fraction":1.0},"geometry":{"type":"Polygon","coordinates":[[[136.959167,35.190833],[136.963333,35.190833],[136.963333,35.195],[136.959167,35.195],[136.959167,35.190833]]]}},{"type":"Feature","properties":{"mesh_id":"mesh-0044-0041","ward_code":"23113","ward_name":"守山区","population":908,"cell_fraction":1.0},"geometry":{"type":"Polygon","coordinates":[[[136.963333,35.190833],[136.9675,35.190833],[136.9675,35.195],[136.963333,35.195],[136.963333,35.190833]]]}},{"type":"Feature","properties":{"mesh_id":"mesh-0045-0041","ward_code":"23113","ward_name":"守山区","population":908,"cell_fraction":1.0},"geometry":{"type":"Polygon","coordinates":[[[136.9675,35.190833],[136.971667,35.190833],[136.971667,35.195],[136.9675,35.195],[136.9675,35.190833]]]}},{"type":"Feature","properties":{"mesh_id":"mesh-0046-0041","ward_code":"23113","ward_name":"守山区","population":908,"cell_fraction":1.0},"geometry":{"type":"Polygon","coordinates":[[[136.971667,35.190833],[136.975833,35.190833],[136.975833,35.195],[136.971667,35.195],[136.971667,35.190833]]]}},{"type":"Feature","properties":{"mesh_id":"mesh-0047-0041","ward_code":"23113","ward_name":"守山区","population":908,"cell_fraction":1.0},"geometry":{"type":"Polygon","coordinates":[[[136.975833,35.190833],[136.98,35.190833],[136.98,35.195],[136.975833,35.195],[136.975833,35.190833]]]}},{"type":"Feature","properties":{"mesh_id":"mesh-0048-0041","ward_code":"23113","ward_name":"守山区","population":681,"cell_fraction":0.75},"geometry":{"type":"Polygon","coordinates":[[[136.98,35.190833],[136.984167,35.190833],[136.984167,35.195],[136.98,35.195],[136.98,35.190833]]]}},{"type":"Feature","properties":{"mesh_id":"mesh-0049-0041","ward_code":"23113","ward_name":"守山区","population":227,"cell_fraction":0.25},"geometry":{"type":"Polygon","coordinates":[[[136.984167,35.190833],[136.988333,35.190833],[136.988333,35.195],[136.984167,35.195],[136.984167,35.190833]]]}},{"type":"Feature","properties":{"mesh_id":"mesh-0053-0041","ward_code":"23113","ward_name":"守山区","population":454,"cell_fraction":0.5},"geometry":{"type":"Polygon","coordinates":[[[137.000833,35.190833],[137.005,35.190833],[137.005,35.195],[137.000833,35.195],[137.000833,35.190833]]]}},{"type":"Feature","properties":{"mesh_id":"mesh-0054-0041","ward_code":"23113","ward_name":"守山区","population":681,"cell_fraction":0.75},"geometry":{"type":"Polygon","coordinates":[[[137.005,35.190833],[137.009167,35.190833],[137.009167,35.195],[137.005,35.195],[137.005,35.190833]]]}},{"type":"Feature","properties":{"mesh_id":"mesh-0055-0041","ward_code":"23113","ward_name":"守山区","population":908,"cell_fraction":1.0},"geometry":{"type":"Polygon","coordinates":[[[137.009167,35.190833],[137.013333,35.190833],[137.013333,35.195],[137.009167,35.195],[137.009167,35.190833]]]}},{"type":"Feature","properties":{"mesh_id":"mesh-0056-0041","ward_code":"23113","ward_name":"守山区","population":908,"cell_fraction":1.0},"geometry":{"type":"Polygon","coordinates":[[[137.013333,35.190833],[137.0175,35.190833],[137.0175,35.195],[137.013333,35.195],[137.013333,35.190833]]]}},{"type":"Feature","properties":{"mesh_id":"mesh-0057-0041","ward_code":"23113","ward_name":"守山区","population":681,"cell_fraction":0.75},"geometry":{"type":"Polygon","coordinates":[[[137.0175,35.190833],[137.021667,35.190833],[137.021667,35.195],[137.0175,35.195],[137.0175,35.190833]]]}},{"type":"Feature","properties":{"mesh_id":"mesh-0058-0041","ward_code":"23113","ward_name":"守山区","population":908,"cell_fraction":1.0},"geometry":{"type":"Polygon","coordinates":[[[137.021667,35.190833],[137.025833,35.190833],[137.025833,35.195],[137.021667,35.195],[137.021667,35.190833]]]}},{"type":"Feature","properties":{"mesh_id":"mesh-0059-0041","ward_code":"23113","ward_name":"守山区","population":681,"cell_fraction":0.75},"geometry":{"type":"Polygon","coordinates":[[[137.025833,35.190833],[137.03,35.190833],[137.03,35.195],[137.025833,35.195],[137.025833,35.190833]]]}},{"type":"Feature","properties":{"mesh_id":"mesh-0060-0041","ward_code":"23113","ward_name":"守山区","population":227,"cell_fraction":0.25},"geometry":{"type":"Polygon","coordinates":[[[137.03,35.190833],[137.034167,35.190833],[137.034167,35.195],[137.03,35.195],[137.03,35.190833]]]}},{"type":"Feature","properties":{"mesh_id":"mesh-0039-0042","ward_code":"23113","ward_name":"守山区","population":227,"cell_fraction":0.25},"geometry":{"type":"Polygon","coordinates":[[[136.9425,35.195],[136.946667,35.195],[136.946667,35.199167],[136.9425,35.199167],[136.9425,35.195]]]}},{"type":"Feature","properties":{"mesh_id":"mesh-0040-0042","ward_code":"23113","ward_name":"守山区","population":681,"cell_fraction":0.75},"geometry":{"type":"Polygon","coordinates":[[[136.946667,35.195],[136.950833,35.195],[136.950833,35.199167],[136.946667,35.199167],[136.946667,35.195]]]}},{"type":"Feature","properties":{"mesh_id":"mesh-0041-0042","ward_code":"23113","ward_name":"守山区","population":908,"cell_fraction":1.0},"geometry":{"type":"Polygon","coordinates":[[[136.950833,35.195],[136.955,35.195],[136.955,35.199167],[136.950833,35.199167],[136.950833,35.195]]]}},{"type":"Feature","properties":{"mesh_id":"mesh-0042-0042","ward_code":"23113","ward_name":"守山区","population":908,"cell_fraction":1.0},"geometry":{"type":"Polygon","coordinates":[[[136.955,35.195],[136.959167,35.195],[136.959167,35.199167],[136.955,35.199167],[136.955,35.195]]]}},{"type":"Feature","properties":{"mesh_id":"mesh-0043-0042","ward_code":"23113","ward_name":"守山区","population":908,"cell_fraction":1.0},"geometry":{"type":"Polygon","coordinates":[[[136.959167,35.195],[136.963333,35.195],[136.963333,35.199167],[136.959167,35.199167],[136.959167,35.195]]]}},{"type":"Feature","properties":{"mesh_id":"mesh-0044-0042","ward_code":"23113","ward_name":"守山区","population":908,"cell_fraction":1.0},"geometry":{"type":"Polygon","coordinates":[[[136.963333,35.195],[136.9675,35.195],[136.9675,35.199167],[136.963333,35.199167],[136.963333,35.195]]]}},{"type":"Feature","properties":{"mesh_id":"mesh-0045-0042","ward_code":"23113","ward_name":"守山区","population":908,"cell_fraction":1.0},"geometry":{"type":"Polygon","coordinates":[[[136.9675,35.195],[136.971667,35.195],[136.971667,35.199167],[136.9675,35.199167],[136.9675,35.195]]]}},{"type":"Feature","properties":{"mesh_id":"mesh-0046-0042","ward_code":"23113","ward_name":"守山区","population":908,"cell_fraction":1.0},"geometry":{"type":"Polygon","coordinates":[[[136.971667,35.195],[136.975833,35.195],[136.975833,35.199167],[136.971667,35.199167],[136.971667,35.195]]]}},{"type":"Feature","properties":{"mesh_id":"mesh-0047-0042","ward_code":"23113","ward_name":"守山区","population":908,"cell_fraction":1.0},"geometry":{"type":"Polygon","coordinates":[[[136.975833,35.195],[136.98,35.195],[136.98,35.199167],[136.975833,35.199167],[136.975833,35.195]]]}},{"type":"Feature","properties":{"mesh_id":"mesh-0048-0042","ward_code":"23113","ward_name":"守山区","population":908,"cell_fraction":1.0},"geometry":{"type":"Polygon","coordinates":[[[136.98,35.195],[136.984167,35.195],[136.984167,35.199167],[136.98,35.199167],[136.98,35.195]]]}},{"type":"Feature","properties":{"mesh_id":"mesh-0049-0042","ward_code":"23113","ward_name":"守山区","population":908,"cell_fraction":1.0},"geometry":{"type":"Polygon","coordinates":[[[136.984167,35.195],[136.988333,35.195],[136.988333,35.199167],[136.984167,35.199167],[136.984167,35.195]]]}},{"type":"Feature","properties":{"mesh_id":"mesh-0050-0042","ward_code":"23113","ward_name":"守山区","population":454,"cell_fraction":0.5},"geometry":{"type":"Polygon","coordinates":[[[136.988333,35.195],[136.9925,35.195],[136.9925,35.199167],[136.988333,35.199167],[136.988333,35.195]]]}},{"type":"Feature","properties":{"mesh_id":"mesh-0051-0042","ward_code":"23113","ward_name":"守山区","population":681,"cell_fraction":0.75},"geometry":{"type":"Polygon","coordinates":[[[136.9925,35.195],[136.996667,35.195],[136.996667,35.199167],[136.9925,35.199167],[136.9925,35.195]]]}},{"type":"Feature","properties":{"mesh_id":"mesh-0052-0042","ward_code":"23113","ward_name":"守山区","population":908,"cell_fraction":1.0},"geometry":{"type":"Polygon","coordinates":[[[136.996667,35.195],[137.000833,35.195],[137.000833,35.199167],[136.996667,35.199167],[136.996667,35.195]]]}},{"type":"Feature","properties":{"mesh_id":"mesh-0053-0042","ward_code":"23113","ward_name":"守山区","population":908,"cell_fraction":1.0},"geometry":{"type":"Polygon","coordinates":[[[137.000833,35.195],[137.005,35.195],[137.005,35.199167],[137.000833,35.199167],[137.000833,35.195]]]}},{"type":"Feature","properties":{"mesh_id":"mesh-0054-0042","ward_code":"23113","ward_name":"守山区","population":908,"cell_fraction":1.0},"geometry":{"type":"Polygon","coordinates":[[[137.005,35.195],[137.009167,35.195],[137.009167,35.199167],[137.005,35.199167],[137.005,35.195]]]}},{"type":"Feature","properties":{"mesh_id":"mesh-0055-0042","ward_code":"23113","ward_name":"守山区","population":454,"cell_fraction":0.5},"geometry":{"type":"Polygon","coordinates":[[[137.009167,35.195],[137.013333,35.195],[137.013333,35.199167],[137.009167,35.199167],[137.009167,35.195]]]}},{"type":"Feature","properties":{"mesh_id":"mesh-0057-0042","ward_code":"23113","ward_name":"守山区","population":227,"cell_fraction":0.25},"geometry":{"type":"Polygon","coordinates":[[[137.0175,35.195],[137.021667,35.195],[137.021667,35.199167],[137.0175,35.199167],[137.0175,35.195]]]}},{"type":"Feature","properties":{"mesh_id":"mesh-0058-0042","ward_code":"23113","ward_name":"守山区","population":454,"cell_fraction":0.5},"geometry":{"type":"Polygon","coordinates":[[[137.021667,35.195],[137.025833,35.195],[137.025833,35.199167],[137.021667,35.199167],[137.021667,35.195]]]}},{"type":"Feature","properties":{"mesh_id":"mesh-0059-0042","ward_code":"23113","ward_name":"守山区","population":454,"cell_fraction":0.5},"geometry":{"type":"Polygon","coordinates":[[[137.025833,35.195],[137.03,35.195],[137.03,35.199167],[137.025833,35.199167],[137.025833,35.195]]]}},{"type":"Feature","properties":{"mesh_id":"mesh-0039-0043","ward_code":"23113","ward_name":"守山区","population":908,"cell_fraction":1.0},"geometry":{"type":"Polygon","coordinates":[[[136.9425,35.199167],[136.946667,35.199167],[136.946667,35.203333],[136.9425,35.203333],[136.9425,35.199167]]]}},{"type":"Feature","properties":{"mesh_id":"mesh-0040-0043","ward_code":"23113","ward_name":"守山区","population":908,"cell_fraction":1.0},"geometry":{"type":"Polygon","coordinates":[[[136.946667,35.199167],[136.950833,35.199167],[136.950833,35.203333],[136.946667,35.203333],[136.946667,35.199167]]]}},{"type":"Feature","properties":{"mesh_id":"mesh-0041-0043","ward_code":"23113","ward_name":"守山区","population":908,"cell_fraction":1.0},"geometry":{"type":"Polygon","coordinates":[[[136.950833,35.199167],[136.955,35.199167],[136.955,35.203333],[136.950833,35.203333],[136.950833,35.199167]]]}},{"type":"Feature","properties":{"mesh_id":"mesh-0042-0043","ward_code":"23113","ward_name":"守山区","population":908,"cell_fraction":1.0},"geometry":{"type":"Polygon","coordinates":[[[136.955,35.199167],[136.959167,35.199167],[136.959167,35.203333],[136.955,35.203333],[136.955,35.199167]]]}},{"type":"Feature","properties":{"mesh_id":"mesh-0043-0043","ward_code":"23113","ward_name":"守山区","population":908,"cell_fraction":1.0},"geometry":{"type":"Polygon","coordinates":[[[136.959167,35.199167],[136.963333,35.199167],[136.963333,35.203333],[136.959167,35.203333],[136.959167,35.199167]]]}},{"type":"Feature","properties":{"mesh_id":"mesh-0044-0043","ward_code":"23113","ward_name":"守山区","population":908,"cell_fraction":1.0},"geometry":{"type":"Polygon","coordinates":[[[136.963333,35.199167],[136.9675,35.199167],[136.9675,35.203333],[136.963333,35.203333],[136.963333,35.199167]]]}},{"type":"Feature","properties":{"mesh_id":"mesh-0045-0043","ward_code":"23113","ward_name":"守山区","population":908,"cell_fraction":1.0},"geometry":{"type":"Polygon","coordinates":[[[136.9675,35.199167],[136.971667,35.199167],[136.971667,35.203333],[136.9675,35.203333],[136.9675,35.199167]]]}},{"type":"Feature","properties":{"mesh_id":"mesh-0046-0043","ward_code":"23113","ward_name":"守山区","population":908,"cell_fraction":1.0},"geometry":{"type":"Polygon","coordinates":[[[136.971667,35.199167],[136.975833,35.199167],[136.975833,35.203333],[136.971667,35.203333],[136.971667,35.199167]]]}},{"type":"Feature","properties":{"mesh_id":"mesh-0047-0043","ward_code":"23113","ward_name":"守山区","population":908,"cell_fraction":1.0},"geometry":{"type":"Polygon","coordinates":[[[136.975833,35.199167],[136.98,35.199167],[136.98,35.203333],[136.975833,35.203333],[136.975833,35.199167]]]}},{"type":"Feature","properties":{"mesh_id":"mesh-0048-0043","ward_code":"23113","ward_name":"守山区","population":908,"cell_fraction":1.0},"geometry":{"type":"Polygon","coordinates":[[[136.98,35.199167],[136.984167,35.199167],[136.984167,35.203333],[136.98,35.203333],[136.98,35.199167]]]}},{"type":"Feature","properties":{"mesh_id":"mesh-0049-0043","ward_code":"23113","ward_name":"守山区","population":908,"cell_fraction":1.0},"geometry":{"type":"Polygon","coordinates":[[[136.984167,35.199167],[136.988333,35.199167],[136.988333,35.203333],[136.984167,35.203333],[136.984167,35.199167]]]}},{"type":"Feature","properties":{"mesh_id":"mesh-0050-0043","ward_code":"23113","ward_name":"守山区","population":908,"cell_fraction":1.0},"geometry":{"type":"Polygon","coordinates":[[[136.988333,35.199167],[136.9925,35.199167],[136.9925,35.203333],[136.988333,35.203333],[136.988333,35.199167]]]}},{"type":"Feature","properties":{"mesh_id":"mesh-0051-0043","ward_code":"23113","ward_name":"守山区","population":908,"cell_fraction":1.0},"geometry":{"type":"Polygon","coordinates":[[[136.9925,35.199167],[136.996667,35.199167],[136.996667,35.203333],[136.9925,35.203333],[136.9925,35.199167]]]}},{"type":"Feature","properties":{"mesh_id":"mesh-0052-0043","ward_code":"23113","ward_name":"守山区","population":908,"cell_fraction":1.0},"geometry":{"type":"Polygon","coordinates":[[[136.996667,35.199167],[137.000833,35.199167],[137.000833,35.203333],[136.996667,35.203333],[136.996667,35.199167]]]}},{"type":"Feature","properties":{"mesh_id":"mesh-0053-0043","ward_code":"23113","ward_name":"守山区","population":908,"cell_fraction":1.0},"geometry":{"type":"Polygon","coordinates":[[[137.000833,35.199167],[137.005,35.199167],[137.005,35.203333],[137.000833,35.203333],[137.000833,35.199167]]]}},{"type":"Feature","properties":{"mesh_id":"mesh-0054-0043","ward_code":"23113","ward_name":"守山区","population":908,"cell_fraction":1.0},"geometry":{"type":"Polygon","coordinates":[[[137.005,35.199167],[137.009167,35.199167],[137.009167,35.203333],[137.005,35.203333],[137.005,35.199167]]]}},{"type":"Feature","properties":{"mesh_id":"mesh-0055-0043","ward_code":"23113","ward_name":"守山区","population":681,"cell_fraction":0.75},"geometry":{"type":"Polygon","coordinates":[[[137.009167,35.199167],[137.013333,35.199167],[137.013333,35.203333],[137.009167,35.203333],[137.009167,35.199167]]]}},{"type":"Feature","properties":{"mesh_id":"mesh-0056-0043","ward_code":"23113","ward_name":"守山区","population":227,"cell_fraction":0.25},"geometry":{"type":"Polygon","coordinates":[[[137.013333,35.199167],[137.0175,35.199167],[137.0175,35.203333],[137.013333,35.203333],[137.013333,35.199167]]]}},{"type":"Feature","properties":{"mesh_id":"mesh-0058-0043","ward_code":"23113","ward_name":"守山区","population":454,"cell_fraction":0.5},"geometry":{"type":"Polygon","coordinates":[[[137.021667,35.199167],[137.025833,35.199167],[137.025833,35.203333],[137.021667,35.203333],[137.021667,35.199167]]]}},{"type":"Feature","properties":{"mesh_id":"mesh-0038-0044","ward_code":"23113","ward_name":"守山区","population":681,"cell_fraction":0.75},"geometry":{"type":"Polygon","coordinates":[[[136.938333,35.203333],[136.9425,35.203333],[136.9425,35.2075],[136.938333,35.2075],[136.938333,35.203333]]]}},{"type":"Feature","properties":{"mesh_id":"mesh-0039-0044","ward_code":"23113","ward_name":"守山区","population":908,"cell_fraction":1.0},"geometry":{"type":"Polygon","coordinates":[[[136.9425,35.203333],[136.946667,35.203333],[136.946667,35.2075],[136.9425,35.2075],[136.9425,35.203333]]]}},{"type":"Feature","properties":{"mesh_id":"mesh-0040-0044","ward_code":"23113","ward_name":"守山区","population":908,"cell_fraction":1.0},"geometry":{"type":"Polygon","coordinates":[[[136.946667,35.203333],[136.950833,35.203333],[136.950833,35.2075],[136.946667,35.2075],[136.946667,35.203333]]]}},{"type":"Feature","properties":{"mesh_id":"mesh-0041-0044","ward_code":"23113","ward_name":"守山区","population":908,"cell_fraction":1.0},"geometry":{"type":"Polygon","coordinates":[[[136.950833,35.203333],[136.955,35.203333],[136.955,35.2075],[136.950833,35.2075],[136.950833,35.203333]]]}},{"type":"Feature","properties":{"mesh_id":"mesh-0042-0044","ward_code":"23113","ward_name":"守山区","population":908,"cell_fraction":1.0},"geometry":{"type":"Polygon","coordinates":[[[136.955,35.203333],[136.959167,35.203333],[136.959167,35.2075],[136.955,35.2075],[136.955,35.203333]]]}},{"type":"Feature","properties":{"mesh_id":"mesh-0043-0044","ward_code":"23113","ward_name":"守山区","population":908,"cell_fraction":1.0},"geometry":{"type":"Polygon","coordinates":[[[136.959167,35.203333],[136.963333,35.203333],[136.963333,35.2075],[136.959167,35.2075],[136.959167,35.203333]]]}},{"type":"Feature","properties":{"mesh_id":"mesh-0044-0044","ward_code":"23113","ward_name":"守山区","population":908,"cell_fraction":1.0},"geometry":{"type":"Polygon","coordinates":[[[136.963333,35.203333],[136.9675,35.203333],[136.9675,35.2075],[136.963333,35.2075],[136.963333,35.203333]]]}},{"type":"Feature","properties":{"mesh_id":"mesh-0045-0044","ward_code":"23113","ward_name":"守山区","population":908,"cell_fraction":1.0},"geometry":{"type":"Polygon","coordinates":[[[136.9675,35.203333],[136.971667,35.203333],[136.971667,35.2075],[136.9675,35.2075],[136.9675,35.203333]]]}},{"type":"Feature","properties":{"mesh_id":"mesh-0046-0044","ward_code":"23113","ward_name":"守山区","population":908,"cell_fraction":1.0},"geometry":{"type":"Polygon","coordinates":[[[136.971667,35.203333],[136.975833,35.203333],[136.975833,35.2075],[136.971667,35.2075],[136.971667,35.203333]]]}},{"type":"Feature","properties":{"mesh_id":"mesh-0047-0044","ward_code":"23113","ward_name":"守山区","population":908,"cell_fraction":1.0},"geometry":{"type":"Polygon","coordinates":[[[136.975833,35.203333],[136.98,35.203333],[136.98,35.2075],[136.975833,35.2075],[136.975833,35.203333]]]}},{"type":"Feature","properties":{"mesh_id":"mesh-0048-0044","ward_code":"23113","ward_name":"守山区","population":908,"cell_fraction":1.0},"geometry":{"type":"Polygon","coordinates":[[[136.98,35.203333],[136.984167,35.203333],[136.984167,35.2075],[136.98,35.2075],[136.98,35.203333]]]}},{"type":"Feature","properties":{"mesh_id":"mesh-0049-0044","ward_code":"23113","ward_name":"守山区","population":908,"cell_fraction":1.0},"geometry":{"type":"Polygon","coordinates":[[[136.984167,35.203333],[136.988333,35.203333],[136.988333,35.2075],[136.984167,35.2075],[136.984167,35.203333]]]}},{"type":"Feature","properties":{"mesh_id":"mesh-0050-0044","ward_code":"23113","ward_name":"守山区","population":908,"cell_fraction":1.0},"geometry":{"type":"Polygon","coordinates":[[[136.988333,35.203333],[136.9925,35.203333],[136.9925,35.2075],[136.988333,35.2075],[136.988333,35.203333]]]}},{"type":"Feature","properties":{"mesh_id":"mesh-0051-0044","ward_code":"23113","ward_name":"守山区","population":908,"cell_fraction":1.0},"geometry":{"type":"Polygon","coordinates":[[[136.9925,35.203333],[136.996667,35.203333],[136.996667,35.2075],[136.9925,35.2075],[136.9925,35.203333]]]}},{"type":"Feature","properties":{"mesh_id":"mesh-0052-0044","ward_code":"23113","ward_name":"守山区","population":908,"cell_fraction":1.0},"geometry":{"type":"Polygon","coordinates":[[[136.996667,35.203333],[137.000833,35.203333],[137.000833,35.2075],[136.996667,35.2075],[136.996667,35.203333]]]}},{"type":"Feature","properties":{"mesh_id":"mesh-0053-0044","ward_code":"23113","ward_name":"守山区","population":908,"cell_fraction":1.0},"geometry":{"type":"Polygon","coordinates":[[[137.000833,35.203333],[137.005,35.203333],[137.005,35.2075],[137.000833,35.2075],[137.000833,35.203333]]]}},{"type":"Feature","properties":{"mesh_id":"mesh-0054-0044","ward_code":"23113","ward_name":"守山区","population":681,"cell_fraction":0.75},"geometry":{"type":"Polygon","coordinates":[[[137.005,35.203333],[137.009167,35.203333],[137.009167,35.2075],[137.005,35.2075],[137.005,35.203333]]]}},{"type":"Feature","properties":{"mesh_id":"mesh-0035-0045","ward_code":"23113","ward_name":"守山区","population":454,"cell_fraction":0.5},"geometry":{"type":"Polygon","coordinates":[[[136.925833,35.2075],[136.93,35.2075],[136.93,35.211667],[136.925833,35.211667],[136.925833,35.2075]]]}},{"type":"Feature","properties":{"mesh_id":"mesh-0036-0045","ward_code":"23113","ward_name":"守山区","population":681,"cell_fraction":0.75},"geometry":{"type":"Polygon","coordinates":[[[136.93,35.2075],[136.934167,35.2075],[136.934167,35.211667],[136.93,35.211667],[136.93,35.2075]]]}},{"type":"Feature","properties":{"mesh_id":"mesh-0037-0045","ward_code":"23113","ward_name":"守山区","population":908,"cell_fraction":1.0},"geometry":{"type":"Polygon","coordinates":[[[136.934167,35.2075],[136.938333,35.2075],[136.938333,35.211667],[136.934167,35.211667],[136.934167,35.2075]]]}},{"type":"Feature","properties":{"mesh_id":"mesh-0038-0045","ward_code":"23113","ward_name":"守山区","population":908,"cell_fraction":1.0},"geometry":{"type":"Polygon","coordinates":[[[136.938333,35.2075],[136.9425,35.2075],[136.9425,35.211667],[136.938333,35.211667],[136.938333,35.2075]]]}},{"type":"Feature","properties":{"mesh_id":"mesh-0039-0045","ward_code":"23113","ward_name":"守山区","population":908,"cell_fraction":1.0},"geometry":{"type":"Polygon","coordinates":[[[136.9425,35.2075],[136.946667,35.2075],[136.946667,35.211667],[136.9425,35.211667],[136.9425,35.2075]]]}},{"type":"Feature","properties":{"mesh_id":"mesh-0040-0045","ward_code":"23113","ward_name":"守山区","population":908,"cell_fraction":1.0},"geometry":{"type":"Polygon","coordinates":[[[136.946667,35.2075],[136.950833,35.2075],[136.950833,35.211667],[136.946667,35.211667],[136.946667,35.2075]]]}},{"type":"Feature","properties":{"mesh_id":"mesh-0041-0045","ward_code":"23113","ward_name":"守山区","population":908,"cell_fraction":1.0},"geometry":{"type":"Polygon","coordinates":[[[136.950833,35.2075],[136.955,35.2075],[136.955,35.211667],[136.950833,35.211667],[136.950833,35.2075]]]}},{"type":"Feature","properties":{"mesh_id":"mesh-0042-0045","ward_code":"23113","ward_name":"守山区","population":908,"cell_fraction":1.0},"geometry":{"type":"Polygon","coordinates":[[[136.955,35.2075],[136.959167,35.2075],[136.959167,35.211667],[136.955,35.211667],[136.955,35.2075]]]}},{"type":"Feature","properties":{"mesh_id":"mesh-0043-0045","ward_code":"23113","ward_name":"守山区","population":908,"cell_fraction":1.0},"geometry":{"type":"Polygon","coordinates":[[[136.959167,35.2075],[136.963333,35.2075],[136.963333,35.211667],[136.959167,35.211667],[136.959167,35.2075]]]}},{"type":"Feature","properties":{"mesh_id":"mesh-0044-0045","ward_code":"23113","ward_name":"守山区","population":908,"cell_fraction":1.0},"geometry":{"type":"Polygon","coordinates":[[[136.963333,35.2075],[136.9675,35.2075],[136.9675,35.211667],[136.963333,35.211667],[136.963333,35.2075]]]}},{"type":"Feature","properties":{"mesh_id":"mesh-0045-0045","ward_code":"23113","ward_name":"守山区","population":908,"cell_fraction":1.0},"geometry":{"type":"Polygon","coordinates":[[[136.9675,35.2075],[136.971667,35.2075],[136.971667,35.211667],[136.9675,35.211667],[136.9675,35.2075]]]}},{"type":"Feature","properties":{"mesh_id":"mesh-0046-0045","ward_code":"23113","ward_name":"守山区","population":908,"cell_fraction":1.0},"geometry":{"type":"Polygon","coordinates":[[[136.971667,35.2075],[136.975833,35.2075],[136.975833,35.211667],[136.971667,35.211667],[136.971667,35.2075]]]}},{"type":"Feature","properties":{"mesh_id":"mesh-0047-0045","ward_code":"23113","ward_name":"守山区","population":908,"cell_fraction":1.0},"geometry":{"type":"Polygon","coordinates":[[[136.975833,35.2075],[136.98,35.2075],[136.98,35.211667],[136.975833,35.211667],[136.975833,35.2075]]]}},{"type":"Feature","properties":{"mesh_id":"mesh-0048-0045","ward_code":"23113","ward_name":"守山区","population":908,"cell_fraction":1.0},"geometry":{"type":"Polygon","coordinates":[[[136.98,35.2075],[136.984167,35.2075],[136.984167,35.211667],[136.98,35.211667],[136.98,35.2075]]]}},{"type":"Feature","properties":{"mesh_id":"mesh-0049-0045","ward_code":"23113","ward_name":"守山区","population":908,"cell_fraction":1.0},"geometry":{"type":"Polygon","coordinates":[[[136.984167,35.2075],[136.988333,35.2075],[136.988333,35.211667],[136.984167,35.211667],[136.984167,35.2075]]]}},{"type":"Feature","properties":{"mesh_id":"mesh-0050-0045","ward_code":"23113","ward_name":"守山区","population":908,"cell_fraction":1.0},"geometry":{"type":"Polygon","coordinates":[[[136.988333,35.2075],[136.9925,35.2075],[136.9925,35.211667],[136.988333,35.211667],[136.988333,35.2075]]]}},{"type":"Feature","properties":{"mesh_id":"mesh-0051-0045","ward_code":"23113","ward_name":"守山区","population":908,"cell_fraction":1.0},"geometry":{"type":"Polygon","coordinates":[[[136.9925,35.2075],[136.996667,35.2075],[136.996667,35.211667],[136.9925,35.211667],[136.9925,35.2075]]]}},{"type":"Feature","properties":{"mesh_id":"mesh-0052-0045","ward_code":"23113","ward_name":"守山区","population":908,"cell_fraction":1.0},"geometry":{"type":"Polygon","coordinates":[[[136.996667,35.2075],[137.000833,35.2075],[137.000833,35.211667],[136.996667,35.211667],[136.996667,35.2075]]]}},{"type":"Feature","properties":{"mesh_id":"mesh-0053-0045","ward_code":"23113","ward_name":"守山区","population":681,"cell_fraction":0.75},"geometry":{"type":"Polygon","coordinates":[[[137.000833,35.2075],[137.005,35.2075],[137.005,35.211667],[137.000833,35.211667],[137.000833,35.2075]]]}},{"type":"Feature","properties":{"mesh_id":"mesh-0054-0045","ward_code":"23113","ward_name":"守山区","population":227,"cell_fraction":0.25},"geometry":{"type":"Polygon","coordinates":[[[137.005,35.2075],[137.009167,35.2075],[137.009167,35.211667],[137.005,35.211667],[137.005,35.2075]]]}},{"type":"Feature","properties":{"mesh_id":"mesh-0036-0046","ward_code":"23113","ward_name":"守山区","population":908,"cell_fraction":1.0},"geometry":{"type":"Polygon","coordinates":[[[136.93,35.211667],[136.934167,35.211667],[136.934167,35.215833],[136.93,35.215833],[136.93,35.211667]]]}},{"type":"Feature","properties":{"mesh_id":"mesh-0037-0046","ward_code":"23113","ward_name":"守山区","population":908,"cell_fraction":1.0},"geometry":{"type":"Polygon","coordinates":[[[136.934167,35.211667],[136.938333,35.211667],[136.938333,35.215833],[136.934167,35.215833],[136.934167,35.211667]]]}},{"type":"Feature","properties":{"mesh_id":"mesh-0038-0046","ward_code":"23113","ward_name":"守山区","population":908,"cell_fraction":1.0},"geometry":{"type":"Polygon","coordinates":[[[136.938333,35.211667],[136.9425,35.211667],[136.9425,35.215833],[136.938333,35.215833],[136.938333,35.211667]]]}},{"type":"Feature","properties":{"mesh_id":"mesh-0039-0046","ward_code":"23113","ward_name":"守山区","population":908,"cell_fraction":1.0},"geometry":{"type":"Polygon","coordinates":[[[136.9425,35.211667],[136.946667,35.211667],[136.946667,35.215833],[136.9425,35.215833],[136.9425,35.211667]]]}},{"type":"Feature","properties":{"mesh_id":"mesh-0040-0046","ward_code":"23113","ward_name":"守山区","population":908,"cell_fraction":1.0},"geometry":{"type":"Polygon","coordinates":[[[136.946667,35.211667],[136.950833,35.211667],[136.950833,35.215833],[136.946667,35.215833],[136.946667,35.211667]]]}},{"type":"Feature","properties":{"mesh_id":"mesh-0041-0046","ward_code":"23113","ward_name":"守山区","population":908,"cell_fraction":1.0},"geometry":{"type":"Polygon","coordinates":[[[136.950833,35.211667],[136.955,35.211667],[136.955,35.215833],[136.950833,35.215833],[136.950833,35.211667]]]}},{"type":"Feature","properties":{"mesh_id":"mesh-0042-0046","ward_code":"23113","ward_name":"守山区","population":908,"cell_fraction":1.0},"geometry":{"type":"Polygon","coordinates":[[[136.955,35.211667],[136.959167,35.211667],[136.959167,35.215833],[136.955,35.215833],[136.955,35.211667]]]}},{"type":"Feature","properties":{"mesh_id":"mesh-0043-0046","ward_code":"23113","ward_name":"守山区","population":908,"cell_fraction":1.0},"geometry":{"type":"Polygon","coordinates":[[[136.959167,35.211667],[136.963333,35.211667],[136.963333,35.215833],[136.959167,35.215833],[136.959167,35.211667]]]}},{"type":"Feature","properties":{"mesh_id":"mesh-0044-0046","ward_code":"23113","ward_name":"守山区","population":908,"cell_fraction":1.0},"geometry":{"type":"Polygon","coordinates":[[[136.963333,35.211667],[136.9675,35.211667],[136.9675,35.215833],[136.963333,35.215833],[136.963333,35.211667]]]}},{"type":"Feature","properties":{"mesh_id":"mesh-0045-0046","ward_code":"23113","ward_name":"守山区","population":908,"cell_fraction":1.0},"geometry":{"type":"Polygon","coordinates":[[[136.9675,35.211667],[136.971667,35.211667],[136.971667,35.215833],[136.9675,35.215833],[136.9675,35.211667]]]}},{"type":"Feature","properties":{"mesh_id":"mesh-0046-0046","ward_code":"23113","ward_name":"守山区","population":908,"cell_fraction":1.0},"geometry":{"type":"Polygon","coordinates":[[[136.971667,35.211667],[136.975833,35.211667],[136.975833,35.215833],[136.971667,35.215833],[136.971667,35.211667]]]}},{"type":"Feature","properties":{"mesh_id":"mesh-0047-0046","ward_code":"23113","ward_name":"守山区","population":908,"cell_fraction":1.0},"geometry":{"type":"Polygon","coordinates":[[[136.975833,35.211667],[136.98,35.211667],[136.98,35.215833],[136.975833,35.215833],[136.975833,35.211667]]]}},{"type":"Feature","properties":{"mesh_id":"mesh-0048-0046","ward_code":"23113","ward_name":"守山区","population":908,"cell_fraction":1.0},"geometry":{"type":"Polygon","coordinates":[[[136.98,35.211667],[136.984167,35.211667],[136.984167,35.215833],[136.98,35.215833],[136.98,35.211667]]]}},{"type":"Feature","properties":{"mesh_id":"mesh-0049-0046","ward_code":"23113","ward_name":"守山区","population":908,"cell_fraction":1.0},"geometry":{"type":"Polygon","coordinates":[[[136.984167,35.211667],[136.988333,35.211667],[136.988333,35.215833],[136.984167,35.215833],[136.984167,35.211667]]]}},{"type":"Feature","properties":{"mesh_id":"mesh-0050-0046","ward_code":"23113","ward_name":"守山区","population":908,"cell_fraction":1.0},"geometry":{"type":"Polygon","coordinates":[[[136.988333,35.211667],[136.9925,35.211667],[136.9925,35.215833],[136.988333,35.215833],[136.988333,35.211667]]]}},{"type":"Feature","properties":{"mesh_id":"mesh-0051-0046","ward_code":"23113","ward_name":"守山区","population":908,"cell_fraction":1.0},"geometry":{"type":"Polygon","coordinates":[[[136.9925,35.211667],[136.996667,35.211667],[136.996667,35.215833],[136.9925,35.215833],[136.9925,35.211667]]]}},{"type":"Feature","properties":{"mesh_id":"mesh-0052-0046","ward_code":"23113","ward_name":"守山区","population":908,"cell_fraction":1.0},"geometry":{"type":"Polygon","coordinates":[[[136.996667,35.211667],[137.000833,35.211667],[137.000833,35.215833],[136.996667,35.215833],[136.996667,35.211667]]]}},{"type":"Feature","properties":{"mesh_id":"mesh-0053-0046","ward_code":"23113","ward_name":"守山区","population":908,"cell_fraction":1.0},"geometry":{"type":"Polygon","coordinates":[[[137.000833,35.211667],[137.005,35.211667],[137.005,35.215833],[137.000833,35.215833],[137.000833,35.211667]]]}},{"type":"Feature","properties":{"mesh_id":"mesh-0041-0047","ward_code":"23113","ward_name":"守山区","population":454,"cell_fraction":0.5},"geometry":{"type":"Polygon","coordinates":[[[136.950833,35.215833],[136.955,35.215833],[136.955,35.22],[136.950833,35.22],[136.950833,35.215833]]]}},{"type":"Feature","properties":{"mesh_id":"mesh-0042-0047","ward_code":"23113","ward_name":"守山区","population":454,"cell_fraction":0.5},"geometry":{"type":"Polygon","coordinates":[[[136.955,35.215833],[136.959167,35.215833],[136.959167,35.22],[136.955,35.22],[136.955,35.215833]]]}},{"type":"Feature","properties":{"mesh_id":"mesh-0043-0047","ward_code":"23113","ward_name":"守山区","population":454,"cell_fraction":0.5},"geometry":{"type":"Polygon","coordinates":[[[136.959167,35.215833],[136.963333,35.215833],[136.963333,35.22],[136.959167,35.22],[136.959167,35.215833]]]}},{"type":"Feature","properties":{"mesh_id":"mesh-0045-0047","ward_code":"23113","ward_name":"守山区","population":454,"cell_fraction":0.5},"geometry":{"type":"Polygon","coordinates":[[[136.9675,35.215833],[136.971667,35.215833],[136.971667,35.22],[136.9675,35.22],[136.9675,35.215833]]]}},{"type":"Feature","properties":{"mesh_id":"mesh-0046-0047","ward_code":"23113","ward_name":"守山区","population":681,"cell_fraction":0.75},"geometry":{"type":"Polygon","coordinates":[[[136.971667,35.215833],[136.975833,35.215833],[136.975833,35.22],[136.971667,35.22],[136.971667,35.215833]]]}},{"type":"Feature","properties":{"mesh_id":"mesh-0047-0047","ward_code":"23113","ward_name":"守山区","population":908,"cell_fraction":1.0},"geometry":{"type":"Polygon","coordinates":[[[136.975833,35.215833],[136.98,35.215833],[136.98,35.22],[136.975833,35.22],[136.975833,35.215833]]]}},{"type":"Feature","properties":{"mesh_id":"mesh-0048-0047","ward_code":"23113","ward_name":"守山区","population":908,"cell_fraction":1.0},"geometry":{"type":"Polygon","coordinates":[[[136.98,35.215833],[136.984167,35.215833],[136.984167,35.22],[136.98,35.22],[136.98,35.215833]]]}},{"type":"Feature","properties":{"mesh_id":"mesh-0049-0047","ward_code":"23113","ward_name":"守山区","population":908,"cell_fraction":1.0},"geometry":{"type":"Polygon","coordinates":[[[136.984167,35.215833],[136.988333,35.215833],[136.988333,35.22],[136.984167,35.22],[136.984167,35.215833]]]}},{"type":"Feature","properties":{"mesh_id":"mesh-0050-0047","ward_code":"23113","ward_name":"守山区","population":908,"cell_fraction":1.0},"geometry":{"type":"Polygon","coordinates":[[[136.988333,35.215833],[136.9925,35.215833],[136.9925,35.22],[136.988333,35.22],[136.988333,35.215833]]]}},{"type":"Feature","properties":{"mesh_id":"mesh-0051-0047","ward_code":"23113","ward_name":"守山区","population":908,"cell_fraction":1.0},"geometry":{"type":"Polygon","coordinates":[[[136.9925,35.215833],[136.996667,35.215833],[136.996667,35.22],[136.9925,35.22],[136.9925,35.215833]]]}},{"type":"Feature","properties":{"mesh_id":"mesh-0052-0047","ward_code":"23113","ward_name":"守山区","population":908,"cell_fraction":1.0},"geometry":{"type":"Polygon","coordinates":[[[136.996667,35.215833],[137.000833,35.215833],[137.000833,35.22],[136.996667,35.22],[136.996667,35.215833]]]}},{"type":"Feature","properties":{"mesh_id":"mesh-0053-0047","ward_code":"23113","ward_name":"守山区","population":908,"cell_fraction":1.0},"geometry":{"type":"Polygon","coordinates":[[[137.000833,35.215833],[137.005,35.215833],[137.005,35.22],[137.000833,35.22],[137.000833,35.215833]]]}},{"type":"Feature","properties":{"mesh_id":"mesh-0054-0047","ward_code":"23113","ward_name":"守山区","population":227,"cell_fraction":0.25},"geometry":{"type":"Polygon","coordinates":[[[137.005,35.215833],[137.009167,35.215833],[137.009167,35.22],[137.005,35.22],[137.005,35.215833]]]}},{"type":"Feature","properties":{"mesh_id":"mesh-0047-0048","ward_code":"23113","ward_name":"守山区","population":681,"cell_fraction":0.75},"geometry":{"type":"Polygon","coordinates":[[[136.975833,35.22],[136.98,35.22],[136.98,35.224167],[136.975833,35.224167],[136.975833,35.22]]]}},{"type":"Feature","properties":{"mesh_id":"mesh-0048-0048","ward_code":"23113","ward_name":"守山区","population":908,"cell_fraction":1.0},"geometry":{"type":"Polygon","coordinates":[[[136.98,35.22],[136.984167,35.22],[136.984167,35.224167],[136.98,35.224167],[136.98,35.22]]]}},{"type":"Feature","properties":{"mesh_id":"mesh-0049-0048","ward_code":"23113","ward_name":"守山区","population":908,"cell_fraction":1.0},"geometry":{"type":"Polygon","coordinates":[[[136.984167,35.22],[136.988333,35.22],[136.988333,35.224167],[136.984167,35.224167],[136.984167,35.22]]]}},{"type":"Feature","properties":{"mesh_id":"mesh-0050-0048","ward_code":"23113","ward_name":"守山区","population":908,"cell_fraction":1.0},"geometry":{"type":"Polygon","coordinates":[[[136.988333,35.22],[136.9925,35.22],[136.9925,35.224167],[136.988333,35.224167],[136.988333,35.22]]]}},{"type":"Feature","properties":{"mesh_id":"mesh-0051-0048","ward_code":"23113","ward_name":"守山区","population":908,"cell_fraction":1.0},"geometry":{"type":"Polygon","coordinates":[[[136.9925,35.22],[136.996667,35.22],[136.996667,35.224167],[136.9925,35.224167],[136.9925,35.22]]]}},{"type":"Feature","properties":{"mesh_id":"mesh-0052-0048","ward_code":"23113","ward_name":"守山区","population":908,"cell_fraction":1.0},"geometry":{"type":"Polygon","coordinates":[[[136.996667,35.22],[137.000833,35.22],[137.000833,35.224167],[136.996667,35.224167],[136.996667,35.22]]]}},{"type":"Feature","properties":{"mesh_id":"mesh-0053-0048","ward_code":"23113","ward_name":"守山区","population":908,"cell_fraction":1.0},"geometry":{"type":"Polygon","coordinates":[[[137.000833,35.22],[137.005,35.22],[137.005,35.224167],[137.000833,35.224167],[137.000833,35.22]]]}},{"type":"Feature","properties":{"mesh_id":"mesh-0054-0048","ward_code":"23113","ward_name":"守山区","population":908,"cell_fraction":1.0},"geometry":{"type":"Polygon","coordinates":[[[137.005,35.22],[137.009167,35.22],[137.009167,35.224167],[137.005,35.224167],[137.005,35.22]]]}},{"type":"Feature","properties":{"mesh_id":"mesh-0055-0048","ward_code":"23113","ward_name":"守山区","population":681,"cell_fraction":0.75},"geometry":{"type":"Polygon","coordinates":[[[137.009167,35.22],[137.013333,35.22],[137.013333,35.224167],[137.009167,35.224167],[137.009167,35.22]]]}},{"type":"Feature","properties":{"mesh_id":"mesh-0048-0049","ward_code":"23113","ward_name":"守山区","population":227,"cell_fraction":0.25},"geometry":{"type":"Polygon","coordinates":[[[136.98,35.224167],[136.984167,35.224167],[136.984167,35.228333],[136.98,35.228333],[136.98,35.224167]]]}},{"type":"Feature","properties":{"mesh_id":"mesh-0049-0049","ward_code":"23113","ward_name":"守山区","population":454,"cell_fraction":0.5},"geometry":{"type":"Polygon","coordinates":[[[136.984167,35.224167],[136.988333,35.224167],[136.988333,35.228333],[136.984167,35.228333],[136.984167,35.224167]]]}},{"type":"Feature","properties":{"mesh_id":"mesh-0050-0049","ward_code":"23113","ward_name":"守山区","population":908,"cell_fraction":1.0},"geometry":{"type":"Polygon","coordinates":[[[136.988333,35.224167],[136.9925,35.224167],[136.9925,35.228333],[136.988333,35.228333],[136.988333,35.224167]]]}},{"type":"Feature","properties":{"mesh_id":"mesh-0051-0049","ward_code":"23113","ward_name":"守山区","population":908,"cell_fraction":1.0},"geometry":{"type":"Polygon","coordinates":[[[136.9925,35.224167],[136.996667,35.224167],[136.996667,35.228333],[136.9925,35.228333],[136.9925,35.224167]]]}},{"type":"Feature","properties":{"mesh_id":"mesh-0052-0049","ward_code":"23113","ward_name":"守山区","population":908,"cell_fraction":1.0},"geometry":{"type":"Polygon","coordinates":[[[136.996667,35.224167],[137.000833,35.224167],[137.000833,35.228333],[136.996667,35.228333],[136.996667,35.224167]]]}},{"type":"Feature","properties":{"mesh_id":"mesh-0053-0049","ward_code":"23113","ward_name":"守山区","population":908,"cell_fraction":1.0},"geometry":{"type":"Polygon","coordinates":[[[137.000833,35.224167],[137.005,35.224167],[137.005,35.228333],[137.000833,35.228333],[137.000833,35.224167]]]}},{"type":"Feature","properties":{"mesh_id":"mesh-0054-0049","ward_code":"23113","ward_name":"守山区","population":908,"cell_fraction":1.0},"geometry":{"type":"Polygon","coordinates":[[[137.005,35.224167],[137.009167,35.224167],[137.009167,35.228333],[137.005,35.228333],[137.005,35.224167]]]}},{"type":"Feature","properties":{"mesh_id":"mesh-0055-0049","ward_code":"23113","ward_name":"守山区","population":908,"cell_fraction":1.0},"geometry":{"type":"Polygon","coordinates":[[[137.009167,35.224167],[137.013333,35.224167],[137.013333,35.228333],[137.009167,35.228333],[137.009167,35.224167]]]}},{"type":"Feature","properties":{"mesh_id":"mesh-0056-0049","ward_code":"23113","ward_name":"守山区","population":227,"cell_fraction":0.25},"geometry":{"type":"Polygon","coordinates":[[[137.013333,35.224167],[137.0175,35.224167],[137.0175,35.228333],[137.013333,35.228333],[137.013333,35.224167]]]}},{"type":"Feature","properties":{"mesh_id":"mesh-0050-0050","ward_code":"23113","ward_name":"守山区","population":454,"cell_fraction":0.5},"geometry":{"type":"Polygon","coordinates":[[[136.988333,35.228333],[136.9925,35.228333],[136.9925,35.2325],[136.988333,35.2325],[136.988333,35.228333]]]}},{"type":"Feature","properties":{"mesh_id":"mesh-0051-0050","ward_code":"23113","ward_name":"守山区","population":908,"cell_fraction":1.0},"geometry":{"type":"Polygon","coordinates":[[[136.9925,35.228333],[136.996667,35.228333],[136.996667,35.2325],[136.9925,35.2325],[136.9925,35.228333]]]}},{"type":"Feature","properties":{"mesh_id":"mesh-0052-0050","ward_code":"23113","ward_name":"守山区","population":908,"cell_fraction":1.0},"geometry":{"type":"Polygon","coordinates":[[[136.996667,35.228333],[137.000833,35.228333],[137.000833,35.2325],[136.996667,35.2325],[136.996667,35.228333]]]}},{"type":"Feature","properties":{"mesh_id":"mesh-0053-0050","ward_code":"23113","ward_name":"守山区","population":908,"cell_fraction":1.0},"geometry":{"type":"Polygon","coordinates":[[[137.000833,35.228333],[137.005,35.228333],[137.005,35.2325],[137.000833,35.2325],[137.000833,35.228333]]]}},{"type":"Feature","properties":{"mesh_id":"mesh-0054-0050","ward_code":"23113","ward_name":"守山区","population":908,"cell_fraction":1.0},"geometry":{"type":"Polygon","coordinates":[[[137.005,35.228333],[137.009167,35.228333],[137.009167,35.2325],[137.005,35.2325],[137.005,35.228333]]]}},{"type":"Feature","properties":{"mesh_id":"mesh-0055-0050","ward_code":"23113","ward_name":"守山区","population":908,"cell_fraction":1.0},"geometry":{"type":"Polygon","coordinates":[[[137.009167,35.228333],[137.013333,35.228333],[137.013333,35.2325],[137.009167,35.2325],[137.009167,35.228333]]]}},{"type":"Feature","properties":{"mesh_id":"mesh-0056-0050","ward_code":"23113","ward_name":"守山区","population":908,"cell_fraction":1.0},"geometry":{"type":"Polygon","coordinates":[[[137.013333,35.228333],[137.0175,35.228333],[137.0175,35.2325],[137.013333,35.2325],[137.013333,35.228333]]]}},{"type":"Feature","properties":{"mesh_id":"mesh-0057-0050","ward_code":"23113","ward_name":"守山区","population":454,"cell_fraction":0.5},"geometry":{"type":"Polygon","coordinates":[[[137.0175,35.228333],[137.021667,35.228333],[137.021667,35.2325],[137.0175,35.2325],[137.0175,35.228333]]]}},{"type":"Feature","properties":{"mesh_id":"mesh-0058-0050","ward_code":"23113","ward_name":"守山区","population":227,"cell_fraction":0.25},"geometry":{"type":"Polygon","coordinates":[[[137.021667,35.228333],[137.025833,35.228333],[137.025833,35.2325],[137.021667,35.2325],[137.021667,35.228333]]]}},{"type":"Feature","properties":{"mesh_id":"mesh-0050-0051","ward_code":"23113","ward_name":"守山区","population":454,"cell_fraction":0.5},"geometry":{"type":"Polygon","coordinates":[[[136.988333,35.2325],[136.9925,35.2325],[136.9925,35.236667],[136.988333,35.236667],[136.988333,35.2325]]]}},{"type":"Feature","properties":{"mesh_id":"mesh-0051-0051","ward_code":"23113","ward_name":"守山区","population":908,"cell_fraction":1.0},"geometry":{"type":"Polygon","coordinates":[[[136.9925,35.2325],[136.996667,35.2325],[136.996667,35.236667],[136.9925,35.236667],[136.9925,35.2325]]]}},{"type":"Feature","properties":{"mesh_id":"mesh-0052-0051","ward_code":"23113","ward_name":"守山区","population":908,"cell_fraction":1.0},"geometry":{"type":"Polygon","coordinates":[[[136.996667,35.2325],[137.000833,35.2325],[137.000833,35.236667],[136.996667,35.236667],[136.996667,35.2325]]]}},{"type":"Feature","properties":{"mesh_id":"mesh-0053-0051","ward_code":"23113","ward_name":"守山区","population":908,"cell_fraction":1.0},"geometry":{"type":"Polygon","coordinates":[[[137.000833,35.2325],[137.005,35.2325],[137.005,35.236667],[137.000833,35.236667],[137.000833,35.2325]]]}},{"type":"Feature","properties":{"mesh_id":"mesh-0054-0051","ward_code":"23113","ward_name":"守山区","population":908,"cell_fraction":1.0},"geometry":{"type":"Polygon","coordinates":[[[137.005,35.2325],[137.009167,35.2325],[137.009167,35.236667],[137.005,35.236667],[137.005,35.2325]]]}},{"type":"Feature","properties":{"mesh_id":"mesh-0055-0051","ward_code":"23113","ward_name":"守山区","population":908,"cell_fraction":1.0},"geometry":{"type":"Polygon","coordinates":[[[137.009167,35.2325],[137.013333,35.2325],[137.013333,35.236667],[137.009167,35.236667],[137.009167,35.2325]]]}},{"type":"Feature","properties":{"mesh_id":"mesh-0056-0051","ward_code":"23113","ward_name":"守山区","population":908,"cell_fraction":1.0},"geometry":{"type":"Polygon","coordinates":[[[137.013333,35.2325],[137.0175,35.2325],[137.0175,35.236667],[137.013333,35.236667],[137.013333,35.2325]]]}},{"type":"Feature","properties":{"mesh_id":"mesh-0057-0051","ward_code":"23113","ward_name":"守山区","population":908,"cell_fraction":1.0},"geometry":{"type":"Polygon","coordinates":[[[137.0175,35.2325],[137.021667,35.2325],[137.021667,35.236667],[137.0175,35.236667],[137.0175,35.2325]]]}},{"type":"Feature","properties":{"mesh_id":"mesh-0058-0051","ward_code":"23113","ward_name":"守山区","population":908,"cell_fraction":1.0},"geometry":{"type":"Polygon","coordinates":[[[137.021667,35.2325],[137.025833,35.2325],[137.025833,35.236667],[137.021667,35.236667],[137.021667,35.2325]]]}},{"type":"Feature","properties":{"mesh_id":"mesh-0059-0051","ward_code":"23113","ward_name":"守山区","population":454,"cell_fraction":0.5},"geometry":{"type":"Polygon","coordinates":[[[137.025833,35.2325],[137.03,35.2325],[137.03,35.236667],[137.025833,35.236667],[137.025833,35.2325]]]}},{"type":"Feature","properties":{"mesh_id":"mesh-0060-0051","ward_code":"23113","ward_name":"守山区","population":227,"cell_fraction":0.25},"geometry":{"type":"Polygon","coordinates":[[[137.03,35.2325],[137.034167,35.2325],[137.034167,35.236667],[137.03,35.236667],[137.03,35.2325]]]}},{"type":"Feature","properties":{"mesh_id":"mesh-0050-0052","ward_code":"23113","ward_name":"守山区","population":454,"cell_fraction":0.5},"geometry":{"type":"Polygon","coordinates":[[[136.988333,35.236667],[136.9925,35.236667],[136.9925,35.240833],[136.988333,35.240833],[136.988333,35.236667]]]}},{"type":"Feature","properties":{"mesh_id":"mesh-0051-0052","ward_code":"23113","ward_name":"守山区","population":908,"cell_fraction":1.0},"geometry":{"type":"Polygon","coordinates":[[[136.9925,35.236667],[136.996667,35.236667],[136.996667,35.240833],[136.9925,35.240833],[136.9925,35.236667]]]}},{"type":"Feature","properties":{"mesh_id":"mesh-0052-0052","ward_code":"23113","ward_name":"守山区","population":908,"cell_fraction":1.0},"geometry":{"type":"Polygon","coordinates":[[[136.996667,35.236667],[137.000833,35.236667],[137.000833,35.240833],[136.996667,35.240833],[136.996667,35.236667]]]}},{"type":"Feature","properties":{"mesh_id":"mesh-0053-0052","ward_code":"23113","ward_name":"守山区","population":908,"cell_fraction":1.0},"geometry":{"type":"Polygon","coordinates":[[[137.000833,35.236667],[137.005,35.236667],[137.005,35.240833],[137.000833,35.240833],[137.000833,35.236667]]]}},{"type":"Feature","properties":{"mesh_id":"mesh-0054-0052","ward_code":"23113","ward_name":"守山区","population":908,"cell_fraction":1.0},"geometry":{"type":"Polygon","coordinates":[[[137.005,35.236667],[137.009167,35.236667],[137.009167,35.240833],[137.005,35.240833],[137.005,35.236667]]]}},{"type":"Feature","properties":{"mesh_id":"mesh-0055-0052","ward_code":"23113","ward_name":"守山区","population":908,"cell_fraction":1.0},"geometry":{"type":"Polygon","coordinates":[[[137.009167,35.236667],[137.013333,35.236667],[137.013333,35.240833],[137.009167,35.240833],[137.009167,35.236667]]]}},{"type":"Feature","properties":{"mesh_id":"mesh-0056-0052","ward_code":"23113","ward_name":"守山区","population":908,"cell_fraction":1.0},"geometry":{"type":"Polygon","coordinates":[[[137.013333,35.236667],[137.0175,35.236667],[137.0175,35.240833],[137.013333,35.240833],[137.013333,35.236667]]]}},{"type":"Feature","properties":{"mesh_id":"mesh-0057-0052","ward_code":"23113","ward_name":"守山区","population":908,"cell_fraction":1.0},"geometry":{"type":"Polygon","coordinates":[[[137.0175,35.236667],[137.021667,35.236667],[137.021667,35.240833],[137.0175,35.240833],[137.0175,35.236667]]]}},{"type":"Feature","properties":{"mesh_id":"mesh-0058-0052","ward_code":"23113","ward_name":"守山区","population":908,"cell_fraction":1.0},"geometry":{"type":"Polygon","coordinates":[[[137.021667,35.236667],[137.025833,35.236667],[137.025833,35.240833],[137.021667,35.240833],[137.021667,35.236667]]]}},{"type":"Feature","properties":{"mesh_id":"mesh-0059-0052","ward_code":"23113","ward_name":"守山区","population":908,"cell_fraction":1.0},"geometry":{"type":"Polygon","coordinates":[[[137.025833,35.236667],[137.03,35.236667],[137.03,35.240833],[137.025833,35.240833],[137.025833,35.236667]]]}},{"type":"Feature","properties":{"mesh_id":"mesh-0060-0052","ward_code":"23113","ward_name":"守山区","population":908,"cell_fraction":1.0},"geometry":{"type":"Polygon","coordinates":[[[137.03,35.236667],[137.034167,35.236667],[137.034167,35.240833],[137.03,35.240833],[137.03,35.236667]]]}},{"type":"Feature","properties":{"mesh_id":"mesh-0061-0052","ward_code":"23113","ward_name":"守山区","population":681,"cell_fraction":0.75},"geometry":{"type":"Polygon","coordinates":[[[137.034167,35.236667],[137.038333,35.236667],[137.038333,35.240833],[137.034167,35.240833],[137.034167,35.236667]]]}},{"type":"Feature","properties":{"mesh_id":"mesh-0062-0052","ward_code":"23113","ward_name":"守山区","population":227,"cell_fraction":0.25},"geometry":{"type":"Polygon","coordinates":[[[137.038333,35.236667],[137.0425,35.236667],[137.0425,35.240833],[137.038333,35.240833],[137.038333,35.236667]]]}},{"type":"Feature","properties":{"mesh_id":"mesh-0063-0052","ward_code":"23113","ward_name":"守山区","population":227,"cell_fraction":0.25},"geometry":{"type":"Polygon","coordinates":[[[137.0425,35.236667],[137.046667,35.236667],[137.046667,35.240833],[137.0425,35.240833],[137.0425,35.236667]]]}},{"type":"Feature","properties":{"mesh_id":"mesh-0064-0052","ward_code":"23113","ward_name":"守山区","population":454,"cell_fraction":0.5},"geometry":{"type":"Polygon","coordinates":[[[137.046667,35.236667],[137.050833,35.236667],[137.050833,35.240833],[137.046667,35.240833],[137.046667,35.236667]]]}},{"type":"Feature","properties":{"mesh_id":"mesh-0055-0053","ward_code":"23113","ward_name":"守山区","population":681,"cell_fraction":0.75},"geometry":{"type":"Polygon","coordinates":[[[137.009167,35.240833],[137.013333,35.240833],[137.013333,35.245],[137.009167,35.245],[137.009167,35.240833]]]}},{"type":"Feature","properties":{"mesh_id":"mesh-0056-0053","ward_code":"23113","ward_name":"守山区","population":908,"cell_fraction":1.0},"geometry":{"type":"Polygon","coordinates":[[[137.013333,35.240833],[137.0175,35.240833],[137.0175,35.245],[137.013333,35.245],[137.013333,35.240833]]]}},{"type":"Feature","properties":{"mesh_id":"mesh-0057-0053","ward_code":"23113","ward_name":"守山区","population":908,"cell_fraction":1.0},"geometry":{"type":"Polygon","coordinates":[[[137.0175,35.240833],[137.021667,35.240833],[137.021667,35.245],[137.0175,35.245],[137.0175,35.240833]]]}},{"type":"Feature","properties":{"mesh_id":"mesh-0058-0053","ward_code":"23113","ward_name":"守山区","population":908,"cell_fraction":1.0},"geometry":{"type":"Polygon","coordinates":[[[137.021667,35.240833],[137.025833,35.240833],[137.025833,35.245],[137.021667,35.245],[137.021667,35.240833]]]}},{"type":"Feature","properties":{"mesh_id":"mesh-0059-0053","ward_code":"23113","ward_name":"守山区","population":908,"cell_fraction":1.0},"geometry":{"type":"Polygon","coordinates":[[[137.025833,35.240833],[137.03,35.240833],[137.03,35.245],[137.025833,35.245],[137.025833,35.240833]]]}},{"type":"Feature","properties":{"mesh_id":"mesh-0060-0053","ward_code":"23113","ward_name":"守山区","population":908,"cell_fraction":1.0},"geometry":{"type":"Polygon","coordinates":[[[137.03,35.240833],[137.034167,35.240833],[137.034167,35.245],[137.03,35.245],[137.03,35.240833]]]}},{"type":"Feature","properties":{"mesh_id":"mesh-0061-0053","ward_code":"23113","ward_name":"守山区","population":908,"cell_fraction":1.0},"geometry":{"type":"Polygon","coordinates":[[[137.034167,35.240833],[137.038333,35.240833],[137.038333,35.245],[137.034167,35.245],[137.034167,35.240833]]]}},{"type":"Feature","properties":{"mesh_id":"mesh-0062-0053","ward_code":"23113","ward_name":"守山区","population":908,"cell_fraction":1.0},"geometry":{"type":"Polygon","coordinates":[[[137.038333,35.240833],[137.0425,35.240833],[137.0425,35.245],[137.038333,35.245],[137.038333,35.240833]]]}},{"type":"Feature","properties":{"mesh_id":"mesh-0063-0053","ward_code":"23113","ward_name":"守山区","population":908,"cell_fraction":1.0},"geometry":{"type":"Polygon","coordinates":[[[137.0425,35.240833],[137.046667,35.240833],[137.046667,35.245],[137.0425,35.245],[137.0425,35.240833]]]}},{"type":"Feature","properties":{"mesh_id":"mesh-0064-0053","ward_code":"23113","ward_name":"守山区","population":908,"cell_fraction":1.0},"geometry":{"type":"Polygon","coordinates":[[[137.046667,35.240833],[137.050833,35.240833],[137.050833,35.245],[137.046667,35.245],[137.046667,35.240833]]]}},{"type":"Feature","properties":{"mesh_id":"mesh-0065-0053","ward_code":"23113","ward_name":"守山区","population":454,"cell_fraction":0.5},"geometry":{"type":"Polygon","coordinates":[[[137.050833,35.240833],[137.055,35.240833],[137.055,35.245],[137.050833,35.245],[137.050833,35.240833]]]}},{"type":"Feature","properties":{"mesh_id":"mesh-0055-0054","ward_code":"23113","ward_name":"守山区","population":454,"cell_fraction":0.5},"geometry":{"type":"Polygon","coordinates":[[[137.009167,35.245],[137.013333,35.245],[137.013333,35.249167],[137.009167,35.249167],[137.009167,35.245]]]}},{"type":"Feature","properties":{"mesh_id":"mesh-0056-0054","ward_code":"23113","ward_name":"守山区","population":908,"cell_fraction":1.0},"geometry":{"type":"Polygon","coordinates":[[[137.013333,35.245],[137.0175,35.245],[137.0175,35.249167],[137.013333,35.249167],[137.013333,35.245]]]}},{"type":"Feature","properties":{"mesh_id":"mesh-0057-0054","ward_code":"23113","ward_name":"守山区","population":908,"cell_fraction":1.0},"geometry":{"type":"Polygon","coordinates":[[[137.0175,35.245],[137.021667,35.245],[137.021667,35.249167],[137.0175,35.249167],[137.0175,35.245]]]}},{"type":"Feature","properties":{"mesh_id":"mesh-0058-0054","ward_code":"23113","ward_name":"守山区","population":908,"cell_fraction":1.0},"geometry":{"type":"Polygon","coordinates":[[[137.021667,35.245],[137.025833,35.245],[137.025833,35.249167],[137.021667,35.249167],[137.021667,35.245]]]}},{"type":"Feature","properties":{"mesh_id":"mesh-0059-0054","ward_code":"23113","ward_name":"守山区","population":908,"cell_fraction":1.0},"geometry":{"type":"Polygon","coordinates":[[[137.025833,35.245],[137.03,35.245],[137.03,35.249167],[137.025833,35.249167],[137.025833,35.245]]]}},{"type":"Feature","properties":{"mesh_id":"mesh-0060-0054","ward_code":"23113","ward_name":"守山区","population":907,"cell_fraction":1.0},"geometry":{"type":"Polygon","coordinates":[[[137.03,35.245],[137.034167,35.245],[137.034167,35.249167],[137.03,35.249167],[137.03,35.245]]]}},{"type":"Feature","properties":{"mesh_id":"mesh-0061-0054","ward_code":"23113","ward_name":"守山区","population":907,"cell_fraction":1.0},"geometry":{"type":"Polygon","coordinates":[[[137.034167,35.245],[137.038333,35.245],[137.038333,35.249167],[137.034167,35.249167],[137.034167,35.245]]]}},{"type":"Feature","properties":{"mesh_id":"mesh-0062-0054","ward_code":"23113","ward_name":"守山区","population":907,"cell_fraction":1.0},"geometry":{"type":"Polygon","coordinates":[[[137.038333,35.245],[137.0425,35.245],[137.0425,35.249167],[137.038333,35.249167],[137.038333,35.245]]]}},{"type":"Feature","properties":{"mesh_id":"mesh-0063-0054","ward_code":"23113","ward_name":"守山区","population":907,"cell_fraction":1.0},"geometry":{"type":"Polygon","coordinates":[[[137.0425,35.245],[137.046667,35.245],[137.046667,35.249167],[137.0425,35.249167],[137.0425,35.245]]]}},{"type":"Feature","properties":{"mesh_id":"mesh-0064-0054","ward_code":"23113","ward_name":"守山区","population":907,"cell_fraction":1.0},"geometry":{"type":"Polygon","coordinates":[[[137.046667,35.245],[137.050833,35.245],[137.050833,35.249167],[137.046667,35.249167],[137.046667,35.245]]]}},{"type":"Feature","properties":{"mesh_id":"mesh-0065-0054","ward_code":"23113","ward_name":"守山区","population":907,"cell_fraction":1.0},"geometry":{"type":"Polygon","coordinates":[[[137.050833,35.245],[137.055,35.245],[137.055,35.249167],[137.050833,35.249167],[137.050833,35.245]]]}},{"type":"Feature","properties":{"mesh_id":"mesh-0066-0054","ward_code":"23113","ward_name":"守山区","population":681,"cell_fraction":0.75},"geometry":{"type":"Polygon","coordinates":[[[137.055,35.245],[137.059167,35.245],[137.059167,35.249167],[137.055,35.249167],[137.055,35.245]]]}},{"type":"Feature","properties":{"mesh_id":"mesh-0067-0054","ward_code":"23113","ward_name":"守山区","population":227,"cell_fraction":0.25},"geometry":{"type":"Polygon","coordinates":[[[137.059167,35.245],[137.063333,35.245],[137.063333,35.249167],[137.059167,35.249167],[137.059167,35.245]]]}},{"type":"Feature","properties":{"mesh_id":"mesh-0055-0055","ward_code":"23113","ward_name":"守山区","population":227,"cell_fraction":0.25},"geometry":{"type":"Polygon","coordinates":[[[137.009167,35.249167],[137.013333,35.249167],[137.013333,35.253333],[137.009167,35.253333],[137.009167,35.249167]]]}},{"type":"Feature","properties":{"mesh_id":"mesh-0056-0055","ward_code":"23113","ward_name":"守山区","population":454,"cell_fraction":0.5},"geometry":{"type":"Polygon","coordinates":[[[137.013333,35.249167],[137.0175,35.249167],[137.0175,35.253333],[137.013333,35.253333],[137.013333,35.249167]]]}},{"type":"Feature","properties":{"mesh_id":"mesh-0057-0055","ward_code":"23113","ward_name":"守山区","population":681,"cell_fraction":0.75},"geometry":{"type":"Polygon","coordinates":[[[137.0175,35.249167],[137.021667,35.249167],[137.021667,35.253333],[137.0175,35.253333],[137.0175,35.249167]]]}},{"type":"Feature","properties":{"mesh_id":"mesh-0058-0055","ward_code":"23113","ward_name":"守山区","population":907,"cell_fraction":1.0},"geometry":{"type":"Polygon","coordinates":[[[137.021667,35.249167],[137.025833,35.249167],[137.025833,35.253333],[137.021667,35.253333],[137.021667,35.249167]]]}},{"type":"Feature","properties":{"mesh_id":"mesh-0059-0055","ward_code":"23113","ward_name":"守山区","population":907,"cell_fraction":1.0},"geometry":{"type":"Polygon","coordinates":[[[137.025833,35.249167],[137.03,35.249167],[137.03,35.253333],[137.025833,35.253333],[137.025833,35.249167]]]}},{"type":"Feature","properties":{"mesh_id":"mesh-0060-0055","ward_code":"23113","ward_name":"守山区","population":907,"cell_fraction":1.0},"geometry":{"type":"Polygon","coordinates":[[[137.03,35.249167],[137.034167,35.249167],[137.034167,35.253333],[137.03,35.253333],[137.03,35.249167]]]}},{"type":"Feature","properties":{"mesh_id":"mesh-0061-0055","ward_code":"23113","ward_name":"守山区","population":907,"cell_fraction":1.0},"geometry":{"type":"Polygon","coordinates":[[[137.034167,35.249167],[137.038333,35.249167],[137.038333,35.253333],[137.034167,35.253333],[137.034167,35.249167]]]}},{"type":"Feature","properties":{"mesh_id":"mesh-0062-0055","ward_code":"23113","ward_name":"守山区","population":907,"cell_fraction":1.0},"geometry":{"type":"Polygon","coordinates":[[[137.038333,35.249167],[137.0425,35.249167],[137.0425,35.253333],[137.038333,35.253333],[137.038333,35.249167]]]}},{"type":"Feature","properties":{"mesh_id":"mesh-0063-0055","ward_code":"23113","ward_name":"守山区","population":907,"cell_fraction":1.0},"geometry":{"type":"Polygon","coordinates":[[[137.0425,35.249167],[137.046667,35.249167],[137.046667,35.253333],[137.0425,35.253333],[137.0425,35.249167]]]}},{"type":"Feature","properties":{"mesh_id":"mesh-0064-0055","ward_code":"23113","ward_name":"守山区","population":907,"cell_fraction":1.0},"geometry":{"type":"Polygon","coordinates":[[[137.046667,35.249167],[137.050833,35.249167],[137.050833,35.253333],[137.046667,35.253333],[137.046667,35.249167]]]}},{"type":"Feature","properties":{"mesh_id":"mesh-0065-0055","ward_code":"23113","ward_name":"守山区","population":681,"cell_fraction":0.75},"geometry":{"type":"Polygon","coordinates":[[[137.050833,35.249167],[137.055,35.249167],[137.055,35.253333],[137.050833,35.253333],[137.050833,35.249167]]]}},{"type":"Feature","properties":{"mesh_id":"mesh-0066-0055","ward_code":"23113","ward_name":"守山区","population":454,"cell_fraction":0.5},"geometry":{"type":"Polygon","coordinates":[[[137.055,35.249167],[137.059167,35.249167],[137.059167,35.253333],[137.055,35.253333],[137.055,35.249167]]]}},{"type":"Feature","properties":{"mesh_id":"mesh-0058-0056","ward_code":"23113","ward_name":"守山区","population":227,"cell_fraction":0.25},"geometry":{"type":"Polygon","coordinates":[[[137.021667,35.253333],[137.025833,35.253333],[137.025833,35.2575],[137.021667,35.2575],[137.021667,35.253333]]]}},{"type":"Feature","properties":{"mesh_id":"mesh-0059-0056","ward_code":"23113","ward_name":"守山区","population":907,"cell_fraction":1.0},"geometry":{"type":"Polygon","coordinates":[[[137.025833,35.253333],[137.03,35.253333],[137.03,35.2575],[137.025833,35.2575],[137.025833,35.253333]]]}},{"type":"Feature","properties":{"mesh_id":"mesh-0060-0056","ward_code":"23113","ward_name":"守山区","population":907,"cell_fraction":1.0},"geometry":{"type":"Polygon","coordinates":[[[137.03,35.253333],[137.034167,35.253333],[137.034167,35.2575],[137.03,35.2575],[137.03,35.253333]]]}},{"type":"Feature","properties":{"mesh_id":"mesh-0061-0056","ward_code":"23113","ward_name":"守山区","population":907,"cell_fraction":1.0},"geometry":{"type":"Polygon","coordinates":[[[137.034167,35.253333],[137.038333,35.253333],[137.038333,35.2575],[137.034167,35.2575],[137.034167,35.253333]]]}},{"type":"Feature","properties":{"mesh_id":"mesh-0062-0056","ward_code":"23113","ward_name":"守山区","population":907,"cell_fraction":1.0},"geometry":{"type":"Polygon","coordinates":[[[137.038333,35.253333],[137.0425,35.253333],[137.0425,35.2575],[137.038333,35.2575],[137.038333,35.253333]]]}},{"type":"Feature","properties":{"mesh_id":"mesh-0063-0056","ward_code":"23113","ward_name":"守山区","population":907,"cell_fraction":1.0},"geometry":{"type":"Polygon","coordinates":[[[137.0425,35.253333],[137.046667,35.253333],[137.046667,35.2575],[137.0425,35.2575],[137.0425,35.253333]]]}},{"type":"Feature","properties":{"mesh_id":"mesh-0064-0056","ward_code":"23113","ward_name":"守山区","population":907,"cell_fraction":1.0},"geometry":{"type":"Polygon","coordinates":[[[137.046667,35.253333],[137.050833,35.253333],[137.050833,35.2575],[137.046667,35.2575],[137.046667,35.253333]]]}},{"type":"Feature","properties":{"mesh_id":"mesh-0065-0056","ward_code":"23113","ward_name":"守山区","population":454,"cell_fraction":0.5},"geometry":{"type":"Polygon","coordinates":[[[137.050833,35.253333],[137.055,35.253333],[137.055,35.2575],[137.050833,35.2575],[137.050833,35.253333]]]}},{"type":"Feature","properties":{"mesh_id":"mesh-0059-0057","ward_code":"23113","ward_name":"守山区","population":227,"cell_fraction":0.25},"geometry":{"type":"Polygon","coordinates":[[[137.025833,35.2575],[137.03,35.2575],[137.03,35.261667],[137.025833,35.261667],[137.025833,35.2575]]]}},{"type":"Feature","properties":{"mesh_id":"mesh-0060-0057","ward_code":"23113","ward_name":"守山区","population":454,"cell_fraction":0.5},"geometry":{"type":"Polygon","coordinates":[[[137.03,35.2575],[137.034167,35.2575],[137.034167,35.261667],[137.03,35.261667],[137.03,35.2575]]]}},{"type":"Feature","properties":{"mesh_id":"mesh-0061-0057","ward_code":"23113","ward_name":"守山区","population":227,"cell_fraction":0.25},"geometry":{"type":"Polygon","coordinates":[[[137.034167,35.2575],[137.038333,35.2575],[137.038333,35.261667],[137.034167,35.261667],[137.034167,35.2575]]]}},{"type":"Feature","properties":{"mesh_id":"mesh-0062-0057","ward_code":"23113","ward_name":"守山区","population":454,"cell_fraction":0.5},"geometry":{"type":"Polygon","coordinates":[[[137.038333,35.2575],[137.0425,35.2575],[137.0425,35.261667],[137.038333,35.261667],[137.038333,35.2575]]]}},{"type":"Feature","properties":{"mesh_id":"mesh-0063-0057","ward_code":"23113","ward_name":"守山区","population":454,"cell_fraction":0.5},"geometry":{"type":"Polygon","coordinates":[[[137.0425,35.2575],[137.046667,35.2575],[137.046667,35.261667],[137.0425,35.261667],[137.0425,35.2575]]]}},{"type":"Feature","properties":{"mesh_id":"mesh-0064-0057","ward_code":"23113","ward_name":"守山区","population":454,"cell_fraction":0.5},"geometry":{"type":"Polygon","coordinates":[[[137.046667,35.2575],[137.050833,35.2575],[137.050833,35.261667],[137.046667,35.261667],[137.046667,35.2575]]]}},{"type":"Feature","properties":{"mesh_id":"mesh-0065-0057","ward_code":"23113","ward_name":"守山区","population":227,"cell_fraction":0.25},"geometry":{"type":"Polygon","coordinates":[[[137.050833,35.2575],[137.055,35.2575],[137.055,35.261667],[137.050833,35.261667],[137.050833,35.2575]]]}},{"type":"Feature","properties":{"mesh_id":"mesh-0043-0004","ward_code":"23114","ward_name":"緑区","population":288,"cell_fraction":0.25},"geometry":{"type":"Polygon","coordinates":[[[136.959167,35.036667],[136.963333,35.036667],[136.963333,35.040833],[136.959167,35.040833],[136.959167,35.036667]]]}},{"type":"Feature","properties":{"mesh_id":"mesh-0043-0005","ward_code":"23114","ward_name":"緑区","population":863,"cell_fraction":0.75},"geometry":{"type":"Polygon","coordinates":[[[136.959167,35.040833],[136.963333,35.040833],[136.963333,35.045],[136.959167,35.045],[136.959167,35.040833]]]}},{"type":"Feature","properties":{"mesh_id":"mesh-0044-0005","ward_code":"23114","ward_name":"緑区","population":575,"cell_fraction":0.5},"geometry":{"type":"Polygon","coordinates":[[[136.963333,35.040833],[136.9675,35.040833],[136.9675,35.045],[136.963333,35.045],[136.963333,35.040833]]]}},{"type":"Feature","properties":{"mesh_id":"mesh-0045-0005","ward_code":"23114","ward_name":"緑区","population":575,"cell_fraction":0.5},"geometry":{"type":"Polygon","coordinates":[[[136.9675,35.040833],[136.971667,35.040833],[136.971667,35.045],[136.9675,35.045],[136.9675,35.040833]]]}},{"type":"Feature","properties":{"mesh_id":"mesh-0039-0006","ward_code":"23114","ward_name":"緑区","population":863,"cell_fraction":0.75},"geometry":{"type":"Polygon","coordinates":[[[136.9425,35.045],[136.946667,35.045],[136.946667,35.049167],[136.9425,35.049167],[136.9425,35.045]]]}},{"type":"Feature","properties":{"mesh_id":"mesh-0040-0006","ward_code":"23114","ward_name":"緑区","population":1151,"cell_fraction":1.0},"geometry":{"type":"Polygon","coordinates":[[[136.946667,35.045],[136.950833,35.045],[136.950833,35.049167],[136.946667,35.049167],[136.946667,35.045]]]}},{"type":"Feature","properties":{"mesh_id":"mesh-0041-0006","ward_code":"23114","ward_name":"緑区","population":1151,"cell_fraction":1.0},"geometry":{"type":"Polygon","coordinates":[[[136.950833,35.045],[136.955,35.045],[136.955,35.049167],[136.950833,35.049167],[136.950833,35.045]]]}},{"type":"Feature","properties":{"mesh_id":"mesh-0042-0006","ward_code":"23114","ward_name":"緑区","population":575,"cell_fraction":0.5},"geometry":{"type":"Polygon","coordinates":[[[136.955,35.045],[136.959167,35.045],[136.959167,35.049167],[136.955,35.049167],[136.955,35.045]]]}},{"type":"Feature","properties":{"mesh_id":"mesh-0043-0006","ward_code":"23114","ward_name":"緑区","population":1151,"cell_fraction":1.0},"geometry":{"type":"Polygon","coordinates":[[[136.959167,35.045],[136.963333,35.045],[136.963333,35.049167],[136.959167,35.049167],[136.959167,35.045]]]}},{"type":"Feature","properties":{"mesh_id":"mesh-0044-0006","ward_code":"23114","ward_name":"緑区","population":1151,"cell_fraction":1.0},"geometry":{"type":"Polygon","coordinates":[[[136.963333,35.045],[136.9675,35.045],[136.9675,35.049167],[136.963333,35.049167],[136.963333,35.045]]]}},{"type":"Feature","properties":{"mesh_id":"mesh-0045-0006","ward_code":"23114","ward_name":"緑区","population":1151,"cell_fraction":1.0},"geometry":{"type":"Polygon","coordinates":[[[136.9675,35.045],[136.971667,35.045],[136.971667,35.049167],[136.9675,35.049167],[136.9675,35.045]]]}},{"type":"Feature","properties":{"mesh_id":"mesh-0046-0006","ward_code":"23114","ward_name":"緑区","population":575,"cell_fraction":0.5},"geometry":{"type":"Polygon","coordinates":[[[136.971667,35.045],[136.975833,35.045],[136.975833,35.049167],[136.971667,35.049167],[136.971667,35.045]]]}},{"type":"Feature","properties":{"mesh_id":"mesh-0035-0007","ward_code":"23114","ward_name":"緑区","population":288,"cell_fraction":0.25},"geometry":{"type":"Polygon","coordinates":[[[136.925833,35.049167],[136.93,35.049167],[136.93,35.053333],[136.925833,35.053333],[136.925833,35.049167]]]}},{"type":"Feature","properties":{"mesh_id":"mesh-0036-0007","ward_code":"23114","ward_name":"緑区","population":863,"cell_fraction":0.75},"geometry":{"type":"Polygon","coordinates":[[[136.93,35.049167],[136.934167,35.049167],[136.934167,35.053333],[136.93,35.053333],[136.93,35.049167]]]}},{"type":"Feature","properties":{"mesh_id":"mesh-0037-0007","ward_code":"23114","ward_name":"緑区","population":288,"cell_fraction":0.25},"geometry":{"type":"Polygon","coordinates":[[[136.934167,35.049167],[136.938333,35.049167],[136.938333,35.053333],[136.934167,35.053333],[136.934167,35.049167]]]}},{"type":"Feature","properties":{"mesh_id":"mesh-0038-0007","ward_code":"23114","ward_name":"緑区","population":288,"cell_fraction":0.25},"geometry":{"type":"Polygon","coordinates":[[[136.938333,35.049167],[136.9425,35.049167],[136.9425,35.053333],[136.938333,35.053333],[136.938333,35.049167]]]}},{"type":"Feature","properties":{"mesh_id":"mesh-0039-0007","ward_code":"23114","ward_name":"緑区","population":1151,"cell_fraction":1.0},"geometry":{"type":"Polygon","coordinates":[[[136.9425,35.049167],[136.946667,35.049167],[136.946667,35.053333],[136.9425,35.053333],[136.9425,35.049167]]]}},{"type":"Feature","properties":{"mesh_id":"mesh-0040-0007","ward_code":"23114","ward_name":"緑区","population":1151,"cell_fraction":1.0},"geometry":{"type":"Polygon","coordinates":[[[136.946667,35.049167],[136.950833,35.049167],[136.950833,35.053333],[136.946667,35.053333],[136.946667,35.049167]]]}},{"type":"Feature","properties":{"mesh_id":"mesh-0041-0007","ward_code":"23114","ward_name":"緑区","population":1151,"cell_fraction":1.0},"geometry":{"type":"Polygon","coordinates":[[[136.950833,35.049167],[136.955,35.049167],[136.955,35.053333],[136.950833,35.053333],[136.950833,35.049167]]]}},{"type":"Feature","properties":{"mesh_id":"mesh-0042-0007","ward_code":"23114","ward_name":"緑区","population":1151,"cell_fraction":1.0},"geometry":{"type":"Polygon","coordinates":[[[136.955,35.049167],[136.959167,35.049167],[136.959167,35.053333],[136.955,35.053333],[136.955,35.049167]]]}},{"type":"Feature","properties":{"mesh_id":"mesh-0043-0007","ward_code":"23114","ward_name":"緑区","population":1151,"cell_fraction":1.0},"geometry":{"type":"Polygon","coordinates":[[[136.959167,35.049167],[136.963333,35.049167],[136.963333,35.053333],[136.959167,35.053333],[136.959167,35.049167]]]}},{"type":"Feature","properties":{"mesh_id":"mesh-0044-0007","ward_code":"23114","ward_name":"緑区","population":1151,"cell_fraction":1.0},"geometry":{"type":"Polygon","coordinates":[[[136.963333,35.049167],[136.9675,35.049167],[136.9675,35.053333],[136.963333,35.053333],[136.963333,35.049167]]]}},{"type":"Feature","properties":{"mesh_id":"mesh-0045-0007","ward_code":"23114","ward_name":"緑区","population":1151,"cell_fraction":1.0},"geometry":{"type":"Polygon","coordinates":[[[136.9675,35.049167],[136.971667,35.049167],[136.971667,35.053333],[136.9675,35.053333],[136.9675,35.049167]]]}},{"type":"Feature","properties":{"mesh_id":"mesh-0046-0007","ward_code":"23114","ward_name":"緑区","population":863,"cell_fraction":0.75},"geometry":{"type":"Polygon","coordinates":[[[136.971667,35.049167],[136.975833,35.049167],[136.975833,35.053333],[136.971667,35.053333],[136.971667,35.049167]]]}},{"type":"Feature","properties":{"mesh_id":"mesh-0035-0008","ward_code":"23114","ward_name":"緑区","population":575,"cell_fraction":0.5},"geometry":{"type":"Polygon","coordinates":[[[136.925833,35.053333],[136.93,35.053333],[136.93,35.0575],[136.925833,35.0575],[136.925833,35.053333]]]}},{"type":"Feature","properties":{"mesh_id":"mesh-0036-0008","ward_code":"23114","ward_name":"緑区","population":1151,"cell_fraction":1.0},"geometry":{"type":"Polygon","coordinates":[[[136.93,35.053333],[136.934167,35.053333],[136.934167,35.0575],[136.93,35.0575],[136.93,35.053333]]]}},{"type":"Feature","properties":{"mesh_id":"mesh-0037-0008","ward_code":"23114","ward_name":"緑区","population":1151,"cell_fraction":1.0},"geometry":{"type":"Polygon","coordinates":[[[136.934167,35.053333],[136.938333,35.053333],[136.938333,35.0575],[136.934167,35.0575],[136.934167,35.053333]]]}},{"type":"Feature","properties":{"mesh_id":"mesh-0038-0008","ward_code":"23114","ward_name":"緑区","population":1151,"cell_fraction":1.0},"geometry":{"type":"Polygon","coordinates":[[[136.938333,35.053333],[136.9425,35.053333],[136.9425,35.0575],[136.938333,35.0575],[136.938333,35.053333]]]}},{"type":"Feature","properties":{"mesh_id":"mesh-0039-0008","ward_code":"23114","ward_name":"緑区","population":1151,"cell_fraction":1.0},"geometry":{"type":"Polygon","coordinates":[[[136.9425,35.053333],[136.946667,35.053333],[136.946667,35.0575],[136.9425,35.0575],[136.9425,35.053333]]]}},{"type":"Feature","properties":{"mesh_id":"mesh-0040-0008","ward_code":"23114","ward_name":"緑区","population":1151,"cell_fraction":1.0},"geometry":{"type":"Polygon","coordinates":[[[136.946667,35.053333],[136.950833,35.053333],[136.950833,35.0575],[136.946667,35.0575],[136.946667,35.053333]]]}},{"type":"Feature","properties":{"mesh_id":"mesh-0041-0008","ward_code":"23114","ward_name":"緑区","population":1151,"cell_fraction":1.0},"geometry":{"type":"Polygon","coordinates":[[[136.950833,35.053333],[136.955,35.053333],[136.955,35.0575],[136.950833,35.0575],[136.950833,35.053333]]]}},{"type":"Feature","properties":{"mesh_id":"mesh-0042-0008","ward_code":"23114","ward_name":"緑区","population":1151,"cell_fraction":1.0},"geometry":{"type":"Polygon","coordinates":[[[136.955,35.053333],[136.959167,35.053333],[136.959167,35.0575],[136.955,35.0575],[136.955,35.053333]]]}},{"type":"Feature","properties":{"mesh_id":"mesh-0043-0008","ward_code":"23114","ward_name":"緑区","population":1151,"cell_fraction":1.0},"geometry":{"type":"Polygon","coordinates":[[[136.959167,35.053333],[136.963333,35.053333],[136.963333,35.0575],[136.959167,35.0575],[136.959167,35.053333]]]}},{"type":"Feature","properties":{"mesh_id":"mesh-0044-0008","ward_code":"23114","ward_name":"緑区","population":1151,"cell_fraction":1.0},"geometry":{"type":"Polygon","coordinates":[[[136.963333,35.053333],[136.9675,35.053333],[136.9675,35.0575],[136.963333,35.0575],[136.963333,35.053333]]]}},{"type":"Feature","properties":{"mesh_id":"mesh-0045-0008","ward_code":"23114","ward_name":"緑区","population":1151,"cell_fraction":1.0},"geometry":{"type":"Polygon","coordinates":[[[136.9675,35.053333],[136.971667,35.053333],[136.971667,35.0575],[136.9675,35.0575],[136.9675,35.053333]]]}},{"type":"Feature","properties":{"mesh_id":"mesh-0046-0008","ward_code":"23114","ward_name":"緑区","population":288,"cell_fraction":0.25},"geometry":{"type":"Polygon","coordinates":[[[136.971667,35.053333],[136.975833,35.053333],[136.975833,35.0575],[136.971667,35.0575],[136.971667,35.053333]]]}},{"type":"Feature","properties":{"mesh_id":"mesh-0034-0009","ward_code":"23114","ward_name":"緑区","population":575,"cell_fraction":0.5},"geometry":{"type":"Polygon","coordinates":[[[136.921667,35.0575],[136.925833,35.0575],[136.925833,35.061667],[136.921667,35.061667],[136.921667,35.0575]]]}},{"type":"Feature","properties":{"mesh_id":"mesh-0035-0009","ward_code":"23114","ward_name":"緑区","population":1151,"cell_fraction":1.0},"geometry":{"type":"Polygon","coordinates":[[[136.925833,35.0575],[136.93,35.0575],[136.93,35.061667],[136.925833,35.061667],[136.925833,35.0575]]]}},{"type":"Feature","properties":{"mesh_id":"mesh-0036-0009","ward_code":"23114","ward_name":"緑区","population":1151,"cell_fraction":1.0},"geometry":{"type":"Polygon","coordinates":[[[136.93,35.0575],[136.934167,35.0575],[136.934167,35.061667],[136.93,35.061667],[136.93,35.0575]]]}},{"type":"Feature","properties":{"mesh_id":"mesh-0037-0009","ward_code":"23114","ward_name":"緑区","population":1151,"cell_fraction":1.0},"geometry":{"type":"Polygon","coordinates":[[[136.934167,35.0575],[136.938333,35.0575],[136.938333,35.061667],[136.934167,35.061667],[136.934167,35.0575]]]}},{"type":"Feature","properties":{"mesh_id":"mesh-0038-0009","ward_code":"23114","ward_name":"緑区","population":1151,"cell_fraction":1.0},"geometry":{"type":"Polygon","coordinates":[[[136.938333,35.0575],[136.9425,35.0575],[136.9425,35.061667],[136.938333,35.061667],[136.938333,35.0575]]]}},{"type":"Feature","properties":{"mesh_id":"mesh-0039-0009","ward_code":"23114","ward_name":"緑区","population":1151,"cell_fraction":1.0},"geometry":{"type":"Polygon","coordinates":[[[136.9425,35.0575],[136.946667,35.0575],[136.946667,35.061667],[136.9425,35.061667],[136.9425,35.0575]]]}},{"type":"Feature","properties":{"mesh_id":"mesh-0040-0009","ward_code":"23114","ward_name":"緑区","population":1151,"cell_fraction":1.0},"geometry":{"type":"Polygon","coordinates":[[[136.946667,35.0575],[136.950833,35.0575],[136.950833,35.061667],[136.946667,35.061667],[136.946667,35.0575]]]}},{"type":"Feature","properties":{"mesh_id":"mesh-0041-0009","ward_code":"23114","ward_name":"緑区","population":1151,"cell_fraction":1.0},"geometry":{"type":"Polygon","coordinates":[[[136.950833,35.0575],[136.955,35.0575],[136.955,35.061667],[136.950833,35.061667],[136.950833,35.0575]]]}},{"type":"Feature","properties":{"mesh_id":"mesh-0042-0009","ward_code":"23114","ward_name":"緑区","population":1151,"cell_fraction":1.0},"geometry":{"type":"Polygon","coordinates":[[[136.955,35.0575],[136.959167,35.0575],[136.959167,35.061667],[136.955,35.061667],[136.955,35.0575]]]}},{"type":"Feature","properties":{"mesh_id":"mesh-0043-0009","ward_code":"23114","ward_name":"緑区","population":1151,"cell_fraction":1.0},"geometry":{"type":"Polygon","coordinates":[[[136.959167,35.0575],[136.963333,35.0575],[136.963333,35.061667],[136.959167,35.061667],[136.959167,35.0575]]]}},{"type":"Feature","properties":{"mesh_id":"mesh-0044-0009","ward_code":"23114","ward_name":"緑区","population":1151,"cell_fraction":1.0},"geometry":{"type":"Polygon","coordinates":[[[136.963333,35.0575],[136.9675,35.0575],[136.9675,35.061667],[136.963333,35.061667],[136.963333,35.0575]]]}},{"type":"Feature","properties":{"mesh_id":"mesh-0045-0009","ward_code":"23114","ward_name":"緑区","population":1151,"cell_fraction":1.0},"geometry":{"type":"Polygon","coordinates":[[[136.9675,35.0575],[136.971667,35.0575],[136.971667,35.061667],[136.9675,35.061667],[136.9675,35.0575]]]}},{"type":"Feature","properties":{"mesh_id":"mesh-0046-0009","ward_code":"23114","ward_name":"緑区","population":863,"cell_fraction":0.75},"geometry":{"type":"Polygon","coordinates":[[[136.971667,35.0575],[136.975833,35.0575],[136.975833,35.061667],[136.971667,35.061667],[136.971667,35.0575]]]}},{"type":"Feature","properties":{"mesh_id":"mesh-0049-0009","ward_code":"23114","ward_name":"緑区","population":288,"cell_fraction":0.25},"geometry":{"type":"Polygon","coordinates":[[[136.984167,35.0575],[136.988333,35.0575],[136.988333,35.061667],[136.984167,35.061667],[136.984167,35.0575]]]}},{"type":"Feature","properties":{"mesh_id":"mesh-0032-0010","ward_code":"23114","ward_name":"緑区","population":575,"cell_fraction":0.5},"geometry":{"type":"Polygon","coordinates":[[[136.913333,35.061667],[136.9175,35.061667],[136.9175,35.065833],[136.913333,35.065833],[136.913333,35.061667]]]}},{"type":"Feature","properties":{"mesh_id":"mesh-0033-0010","ward_code":"23114","ward_name":"緑区","population":863,"cell_fraction":0.75},"geometry":{"type":"Polygon","coordinates":[[[136.9175,35.061667],[136.921667,35.061667],[136.921667,35.065833],[136.9175,35.065833],[136.9175,35.061667]]]}},{"type":"Feature","properties":{"mesh_id":"mesh-0034-0010","ward_code":"23114","ward_name":"緑区","population":863,"cell_fraction":0.75},"geometry":{"type":"Polygon","coordinates":[[[136.921667,35.061667],[136.925833,35.061667],[136.925833,35.065833],[136.921667,35.065833],[136.921667,35.061667]]]}},{"type":"Feature","properties":{"mesh_id":"mesh-0035-0010","ward_code":"23114","ward_name":"緑区","population":1151,"cell_fraction":1.0},"geometry":{"type":"Polygon","coordinates":[[[136.925833,35.061667],[136.93,35.061667],[136.93,35.065833],[136.925833,35.065833],[136.925833,35.061667]]]}},{"type":"Feature","properties":{"mesh_id":"mesh-0036-0010","ward_code":"23114","ward_name":"緑区","population":1151,"cell_fraction":1.0},"geometry":{"type":"Polygon","coordinates":[[[136.93,35.061667],[136.934167,35.061667],[136.934167,35.065833],[136.93,35.065833],[136.93,35.061667]]]}},{"type":"Feature","properties":{"mesh_id":"mesh-0037-0010","ward_code":"23114","ward_name":"緑区","population":1151,"cell_fraction":1.0},"geometry":{"type":"Polygon","coordinates":[[[136.934167,35.061667],[136.938333,35.061667],[136.938333,35.065833],[136.934167,35.065833],[136.934167,35.061667]]]}},{"type":"Feature","properties":{"mesh_id":"mesh-0038-0010","ward_code":"23114","ward_name":"緑区","population":1151,"cell_fraction":1.0},"geometry":{"type":"Polygon","coordinates":[[[136.938333,35.061667],[136.9425,35.061667],[136.9425,35.065833],[136.938333,35.065833],[136.938333,35.061667]]]}},{"type":"Feature","properties":{"mesh_id":"mesh-0039-0010","ward_code":"23114","ward_name":"緑区","population":1151,"cell_fraction":1.0},"geometry":{"type":"Polygon","coordinates":[[[136.9425,35.061667],[136.946667,35.061667],[136.946667,35.065833],[136.9425,35.065833],[136.9425,35.061667]]]}},{"type":"Feature","properties":{"mesh_id":"mesh-0040-0010","ward_code":"23114","ward_name":"緑区","population":1151,"cell_fraction":1.0},"geometry":{"type":"Polygon","coordinates":[[[136.946667,35.061667],[136.950833,35.061667],[136.950833,35.065833],[136.946667,35.065833],[136.946667,35.061667]]]}},{"type":"Feature","properties":{"mesh_id":"mesh-0041-0010","ward_code":"23114","ward_name":"緑区","population":1151,"cell_fraction":1.0},"geometry":{"type":"Polygon","coordinates":[[[136.950833,35.061667],[136.955,35.061667],[136.955,35.065833],[136.950833,35.065833],[136.950833,35.061667]]]}},{"type":"Feature","properties":{"mesh_id":"mesh-0042-0010","ward_code":"23114","ward_name":"緑区","population":1151,"cell_fraction":1.0},"geometry":{"type":"Polygon","coordinates":[[[136.955,35.061667],[136.959167,35.061667],[136.959167,35.065833],[136.955,35.065833],[136.955,35.061667]]]}},{"type":"Feature","properties":{"mesh_id":"mesh-0043-0010","ward_code":"23114","ward_name":"緑区","population":1151,"cell_fraction":1.0},"geometry":{"type":"Polygon","coordinates":[[[136.959167,35.061667],[136.963333,35.061667],[136.963333,35.065833],[136.959167,35.065833],[136.959167,35.061667]]]}},{"type":"Feature","properties":{"mesh_id":"mesh-0044-0010","ward_code":"23114","ward_name":"緑区","population":1151,"cell_fraction":1.0},"geometry":{"type":"Polygon","coordinates":[[[136.963333,35.061667],[136.9675,35.061667],[136.9675,35.065833],[136.963333,35.065833],[136.963333,35.061667]]]}},{"type":"Feature","properties":{"mesh_id":"mesh-0045-0010","ward_code":"23114","ward_name":"緑区","population":1151,"cell_fraction":1.0},"geometry":{"type":"Polygon","coordinates":[[[136.9675,35.061667],[136.971667,35.061667],[136.971667,35.065833],[136.9675,35.065833],[136.9675,35.061667]]]}},{"type":"Feature","properties":{"mesh_id":"mesh-0046-0010","ward_code":"23114","ward_name":"緑区","population":863,"cell_fraction":0.75},"geometry":{"type":"Polygon","coordinates":[[[136.971667,35.061667],[136.975833,35.061667],[136.975833,35.065833],[136.971667,35.065833],[136.971667,35.061667]]]}},{"type":"Feature","properties":{"mesh_id":"mesh-0047-0010","ward_code":"23114","ward_name":"緑区","population":1151,"cell_fraction":1.0},"geometry":{"type":"Polygon","coordinates":[[[136.975833,35.061667],[136.98,35.061667],[136.98,35.065833],[136.975833,35.065833],[136.975833,35.061667]]]}},{"type":"Feature","properties":{"mesh_id":"mesh-0048-0010","ward_code":"23114","ward_name":"緑区","population":1151,"cell_fraction":1.0},"geometry":{"type":"Polygon","coordinates":[[[136.98,35.061667],[136.984167,35.061667],[136.984167,35.065833],[136.98,35.065833],[136.98,35.061667]]]}},{"type":"Feature","properties":{"mesh_id":"mesh-0049-0010","ward_code":"23114","ward_name":"緑区","population":575,"cell_fraction":0.5},"geometry":{"type":"Polygon","coordinates":[[[136.984167,35.061667],[136.988333,35.061667],[136.988333,35.065833],[136.984167,35.065833],[136.984167,35.061667]]]}},{"type":"Feature","properties":{"mesh_id":"mesh-0031-0011","ward_code":"23114","ward_name":"緑区","population":288,"cell_fraction":0.25},"geometry":{"type":"Polygon","coordinates":[[[136.909167,35.065833],[136.913333,35.065833],[136.913333,35.07],[136.909167,35.07],[136.909167,35.065833]]]}},{"type":"Feature","properties":{"mesh_id":"mesh-0032-0011","ward_code":"23114","ward_name":"緑区","population":1151,"cell_fraction":1.0},"geometry":{"type":"Polygon","coordinates":[[[136.913333,35.065833],[136.9175,35.065833],[136.9175,35.07],[136.913333,35.07],[136.913333,35.065833]]]}},{"type":"Feature","properties":{"mesh_id":"mesh-0033-0011","ward_code":"23114","ward_name":"緑区","population":1151,"cell_fraction":1.0},"geometry":{"type":"Polygon","coordinates":[[[136.9175,35.065833],[136.921667,35.065833],[136.921667,35.07],[136.9175,35.07],[136.9175,35.065833]]]}},{"type":"Feature","properties":{"mesh_id":"mesh-0034-0011","ward_code":"23114","ward_name":"緑区","population":1151,"cell_fraction":1.0},"geometry":{"type":"Polygon","coordinates":[[[136.921667,35.065833],[136.925833,35.065833],[136.925833,35.07],[136.921667,35.07],[136.921667,35.065833]]]}},{"type":"Feature","properties":{"mesh_id":"mesh-0035-0011","ward_code":"23114","ward_name":"緑区","population":1151,"cell_fraction":1.0},"geometry":{"type":"Polygon","coordinates":[[[136.925833,35.065833],[136.93,35.065833],[136.93,35.07],[136.925833,35.07],[136.925833,35.065833]]]}},{"type":"Feature","properties":{"mesh_id":"mesh-0036-0011","ward_code":"23114","ward_name":"緑区","population":1151,"cell_fraction":1.0},"geometry":{"type":"Polygon","coordinates":[[[136.93,35.065833],[136.934167,35.065833],[136.934167,35.07],[136.93,35.07],[136.93,35.065833]]]}},{"type":"Feature","properties":{"mesh_id":"mesh-0037-0011","ward_code":"23114","ward_name":"緑区","population":1151,"cell_fraction":1.0},"geometry":{"type":"Polygon","coordinates":[[[136.934167,35.065833],[136.938333,35.065833],[136.938333,35.07],[136.934167,35.07],[136.934167,35.065833]]]}},{"type":"Feature","properties":{"mesh_id":"mesh-0038-0011","ward_code":"23114","ward_name":"緑区","population":1151,"cell_fraction":1.0},"geometry":{"type":"Polygon","coordinates":[[[136.938333,35.065833],[136.9425,35.065833],[136.9425,35.07],[136.938333,35.07],[136.938333,35.065833]]]}},{"type":"Feature","properties":{"mesh_id":"mesh-0039-0011","ward_code":"23114","ward_name":"緑区","population":1151,"cell_fraction":1.0},"geometry":{"type":"Polygon","coordinates":[[[136.9425,35.065833],[136.946667,35.065833],[136.946667,35.07],[136.9425,35.07],[136.9425,35.065833]]]}},{"type":"Feature","properties":{"mesh_id":"mesh-0040-0011","ward_code":"23114","ward_name":"緑区","population":1151,"cell_fraction":1.0},"geometry":{"type":"Polygon","coordinates":[[[136.946667,35.065833],[136.950833,35.065833],[136.950833,35.07],[136.946667,35.07],[136.946667,35.065833]]]}},{"type":"Feature","properties":{"mesh_id":"mesh-0041-0011","ward_code":"23114","ward_name":"緑区","population":1151,"cell_fraction":1.0},"geometry":{"type":"Polygon","coordinates":[[[136.950833,35.065833],[136.955,35.065833],[136.955,35.07],[136.950833,35.07],[136.950833,35.065833]]]}},{"type":"Feature","properties":{"mesh_id":"mesh-0042-0011","ward_code":"23114","ward_name":"緑区","population":1151,"cell_fraction":1.0},"geometry":{"type":"Polygon","coordinates":[[[136.955,35.065833],[136.959167,35.065833],[136.959167,35.07],[136.955,35.07],[136.955,35.065833]]]}},{"type":"Feature","properties":{"mesh_id":"mesh-0043-0011","ward_code":"23114","ward_name":"緑区","population":1151,"cell_fraction":1.0},"geometry":{"type":"Polygon","coordinates":[[[136.959167,35.065833],[136.963333,35.065833],[136.963333,35.07],[136.959167,35.07],[136.959167,35.065833]]]}},{"type":"Feature","properties":{"mesh_id":"mesh-0044-0011","ward_code":"23114","ward_name":"緑区","population":1151,"cell_fraction":1.0},"geometry":{"type":"Polygon","coordinates":[[[136.963333,35.065833],[136.9675,35.065833],[136.9675,35.07],[136.963333,35.07],[136.963333,35.065833]]]}},{"type":"Feature","properties":{"mesh_id":"mesh-0045-0011","ward_code":"23114","ward_name":"緑区","population":1151,"cell_fraction":1.0},"geometry":{"type":"Polygon","coordinates":[[[136.9675,35.065833],[136.971667,35.065833],[136.971667,35.07],[136.9675,35.07],[136.9675,35.065833]]]}},{"type":"Feature","properties":{"mesh_id":"mesh-0046-0011","ward_code":"23114","ward_name":"緑区","population":1151,"cell_fraction":1.0},"geometry":{"type":"Polygon","coordinates":[[[136.971667,35.065833],[136.975833,35.065833],[136.975833,35.07],[136.971667,35.07],[136.971667,35.065833]]]}},{"type":"Feature","properties":{"mesh_id":"mesh-0047-0011","ward_code":"23114","ward_name":"緑区","population":1151,"cell_fraction":1.0},"geometry":{"type":"Polygon","coordinates":[[[136.975833,35.065833],[136.98,35.065833],[136.98,35.07],[136.975833,35.07],[136.975833,35.065833]]]}},{"type":"Feature","properties":{"mesh_id":"mesh-0048-0011","ward_code":"23114","ward_name":"緑区","population":1151,"cell_fraction":1.0},"geometry":{"type":"Polygon","coordinates":[[[136.98,35.065833],[136.984167,35.065833],[136.984167,35.07],[136.98,35.07],[136.98,35.065833]]]}},{"type":"Feature","properties":{"mesh_id":"mesh-0049-0011","ward_code":"23114","ward_name":"緑区","population":863,"cell_fraction":0.75},"geometry":{"type":"Polygon","coordinates":[[[136.984167,35.065833],[136.988333,35.065833],[136.988333,35.07],[136.984167,35.07],[136.984167,35.065833]]]}},{"type":"Feature","properties":{"mesh_id":"mesh-0036-0012","ward_code":"23114","ward_name":"緑区","population":288,"cell_fraction":0.25},"geometry":{"type":"Polygon","coordinates":[[[136.93,35.07],[136.934167,35.07],[136.934167,35.074167],[136.93,35.074167],[136.93,35.07]]]}},{"type":"Feature","properties":{"mesh_id":"mesh-0037-0012","ward_code":"23114","ward_name":"緑区","population":1151,"cell_fraction":1.0},"geometry":{"type":"Polygon","coordinates":[[[136.934167,35.07],[136.938333,35.07],[136.938333,35.074167],[136.934167,35.074167],[136.934167,35.07]]]}},{"type":"Feature","properties":{"mesh_id":"mesh-0038-0012","ward_code":"23114","ward_name":"緑区","population":1151,"cell_fraction":1.0},"geometry":{"type":"Polygon","coordinates":[[[136.938333,35.07],[136.9425,35.07],[136.9425,35.074167],[136.938333,35.074167],[136.938333,35.07]]]}},{"type":"Feature","properties":{"mesh_id":"mesh-0039-0012","ward_code":"23114","ward_name":"緑区","population":1151,"cell_fraction":1.0},"geometry":{"type":"Polygon","coordinates":[[[136.9425,35.07],[136.946667,35.07],[136.946667,35.074167],[136.9425,35.074167],[136.9425,35.07]]]}},{"type":"Feature","properties":{"mesh_id":"mesh-0040-0012","ward_code":"23114","ward_name":"緑区","population":1151,"cell_fraction":1.0},"geometry":{"type":"Polygon","coordinates":[[[136.946667,35.07],[136.950833,35.07],[136.950833,35.074167],[136.946667,35.074167],[136.946667,35.07]]]}},{"type":"Feature","properties":{"mesh_id":"mesh-0041-0012","ward_code":"23114","ward_name":"緑区","population":1151,"cell_fraction":1.0},"geometry":{"type":"Polygon","coordinates":[[[136.950833,35.07],[136.955,35.07],[136.955,35.074167],[136.950833,35.074167],[136.950833,35.07]]]}},{"type":"Feature","properties":{"mesh_id":"mesh-0042-0012","ward_code":"23114","ward_name":"緑区","population":1151,"cell_fraction":1.0},"geometry":{"type":"Polygon","coordinates":[[[136.955,35.07],[136.959167,35.07],[136.959167,35.074167],[136.955,35.074167],[136.955,35.07]]]}},{"type":"Feature","properties":{"mesh_id":"mesh-0043-0012","ward_code":"23114","ward_name":"緑区","population":1151,"cell_fraction":1.0},"geometry":{"type":"Polygon","coordinates":[[[136.959167,35.07],[136.963333,35.07],[136.963333,35.074167],[136.959167,35.074167],[136.959167,35.07]]]}},{"type":"Feature","properties":{"mesh_id":"mesh-0044-0012","ward_code":"23114","ward_name":"緑区","population":1151,"cell_fraction":1.0},"geometry":{"type":"Polygon","coordinates":[[[136.963333,35.07],[136.9675,35.07],[136.9675,35.074167],[136.963333,35.074167],[136.963333,35.07]]]}},{"type":"Feature","properties":{"mesh_id":"mesh-0045-0012","ward_code":"23114","ward_name":"緑区","population":1151,"cell_fraction":1.0},"geometry":{"type":"Polygon","coordinates":[[[136.9675,35.07],[136.971667,35.07],[136.971667,35.074167],[136.9675,35.074167],[136.9675,35.07]]]}},{"type":"Feature","properties":{"mesh_id":"mesh-0046-0012","ward_code":"23114","ward_name":"緑区","population":1151,"cell_fraction":1.0},"geometry":{"type":"Polygon","coordinates":[[[136.971667,35.07],[136.975833,35.07],[136.975833,35.074167],[136.971667,35.074167],[136.971667,35.07]]]}},{"type":"Feature","properties":{"mesh_id":"mesh-0047-0012","ward_code":"23114","ward_name":"緑区","population":1151,"cell_fraction":1.0},"geometry":{"type":"Polygon","coordinates":[[[136.975833,35.07],[136.98,35.07],[136.98,35.074167],[136.975833,35.074167],[136.975833,35.07]]]}},{"type":"Feature","properties":{"mesh_id":"mesh-0048-0012","ward_code":"23114","ward_name":"緑区","population":1151,"cell_fraction":1.0},"geometry":{"type":"Polygon","coordinates":[[[136.98,35.07],[136.984167,35.07],[136.984167,35.074167],[136.98,35.074167],[136.98,35.07]]]}},{"type":"Feature","properties":{"mesh_id":"mesh-0049-0012","ward_code":"23114","ward_name":"緑区","population":1151,"cell_fraction":1.0},"geometry":{"type":"Polygon","coordinates":[[[136.984167,35.07],[136.988333,35.07],[136.988333,35.074167],[136.984167,35.074167],[136.984167,35.07]]]}},{"type":"Feature","properties":{"mesh_id":"mesh-0050-0012","ward_code":"23114","ward_name":"緑区","population":288,"cell_fraction":0.25},"geometry":{"type":"Polygon","coordinates":[[[136.988333,35.07],[136.9925,35.07],[136.9925,35.074167],[136.988333,35.074167],[136.988333,35.07]]]}},{"type":"Feature","properties":{"mesh_id":"mesh-0051-0012","ward_code":"23114","ward_name":"緑区","population":575,"cell_fraction":0.5},"geometry":{"type":"Polygon","coordinates":[[[136.9925,35.07],[136.996667,35.07],[136.996667,35.074167],[136.9925,35.074167],[136.9925,35.07]]]}},{"type":"Feature","properties":{"mesh_id":"mesh-0052-0012","ward_code":"23114","ward_name":"緑区","population":288,"cell_fraction":0.25},"geometry":{"type":"Polygon","coordinates":[[[136.996667,35.07],[137.000833,35.07],[137.000833,35.074167],[136.996667,35.074167],[136.996667,35.07]]]}},{"type":"Feature","properties":{"mesh_id":"mesh-0053-0012","ward_code":"23114","ward_name":"緑区","population":575,"cell_fraction":0.5},"geometry":{"type":"Polygon","coordinates":[[[137.000833,35.07],[137.005,35.07],[137.005,35.074167],[137.000833,35.074167],[137.000833,35.07]]]}},{"type":"Feature","properties":{"mesh_id":"mesh-0054-0012","ward_code":"23114","ward_name":"緑区","population":288,"cell_fraction":0.25},"geometry":{"type":"Polygon","coordinates":[[[137.005,35.07],[137.009167,35.07],[137.009167,35.074167],[137.005,35.074167],[137.005,35.07]]]}},{"type":"Feature","properties":{"mesh_id":"mesh-0038-0013","ward_code":"23114","ward_name":"緑区","population":863,"cell_fraction":0.75},"geometry":{"type":"Polygon","coordinates":[[[136.938333,35.074167],[136.9425,35.074167],[136.9425,35.078333],[136.938333,35.078333],[136.938333,35.074167]]]}},{"type":"Feature","properties":{"mesh_id":"mesh-0039-0013","ward_code":"23114","ward_name":"緑区","population":1151,"cell_fraction":1.0},"geometry":{"type":"Polygon","coordinates":[[[136.9425,35.074167],[136.946667,35.074167],[136.946667,35.078333],[136.9425,35.078333],[136.9425,35.074167]]]}},{"type":"Feature","properties":{"mesh_id":"mesh-0040-0013","ward_code":"23114","ward_name":"緑区","population":1151,"cell_fraction":1.0},"geometry":{"type":"Polygon","coordinates":[[[136.946667,35.074167],[136.950833,35.074167],[136.950833,35.078333],[136.946667,35.078333],[136.946667,35.074167]]]}},{"type":"Feature","properties":{"mesh_id":"mesh-0041-0013","ward_code":"23114","ward_name":"緑区","population":1151,"cell_fraction":1.0},"geometry":{"type":"Polygon","coordinates":[[[136.950833,35.074167],[136.955,35.074167],[136.955,35.078333],[136.950833,35.078333],[136.950833,35.074167]]]}},{"type":"Feature","properties":{"mesh_id":"mesh-0042-0013","ward_code":"23114","ward_name":"緑区","population":1151,"cell_fraction":1.0},"geometry":{"type":"Polygon","coordinates":[[[136.955,35.074167],[136.959167,35.074167],[136.959167,35.078333],[136.955,35.078333],[136.955,35.074167]]]}},{"type":"Feature","properties":{"mesh_id":"mesh-0043-0013","ward_code":"23114","ward_name":"緑区","population":1151,"cell_fraction":1.0},"geometry":{"type":"Polygon","coordinates":[[[136.959167,35.074167],[136.963333,35.074167],[136.963333,35.078333],[136.959167,35.078333],[136.959167,35.074167]]]}},{"type":"Feature","properties":{"mesh_id":"mesh-0044-0013","ward_code":"23114","ward_name":"緑区","population":1151,"cell_fraction":1.0},"geometry":{"type":"Polygon","coordinates":[[[136.963333,35.074167],[136.9675,35.074167],[136.9675,35.078333],[136.963333,35.078333],[136.963333,35.074167]]]}},{"type":"Feature","properties":{"mesh_id":"mesh-0045-0013","ward_code":"23114","ward_name":"緑区","population":1151,"cell_fraction":1.0},"geometry":{"type":"Polygon","coordinates":[[[136.9675,35.074167],[136.971667,35.074167],[136.971667,35.078333],[136.9675,35.078333],[136.9675,35.074167]]]}},{"type":"Feature","properties":{"mesh_id":"mesh-0046-0013","ward_code":"23114","ward_name":"緑区","population":1151,"cell_fraction":1.0},"geometry":{"type":"Polygon","coordinates":[[[136.971667,35.074167],[136.975833,35.074167],[136.975833,35.078333],[136.971667,35.078333],[136.971667,35.074167]]]}},{"type":"Feature","properties":{"mesh_id":"mesh-0047-0013","ward_code":"23114","ward_name":"緑区","population":1151,"cell_fraction":1.0},"geometry":{"type":"Polygon","coordinates":[[[136.975833,35.074167],[136.98,35.074167],[136.98,35.078333],[136.975833,35.078333],[136.975833,35.074167]]]}},{"type":"Feature","properties":{"mesh_id":"mesh-0048-0013","ward_code":"23114","ward_name":"緑区","population":1151,"cell_fraction":1.0},"geometry":{"type":"Polygon","coordinates":[[[136.98,35.074167],[136.984167,35.074167],[136.984167,35.078333],[136.98,35.078333],[136.98,35.074167]]]}},{"type":"Feature","properties":{"mesh_id":"mesh-0049-0013","ward_code":"23114","ward_name":"緑区","population":1151,"cell_fraction":1.0},"geometry":{"type":"Polygon","coordinates":[[[136.984167,35.074167],[136.988333,35.074167],[136.988333,35.078333],[136.984167,35.078333],[136.984167,35.074167]]]}},{"type":"Feature","properties":{"mesh_id":"mesh-0050-0013","ward_code":"23114","ward_name":"緑区","population":1151,"cell_fraction":1.0},"geometry":{"type":"Polygon","coordinates":[[[136.988333,35.074167],[136.9925,35.074167],[136.9925,35.078333],[136.988333,35.078333],[136.988333,35.074167]]]}},{"type":"Feature","properties":{"mesh_id":"mesh-0051-0013","ward_code":"23114","ward_name":"緑区","population":1151,"cell_fraction":1.0},"geometry":{"type":"Polygon","coordinates":[[[136.9925,35.074167],[136.996667,35.074167],[136.996667,35.078333],[136.9925,35.078333],[136.9925,35.074167]]]}},{"type":"Feature","properties":{"mesh_id":"mesh-0052-0013","ward_code":"23114","ward_name":"緑区","population":1151,"cell_fraction":1.0},"geometry":{"type":"Polygon","coordinates":[[[136.996667,35.074167],[137.000833,35.074167],[137.000833,35.078333],[136.996667,35.078333],[136.996667,35.074167]]]}},{"type":"Feature","properties":{"mesh_id":"mesh-0053-0013","ward_code":"23114","ward_name":"緑区","population":1151,"cell_fraction":1.0},"geometry":{"type":"Polygon","coordinates":[[[137.000833,35.074167],[137.005,35.074167],[137.005,35.078333],[137.000833,35.078333],[137.000833,35.074167]]]}},{"type":"Feature","properties":{"mesh_id":"mesh-0054-0013","ward_code":"23114","ward_name":"緑区","population":1151,"cell_fraction":1.0},"geometry":{"type":"Polygon","coordinates":[[[137.005,35.074167],[137.009167,35.074167],[137.009167,35.078333],[137.005,35.078333],[137.005,35.074167]]]}},{"type":"Feature","properties":{"mesh_id":"mesh-0055-0013","ward_code":"23114","ward_name":"緑区","population":288,"cell_fraction":0.25},"geometry":{"type":"Polygon","coordinates":[[[137.009167,35.074167],[137.013333,35.074167],[137.013333,35.078333],[137.009167,35.078333],[137.009167,35.074167]]]}},{"type":"Feature","properties":{"mesh_id":"mesh-0038-0014","ward_code":"23114","ward_name":"緑区","population":575,"cell_fraction":0.5},"geometry":{"type":"Polygon","coordinates":[[[136.938333,35.078333],[136.9425,35.078333],[136.9425,35.0825],[136.938333,35.0825],[136.938333,35.078333]]]}},{"type":"Feature","properties":{"mesh_id":"mesh-0039-0014","ward_code":"23114","ward_name":"緑区","population":1151,"cell_fraction":1.0},"geometry":{"type":"Polygon","coordinates":[[[136.9425,35.078333],[136.946667,35.078333],[136.946667,35.0825],[136.9425,35.0825],[136.9425,35.078333]]]}},{"type":"Feature","properties":{"mesh_id":"mesh-0040-0014","ward_code":"23114","ward_name":"緑区","population":1151,"cell_fraction":1.0},"geometry":{"type":"Polygon","coordinates":[[[136.946667,35.078333],[136.950833,35.078333],[136.950833,35.0825],[136.946667,35.0825],[136.946667,35.078333]]]}},{"type":"Feature","properties":{"mesh_id":"mesh-0041-0014","ward_code":"23114","ward_name":"緑区","population":1151,"cell_fraction":1.0},"geometry":{"type":"Polygon","coordinates":[[[136.950833,35.078333],[136.955,35.078333],[136.955,35.0825],[136.950833,35.0825],[136.950833,35.078333]]]}},{"type":"Feature","properties":{"mesh_id":"mesh-0042-0014","ward_code":"23114","ward_name":"緑区","population":1151,"cell_fraction":1.0},"geometry":{"type":"Polygon","coordinates":[[[136.955,35.078333],[136.959167,35.078333],[136.959167,35.0825],[136.955,35.0825],[136.955,35.078333]]]}},{"type":"Feature","properties":{"mesh_id":"mesh-0043-0014","ward_code":"23114","ward_name":"緑区","population":1151,"cell_fraction":1.0},"geometry":{"type":"Polygon","coordinates":[[[136.959167,35.078333],[136.963333,35.078333],[136.963333,35.0825],[136.959167,35.0825],[136.959167,35.078333]]]}},{"type":"Feature","properties":{"mesh_id":"mesh-0044-0014","ward_code":"23114","ward_name":"緑区","population":1151,"cell_fraction":1.0},"geometry":{"type":"Polygon","coordinates":[[[136.963333,35.078333],[136.9675,35.078333],[136.9675,35.0825],[136.963333,35.0825],[136.963333,35.078333]]]}},{"type":"Feature","properties":{"mesh_id":"mesh-0045-0014","ward_code":"23114","ward_name":"緑区","population":1150,"cell_fraction":1.0},"geometry":{"type":"Polygon","coordinates":[[[136.9675,35.078333],[136.971667,35.078333],[136.971667,35.0825],[136.9675,35.0825],[136.9675,35.078333]]]}},{"type":"Feature","properties":{"mesh_id":"mesh-0046-0014","ward_code":"23114","ward_name":"緑区","population":1150,"cell_fraction":1.0},"geometry":{"type":"Polygon","coordinates":[[[136.971667,35.078333],[136.975833,35.078333],[136.975833,35.0825],[136.971667,35.0825],[136.971667,35.078333]]]}},{"type":"Feature","properties":{"mesh_id":"mesh-0047-0014","ward_code":"23114","ward_name":"緑区","population":1150,"cell_fraction":1.0},"geometry":{"type":"Polygon","coordinates":[[[136.975833,35.078333],[136.98,35.078333],[136.98,35.0825],[136.975833,35.0825],[136.975833,35.078333]]]}},{"type":"Feature","properties":{"mesh_id":"mesh-0048-0014","ward_code":"23114","ward_name":"緑区","population":1150,"cell_fraction":1.0},"geometry":{"type":"Polygon","coordinates":[[[136.98,35.078333],[136.984167,35.078333],[136.984167,35.0825],[136.98,35.0825],[136.98,35.078333]]]}},{"type":"Feature","properties":{"mesh_id":"mesh-0049-0014","ward_code":"23114","ward_name":"緑区","population":1150,"cell_fraction":1.0},"geometry":{"type":"Polygon","coordinates":[[[136.984167,35.078333],[136.988333,35.078333],[136.988333,35.0825],[136.984167,35.0825],[136.984167,35.078333]]]}},{"type":"Feature","properties":{"mesh_id":"mesh-0050-0014","ward_code":"23114","ward_name":"緑区","population":1150,"cell_fraction":1.0},"geometry":{"type":"Polygon","coordinates":[[[136.988333,35.078333],[136.9925,35.078333],[136.9925,35.0825],[136.988333,35.0825],[136.988333,35.078333]]]}},{"type":"Feature","properties":{"mesh_id":"mesh-0051-0014","ward_code":"23114","ward_name":"緑区","population":1150,"cell_fraction":1.0},"geometry":{"type":"Polygon","coordinates":[[[136.9925,35.078333],[136.996667,35.078333],[136.996667,35.0825],[136.9925,35.0825],[136.9925,35.078333]]]}},{"type":"Feature","properties":{"mesh_id":"mesh-0052-0014","ward_code":"23114","ward_name":"緑区","population":1150,"cell_fraction":1.0},"geometry":{"type":"Polygon","coordinates":[[[136.996667,35.078333],[137.000833,35.078333],[137.000833,35.0825],[136.996667,35.0825],[136.996667,35.078333]]]}},{"type":"Feature","properties":{"mesh_id":"mesh-0053-0014","ward_code":"23114","ward_name":"緑区","population":1150,"cell_fraction":1.0},"geometry":{"type":"Polygon","coordinates":[[[137.000833,35.078333],[137.005,35.078333],[137.005,35.0825],[137.000833,35.0825],[137.000833,35.078333]]]}},{"type":"Feature","properties":{"mesh_id":"mesh-0054-0014","ward_code":"23114","ward_name":"緑区","population":1150,"cell_fraction":1.0},"geometry":{"type":"Polygon","coordinates":[[[137.005,35.078333],[137.009167,35.078333],[137.009167,35.0825],[137.005,35.0825],[137.005,35.078333]]]}},{"type":"Feature","properties":{"mesh_id":"mesh-0055-0014","ward_code":"23114","ward_name":"緑区","population":575,"cell_fraction":0.5},"geometry":{"type":"Polygon","coordinates":[[[137.009167,35.078333],[137.013333,35.078333],[137.013333,35.0825],[137.009167,35.0825],[137.009167,35.078333]]]}},{"type":"Feature","properties":{"mesh_id":"mesh-0038-0015","ward_code":"23114","ward_name":"緑区","population":575,"cell_fraction":0.5},"geometry":{"type":"Polygon","coordinates":[[[136.938333,35.0825],[136.9425,35.0825],[136.9425,35.086667],[136.938333,35.086667],[136.938333,35.0825]]]}},{"type":"Feature","properties":{"mesh_id":"mesh-0039-0015","ward_code":"23114","ward_name":"緑区","population":1150,"cell_fraction":1.0},"geometry":{"type":"Polygon","coordinates":[[[136.9425,35.0825],[136.946667,35.0825],[136.946667,35.086667],[136.9425,35.086667],[136.9425,35.0825]]]}},{"type":"Feature","properties":{"mesh_id":"mesh-0040-0015","ward_code":"23114","ward_name":"緑区","population":1150,"cell_fraction":1.0},"geometry":{"type":"Polygon","coordinates":[[[136.946667,35.0825],[136.950833,35.0825],[136.950833,35.086667],[136.946667,35.086667],[136.946667,35.0825]]]}},{"type":"Feature","properties":{"mesh_id":"mesh-0041-0015","ward_code":"23114","ward_name":"緑区","population":1150,"cell_fraction":1.0},"geometry":{"type":"Polygon","coordinates":[[[136.950833,35.0825],[136.955,35.0825],[136.955,35.086667],[136.950833,35.086667],[136.950833,35.0825]]]}},{"type":"Feature","properties":{"mesh_id":"mesh-0042-0015","ward_code":"23114","ward_name":"緑区","population":1150,"cell_fraction":1.0},"geometry":{"type":"Polygon","coordinates":[[[136.955,35.0825],[136.959167,35.0825],[136.959167,35.086667],[136.955,35.086667],[136.955,35.0825]]]}},{"type":"Feature","properties":{"mesh_id":"mesh-0043-0015","ward_code":"23114","ward_name":"緑区","population":1150,"cell_fraction":1.0},"geometry":{"type":"Polygon","coordinates":[[[136.959167,35.0825],[136.963333,35.0825],[136.963333,35.086667],[136.959167,35.086667],[136.959167,35.0825]]]}},{"type":"Feature","properties":{"mesh_id":"mesh-0044-0015","ward_code":"23114","ward_name":"緑区","population":1150,"cell_fraction":1.0},"geometry":{"type":"Polygon","coordinates":[[[136.963333,35.0825],[136.9675,35.0825],[136.9675,35.086667],[136.963333,35.086667],[136.963333,35.0825]]]}},{"type":"Feature","properties":{"mesh_id":"mesh-0045-0015","ward_code":"23114","ward_name":"緑区","population":1150,"cell_fraction":1.0},"geometry":{"type":"Polygon","coordinates":[[[136.9675,35.0825],[136.971667,35.0825],[136.971667,35.086667],[136.9675,35.086667],[136.9675,35.0825]]]}},{"type":"Feature","properties":{"mesh_id":"mesh-0046-0015","ward_code":"23114","ward_name":"緑区","population":1150,"cell_fraction":1.0},"geometry":{"type":"Polygon","coordinates":[[[136.971667,35.0825],[136.975833,35.0825],[136.975833,35.086667],[136.971667,35.086667],[136.971667,35.0825]]]}},{"type":"Feature","properties":{"mesh_id":"mesh-0047-0015","ward_code":"23114","ward_name":"緑区","population":1150,"cell_fraction":1.0},"geometry":{"type":"Polygon","coordinates":[[[136.975833,35.0825],[136.98,35.0825],[136.98,35.086667],[136.975833,35.086667],[136.975833,35.0825]]]}},{"type":"Feature","properties":{"mesh_id":"mesh-0048-0015","ward_code":"23114","ward_name":"緑区","population":1150,"cell_fraction":1.0},"geometry":{"type":"Polygon","coordinates":[[[136.98,35.0825],[136.984167,35.0825],[136.984167,35.086667],[136.98,35.086667],[136.98,35.0825]]]}},{"type":"Feature","properties":{"mesh_id":"mesh-0049-0015","ward_code":"23114","ward_name":"緑区","population":1150,"cell_fraction":1.0},"geometry":{"type":"Polygon","coordinates":[[[136.984167,35.0825],[136.988333,35.0825],[136.988333,35.086667],[136.984167,35.086667],[136.984167,35.0825]]]}},{"type":"Feature","properties":{"mesh_id":"mesh-0050-0015","ward_code":"23114","ward_name":"緑区","population":1150,"cell_fraction":1.0},"geometry":{"type":"Polygon","coordinates":[[[136.988333,35.0825],[136.9925,35.0825],[136.9925,35.086667],[136.988333,35.086667],[136.988333,35.0825]]]}},{"type":"Feature","properties":{"mesh_id":"mesh-0051-0015","ward_code":"23114","ward_name":"緑区","population":1150,"cell_fraction":1.0},"geometry":{"type":"Polygon","coordinates":[[[136.9925,35.0825],[136.996667,35.0825],[136.996667,35.086667],[136.9925,35.086667],[136.9925,35.0825]]]}},{"type":"Feature","properties":{"mesh_id":"mesh-0052-0015","ward_code":"23114","ward_name":"緑区","population":1150,"cell_fraction":1.0},"geometry":{"type":"Polygon","coordinates":[[[136.996667,35.0825],[137.000833,35.0825],[137.000833,35.086667],[136.996667,35.086667],[136.996667,35.0825]]]}},{"type":"Feature","properties":{"mesh_id":"mesh-0053-0015","ward_code":"23114","ward_name":"緑区","population":1150,"cell_fraction":1.0},"geometry":{"type":"Polygon","coordinates":[[[137.000833,35.0825],[137.005,35.0825],[137.005,35.086667],[137.000833,35.086667],[137.000833,35.0825]]]}},{"type":"Feature","properties":{"mesh_id":"mesh-0054-0015","ward_code":"23114","ward_name":"緑区","population":1150,"cell_fraction":1.0},"geometry":{"type":"Polygon","coordinates":[[[137.005,35.0825],[137.009167,35.0825],[137.009167,35.086667],[137.005,35.086667],[137.005,35.0825]]]}},{"type":"Feature","properties":{"mesh_id":"mesh-0055-0015","ward_code":"23114","ward_name":"緑区","population":1150,"cell_fraction":1.0},"geometry":{"type":"Polygon","coordinates":[[[137.009167,35.0825],[137.013333,35.0825],[137.013333,35.086667],[137.009167,35.086667],[137.009167,35.0825]]]}},{"type":"Feature","properties":{"mesh_id":"mesh-0038-0016","ward_code":"23114","ward_name":"緑区","population":288,"cell_fraction":0.25},"geometry":{"type":"Polygon","coordinates":[[[136.938333,35.086667],[136.9425,35.086667],[136.9425,35.090833],[136.938333,35.090833],[136.938333,35.086667]]]}},{"type":"Feature","properties":{"mesh_id":"mesh-0039-0016","ward_code":"23114","ward_name":"緑区","population":1150,"cell_fraction":1.0},"geometry":{"type":"Polygon","coordinates":[[[136.9425,35.086667],[136.946667,35.086667],[136.946667,35.090833],[136.9425,35.090833],[136.9425,35.086667]]]}},{"type":"Feature","properties":{"mesh_id":"mesh-0040-0016","ward_code":"23114","ward_name":"緑区","population":1150,"cell_fraction":1.0},"geometry":{"type":"Polygon","coordinates":[[[136.946667,35.086667],[136.950833,35.086667],[136.950833,35.090833],[136.946667,35.090833],[136.946667,35.086667]]]}},{"type":"Feature","properties":{"mesh_id":"mesh-0041-0016","ward_code":"23114","ward_name":"緑区","population":1150,"cell_fraction":1.0},"geometry":{"type":"Polygon","coordinates":[[[136.950833,35.086667],[136.955,35.086667],[136.955,35.090833],[136.950833,35.090833],[136.950833,35.086667]]]}},{"type":"Feature","properties":{"mesh_id":"mesh-0042-0016","ward_code":"23114","ward_name":"緑区","population":1150,"cell_fraction":1.0},"geometry":{"type":"Polygon","coordinates":[[[136.955,35.086667],[136.959167,35.086667],[136.959167,35.090833],[136.955,35.090833],[136.955,35.086667]]]}},{"type":"Feature","properties":{"mesh_id":"mesh-0043-0016","ward_code":"23114","ward_name":"緑区","population":1150,"cell_fraction":1.0},"geometry":{"type":"Polygon","coordinates":[[[136.959167,35.086667],[136.963333,35.086667],[136.963333,35.090833],[136.959167,35.090833],[136.959167,35.086667]]]}},{"type":"Feature","properties":{"mesh_id":"mesh-0044-0016","ward_code":"23114","ward_name":"緑区","population":1150,"cell_fraction":1.0},"geometry":{"type":"Polygon","coordinates":[[[136.963333,35.086667],[136.9675,35.086667],[136.9675,35.090833],[136.963333,35.090833],[136.963333,35.086667]]]}},{"type":"Feature","properties":{"mesh_id":"mesh-0045-0016","ward_code":"23114","ward_name":"緑区","population":1150,"cell_fraction":1.0},"geometry":{"type":"Polygon","coordinates":[[[136.9675,35.086667],[136.971667,35.086667],[136.971667,35.090833],[136.9675,35.090833],[136.9675,35.086667]]]}},{"type":"Feature","properties":{"mesh_id":"mesh-0046-0016","ward_code":"23114","ward_name":"緑区","population":1150,"cell_fraction":1.0},"geometry":{"type":"Polygon","coordinates":[[[136.971667,35.086667],[136.975833,35.086667],[136.975833,35.090833],[136.971667,35.090833],[136.971667,35.086667]]]}},{"type":"Feature","properties":{"mesh_id":"mesh-0047-0016","ward_code":"23114","ward_name":"緑区","population":1150,"cell_fraction":1.0},"geometry":{"type":"Polygon","coordinates":[[[136.975833,35.086667],[136.98,35.086667],[136.98,35.090833],[136.975833,35.090833],[136.975833,35.086667]]]}},{"type":"Feature","properties":{"mesh_id":"mesh-0048-0016","ward_code":"23114","ward_name":"緑区","population":1150,"cell_fraction":1.0},"geometry":{"type":"Polygon","coordinates":[[[136.98,35.086667],[136.984167,35.086667],[136.984167,35.090833],[136.98,35.090833],[136.98,35.086667]]]}},{"type":"Feature","properties":{"mesh_id":"mesh-0049-0016","ward_code":"23114","ward_name":"緑区","population":1150,"cell_fraction":1.0},"geometry":{"type":"Polygon","coordinates":[[[136.984167,35.086667],[136.988333,35.086667],[136.988333,35.090833],[136.984167,35.090833],[136.984167,35.086667]]]}},{"type":"Feature","properties":{"mesh_id":"mesh-0050-0016","ward_code":"23114","ward_name":"緑区","population":1150,"cell_fraction":1.0},"geometry":{"type":"Polygon","coordinates":[[[136.988333,35.086667],[136.9925,35.086667],[136.9925,35.090833],[136.988333,35.090833],[136.988333,35.086667]]]}},{"type":"Feature","properties":{"mesh_id":"mesh-0051-0016","ward_code":"23114","ward_name":"緑区","population":1150,"cell_fraction":1.0},"geometry":{"type":"Polygon","coordinates":[[[136.9925,35.086667],[136.996667,35.086667],[136.996667,35.090833],[136.9925,35.090833],[136.9925,35.086667]]]}},{"type":"Feature","properties":{"mesh_id":"mesh-0052-0016","ward_code":"23114","ward_name":"緑区","population":1150,"cell_fraction":1.0},"geometry":{"type":"Polygon","coordinates":[[[136.996667,35.086667],[137.000833,35.086667],[137.000833,35.090833],[136.996667,35.090833],[136.996667,35.086667]]]}},{"type":"Feature","properties":{"mesh_id":"mesh-0053-0016","ward_code":"23114","ward_name":"緑区","population":1150,"cell_fraction":1.0},"geometry":{"type":"Polygon","coordinates":[[[137.000833,35.086667],[137.005,35.086667],[137.005,35.090833],[137.000833,35.090833],[137.000833,35.086667]]]}},{"type":"Feature","properties":{"mesh_id":"mesh-0054-0016","ward_code":"23114","ward_name":"緑区","population":1150,"cell_fraction":1.0},"geometry":{"type":"Polygon","coordinates":[[[137.005,35.086667],[137.009167,35.086667],[137.009167,35.090833],[137.005,35.090833],[137.005,35.086667]]]}},{"type":"Feature","properties":{"mesh_id":"mesh-0055-0016","ward_code":"23114","ward_name":"緑区","population":1150,"cell_fraction":1.0},"geometry":{"type":"Polygon","coordinates":[[[137.009167,35.086667],[137.013333,35.086667],[137.013333,35.090833],[137.009167,35.090833],[137.009167,35.086667]]]}},{"type":"Feature","properties":{"mesh_id":"mesh-0056-0016","ward_code":"23114","ward_name":"緑区","population":575,"cell_fraction":0.5},"geometry":{"type":"Polygon","coordinates":[[[137.013333,35.086667],[137.0175,35.086667],[137.0175,35.090833],[137.013333,35.090833],[137.013333,35.086667]]]}},{"type":"Feature","properties":{"mesh_id":"mesh-0039-0017","ward_code":"23114","ward_name":"緑区","population":575,"cell_fraction":0.5},"geometry":{"type":"Polygon","coordinates":[[[136.9425,35.090833],[136.946667,35.090833],[136.946667,35.095],[136.9425,35.095],[136.9425,35.090833]]]}},{"type":"Feature","properties":{"mesh_id":"mesh-0040-0017","ward_code":"23114","ward_name":"緑区","population":1150,"cell_fraction":1.0},"geometry":{"type":"Polygon","coordinates":[[[136.946667,35.090833],[136.950833,35.090833],[136.950833,35.095],[136.946667,35.095],[136.946667,35.090833]]]}},{"type":"Feature","properties":{"mesh_id":"mesh-0041-0017","ward_code":"23114","ward_name":"緑区","population":1150,"cell_fraction":1.0},"geometry":{"type":"Polygon","coordinates":[[[136.950833,35.090833],[136.955,35.090833],[136.955,35.095],[136.950833,35.095],[136.950833,35.090833]]]}},{"type":"Feature","properties":{"mesh_id":"mesh-0042-0017","ward_code":"23114","ward_name":"緑区","population":1150,"cell_fraction":1.0},"geometry":{"type":"Polygon","coordinates":[[[136.955,35.090833],[136.959167,35.090833],[136.959167,35.095],[136.955,35.095],[136.955,35.090833]]]}},{"type":"Feature","properties":{"mesh_id":"mesh-0043-0017","ward_code":"23114","ward_name":"緑区","population":1150,"cell_fraction":1.0},"geometry":{"type":"Polygon","coordinates":[[[136.959167,35.090833],[136.963333,35.090833],[136.963333,35.095],[136.959167,35.095],[136.959167,35.090833]]]}},{"type":"Feature","properties":{"mesh_id":"mesh-0044-0017","ward_code":"23114","ward_name":"緑区","population":1150,"cell_fraction":1.0},"geometry":{"type":"Polygon","coordinates":[[[136.963333,35.090833],[136.9675,35.090833],[136.9675,35.095],[136.963333,35.095],[136.963333,35.090833]]]}},{"type":"Feature","properties":{"mesh_id":"mesh-0045-0017","ward_code":"23114","ward_name":"緑区","population":1150,"cell_fraction":1.0},"geometry":{"type":"Polygon","coordinates":[[[136.9675,35.090833],[136.971667,35.090833],[136.971667,35.095],[136.9675,35.095],[136.9675,35.090833]]]}},{"type":"Feature","properties":{"mesh_id":"mesh-0046-0017","ward_code":"23114","ward_name":"緑区","population":1150,"cell_fraction":1.0},"geometry":{"type":"Polygon","coordinates":[[[136.971667,35.090833],[136.975833,35.090833],[136.975833,35.095],[136.971667,35.095],[136.971667,35.090833]]]}},{"type":"Feature","properties":{"mesh_id":"mesh-0047-0017","ward_code":"23114","ward_name":"緑区","population":1150,"cell_fraction":1.0},"geometry":{"type":"Polygon","coordinates":[[[136.975833,35.090833],[136.98,35.090833],[136.98,35.095],[136.975833,35.095],[136.975833,35.090833]]]}},{"type":"Feature","properties":{"mesh_id":"mesh-0048-0017","ward_code":"23114","ward_name":"緑区","population":1150,"cell_fraction":1.0},"geometry":{"type":"Polygon","coordinates":[[[136.98,35.090833],[136.984167,35.090833],[136.984167,35.095],[136.98,35.095],[136.98,35.090833]]]}},{"type":"Feature","properties":{"mesh_id":"mesh-0049-0017","ward_code":"23114","ward_name":"緑区","population":1150,"cell_fraction":1.0},"geometry":{"type":"Polygon","coordinates":[[[136.984167,35.090833],[136.988333,35.090833],[136.988333,35.095],[136.984167,35.095],[136.984167,35.090833]]]}},{"type":"Feature","properties":{"mesh_id":"mesh-0050-0017","ward_code":"23114","ward_name":"緑区","population":1150,"cell_fraction":1.0},"geometry":{"type":"Polygon","coordinates":[[[136.988333,35.090833],[136.9925,35.090833],[136.9925,35.095],[136.988333,35.095],[136.988333,35.090833]]]}},{"type":"Feature","properties":{"mesh_id":"mesh-0051-0017","ward_code":"23114","ward_name":"緑区","population":1150,"cell_fraction":1.0},"geometry":{"type":"Polygon","coordinates":[[[136.9925,35.090833],[136.996667,35.090833],[136.996667,35.095],[136.9925,35.095],[136.9925,35.090833]]]}},{"type":"Feature","properties":{"mesh_id":"mesh-0052-0017","ward_code":"23114","ward_name":"緑区","population":1150,"cell_fraction":1.0},"geometry":{"type":"Polygon","coordinates":[[[136.996667,35.090833],[137.000833,35.090833],[137.000833,35.095],[136.996667,35.095],[136.996667,35.090833]]]}},{"type":"Feature","properties":{"mesh_id":"mesh-0053-0017","ward_code":"23114","ward_name":"緑区","population":1150,"cell_fraction":1.0},"geometry":{"type":"Polygon","coordinates":[[[137.000833,35.090833],[137.005,35.090833],[137.005,35.095],[137.000833,35.095],[137.000833,35.090833]]]}},{"type":"Feature","properties":{"mesh_id":"mesh-0054-0017","ward_code":"23114","ward_name":"緑区","population":1150,"cell_fraction":1.0},"geometry":{"type":"Polygon","coordinates":[[[137.005,35.090833],[137.009167,35.090833],[137.009167,35.095],[137.005,35.095],[137.005,35.090833]]]}},{"type":"Feature","properties":{"mesh_id":"mesh-0055-0017","ward_code":"23114","ward_name":"緑区","population":1150,"cell_fraction":1.0},"geometry":{"type":"Polygon","coordinates":[[[137.009167,35.090833],[137.013333,35.090833],[137.013333,35.095],[137.009167,35.095],[137.009167,35.090833]]]}},{"type":"Feature","properties":{"mesh_id":"mesh-0056-0017","ward_code":"23114","ward_name":"緑区","population":1150,"cell_fraction":1.0},"geometry":{"type":"Polygon","coordinates":[[[137.013333,35.090833],[137.0175,35.090833],[137.0175,35.095],[137.013333,35.095],[137.013333,35.090833]]]}},{"type":"Feature","properties":{"mesh_id":"mesh-0040-0018","ward_code":"23114","ward_name":"緑区","population":863,"cell_fraction":0.75},"geometry":{"type":"Polygon","coordinates":[[[136.946667,35.095],[136.950833,35.095],[136.950833,35.099167],[136.946667,35.099167],[136.946667,35.095]]]}},{"type":"Feature","properties":{"mesh_id":"mesh-0041-0018","ward_code":"23114","ward_name":"緑区","population":1150,"cell_fraction":1.0},"geometry":{"type":"Polygon","coordinates":[[[136.950833,35.095],[136.955,35.095],[136.955,35.099167],[136.950833,35.099167],[136.950833,35.095]]]}},{"type":"Feature","properties":{"mesh_id":"mesh-0042-0018","ward_code":"23114","ward_name":"緑区","population":1150,"cell_fraction":1.0},"geometry":{"type":"Polygon","coordinates":[[[136.955,35.095],[136.959167,35.095],[136.959167,35.099167],[136.955,35.099167],[136.955,35.095]]]}},{"type":"Feature","properties":{"mesh_id":"mesh-0043-0018","ward_code":"23114","ward_name":"緑区","population":1150,"cell_fraction":1.0},"geometry":{"type":"Polygon","coordinates":[[[136.959167,35.095],[136.963333,35.095],[136.963333,35.099167],[136.959167,35.099167],[136.959167,35.095]]]}},{"type":"Feature","properties":{"mesh_id":"mesh-0044-0018","ward_code":"23114","ward_name":"緑区","population":1150,"cell_fraction":1.0},"geometry":{"type":"Polygon","coordinates":[[[136.963333,35.095],[136.9675,35.095],[136.9675,35.099167],[136.963333,35.099167],[136.963333,35.095]]]}},{"type":"Feature","properties":{"mesh_id":"mesh-0045-0018","ward_code":"23114","ward_name":"緑区","population":1150,"cell_fraction":1.0},"geometry":{"type":"Polygon","coordinates":[[[136.9675,35.095],[136.971667,35.095],[136.971667,35.099167],[136.9675,35.099167],[136.9675,35.095]]]}},{"type":"Feature","properties":{"mesh_id":"mesh-0046-0018","ward_code":"23114","ward_name":"緑区","population":1150,"cell_fraction":1.0},"geometry":{"type":"Polygon","coordinates":[[[136.971667,35.095],[136.975833,35.095],[136.975833,35.099167],[136.971667,35.099167],[136.971667,35.095]]]}},{"type":"Feature","properties":{"mesh_id":"mesh-0047-0018","ward_code":"23114","ward_name":"緑区","population":1150,"cell_fraction":1.0},"geometry":{"type":"Polygon","coordinates":[[[136.975833,35.095],[136.98,35.095],[136.98,35.099167],[136.975833,35.099167],[136.975833,35.095]]]}},{"type":"Feature","properties":{"mesh_id":"mesh-0048-0018","ward_code":"23114","ward_name":"緑区","population":1150,"cell_fraction":1.0},"geometry":{"type":"Polygon","coordinates":[[[136.98,35.095],[136.984167,35.095],[136.984167,35.099167],[136.98,35.099167],[136.98,35.095]]]}},{"type":"Feature","properties":{"mesh_id":"mesh-0049-0018","ward_code":"23114","ward_name":"緑区","population":1150,"cell_fraction":1.0},"geometry":{"type":"Polygon","coordinates":[[[136.984167,35.095],[136.988333,35.095],[136.988333,35.099167],[136.984167,35.099167],[136.984167,35.095]]]}},{"type":"Feature","properties":{"mesh_id":"mesh-0050-0018","ward_code":"23114","ward_name":"緑区","population":1150,"cell_fraction":1.0},"geometry":{"type":"Polygon","coordinates":[[[136.988333,35.095],[136.9925,35.095],[136.9925,35.099167],[136.988333,35.099167],[136.988333,35.095]]]}},{"type":"Feature","properties":{"mesh_id":"mesh-0051-0018","ward_code":"23114","ward_name":"緑区","population":1150,"cell_fraction":1.0},"geometry":{"type":"Polygon","coordinates":[[[136.9925,35.095],[136.996667,35.095],[136.996667,35.099167],[136.9925,35.099167],[136.9925,35.095]]]}},{"type":"Feature","properties":{"mesh_id":"mesh-0052-0018","ward_code":"23114","ward_name":"緑区","population":1150,"cell_fraction":1.0},"geometry":{"type":"Polygon","coordinates":[[[136.996667,35.095],[137.000833,35.095],[137.000833,35.099167],[136.996667,35.099167],[136.996667,35.095]]]}},{"type":"Feature","properties":{"mesh_id":"mesh-0053-0018","ward_code":"23114","ward_name":"緑区","population":1150,"cell_fraction":1.0},"geometry":{"type":"Polygon","coordinates":[[[137.000833,35.095],[137.005,35.095],[137.005,35.099167],[137.000833,35.099167],[137.000833,35.095]]]}},{"type":"Feature","properties":{"mesh_id":"mesh-0054-0018","ward_code":"23114","ward_name":"緑区","population":1150,"cell_fraction":1.0},"geometry":{"type":"Polygon","coordinates":[[[137.005,35.095],[137.009167,35.095],[137.009167,35.099167],[137.005,35.099167],[137.005,35.095]]]}},{"type":"Feature","properties":{"mesh_id":"mesh-0055-0018","ward_code":"23114","ward_name":"緑区","population":1150,"cell_fraction":1.0},"geometry":{"type":"Polygon","coordinates":[[[137.009167,35.095],[137.013333,35.095],[137.013333,35.099167],[137.009167,35.099167],[137.009167,35.095]]]}},{"type":"Feature","properties":{"mesh_id":"mesh-0056-0018","ward_code":"23114","ward_name":"緑区","population":1150,"cell_fraction":1.0},"geometry":{"type":"Polygon","coordinates":[[[137.013333,35.095],[137.0175,35.095],[137.0175,35.099167],[137.013333,35.099167],[137.013333,35.095]]]}},{"type":"Feature","properties":{"mesh_id":"mesh-0057-0018","ward_code":"23114","ward_name":"緑区","population":863,"cell_fraction":0.75},"geometry":{"type":"Polygon","coordinates":[[[137.0175,35.095],[137.021667,35.095],[137.021667,35.099167],[137.0175,35.099167],[137.0175,35.095]]]}},{"type":"Feature","properties":{"mesh_id":"mesh-0040-0019","ward_code":"23114","ward_name":"緑区","population":288,"cell_fraction":0.25},"geometry":{"type":"Polygon","coordinates":[[[136.946667,35.099167],[136.950833,35.099167],[136.950833,35.103333],[136.946667,35.103333],[136.946667,35.099167]]]}},{"type":"Feature","properties":{"mesh_id":"mesh-0041-0019","ward_code":"23114","ward_name":"緑区","population":575,"cell_fraction":0.5},"geometry":{"type":"Polygon","coordinates":[[[136.950833,35.099167],[136.955,35.099167],[136.955,35.103333],[136.950833,35.103333],[136.950833,35.099167]]]}},{"type":"Feature","properties":{"mesh_id":"mesh-0042-0019","ward_code":"23114","ward_name":"緑区","population":575,"cell_fraction":0.5},"geometry":{"type":"Polygon","coordinates":[[[136.955,35.099167],[136.959167,35.099167],[136.959167,35.103333],[136.955,35.103333],[136.955,35.099167]]]}},{"type":"Feature","properties":{"mesh_id":"mesh-0043-0019","ward_code":"23114","ward_name":"緑区","population":575,"cell_fraction":0.5},"geometry":{"type":"Polygon","coordinates":[[[136.959167,35.099167],[136.963333,35.099167],[136.963333,35.103333],[136.959167,35.103333],[136.959167,35.099167]]]}},{"type":"Feature","properties":{"mesh_id":"mesh-0044-0019","ward_code":"23114","ward_name":"緑区","population":575,"cell_fraction":0.5},"geometry":{"type":"Polygon","coordinates":[[[136.963333,35.099167],[136.9675,35.099167],[136.9675,35.103333],[136.963333,35.103333],[136.963333,35.099167]]]}},{"type":"Feature","properties":{"mesh_id":"mesh-0045-0019","ward_code":"23114","ward_name":"緑区","population":1150,"cell_fraction":1.0},"geometry":{"type":"Polygon","coordinates":[[[136.9675,35.099167],[136.971667,35.099167],[136.971667,35.103333],[136.9675,35.103333],[136.9675,35.099167]]]}},{"type":"Feature","properties":{"mesh_id":"mesh-0046-0019","ward_code":"23114","ward_name":"緑区","population":863,"cell_fraction":0.75},"geometry":{"type":"Polygon","coordinates":[[[136.971667,35.099167],[136.975833,35.099167],[136.975833,35.103333],[136.971667,35.103333],[136.971667,35.099167]]]}},{"type":"Feature","properties":{"mesh_id":"mesh-0047-0019","ward_code":"23114","ward_name":"緑区","population":1150,"cell_fraction":1.0},"geometry":{"type":"Polygon","coordinates":[[[136.975833,35.099167],[136.98,35.099167],[136.98,35.103333],[136.975833,35.103333],[136.975833,35.099167]]]}},{"type":"Feature","properties":{"mesh_id":"mesh-0048-0019","ward_code":"23114","ward_name":"緑区","population":1150,"cell_fraction":1.0},"geometry":{"type":"Polygon","coordinates":[[[136.98,35.099167],[136.984167,35.099167],[136.984167,35.103333],[136.98,35.103333],[136.98,35.099167]]]}},{"type":"Feature","properties":{"mesh_id":"mesh-0049-0019","ward_code":"23114","ward_name":"緑区","population":1150,"cell_fraction":1.0},"geometry":{"type":"Polygon","coordinates":[[[136.984167,35.099167],[136.988333,35.099167],[136.988333,35.103333],[136.984167,35.103333],[136.984167,35.099167]]]}},{"type":"Feature","properties":{"mesh_id":"mesh-0050-0019","ward_code":"23114","ward_name":"緑区","population":1150,"cell_fraction":1.0},"geometry":{"type":"Polygon","coordinates":[[[136.988333,35.099167],[136.9925,35.099167],[136.9925,35.103333],[136.988333,35.103333],[136.988333,35.099167]]]}},{"type":"Feature","properties":{"mesh_id":"mesh-0051-0019","ward_code":"23114","ward_name":"緑区","population":1150,"cell_fraction":1.0},"geometry":{"type":"Polygon","coordinates":[[[136.9925,35.099167],[136.996667,35.099167],[136.996667,35.103333],[136.9925,35.103333],[136.9925,35.099167]]]}},{"type":"Feature","properties":{"mesh_id":"mesh-0052-0019","ward_code":"23114","ward_name":"緑区","population":1150,"cell_fraction":1.0},"geometry":{"type":"Polygon","coordinates":[[[136.996667,35.099167],[137.000833,35.099167],[137.000833,35.103333],[136.996667,35.103333],[136.996667,35.099167]]]}},{"type":"Feature","properties":{"mesh_id":"mesh-0053-0019","ward_code":"23114","ward_name":"緑区","population":863,"cell_fraction":0.75},"geometry":{"type":"Polygon","coordinates":[[[137.000833,35.099167],[137.005,35.099167],[137.005,35.103333],[137.000833,35.103333],[137.000833,35.099167]]]}},{"type":"Feature","properties":{"mesh_id":"mesh-0054-0019","ward_code":"23114","ward_name":"緑区","population":1150,"cell_fraction":1.0},"geometry":{"type":"Polygon","coordinates":[[[137.005,35.099167],[137.009167,35.099167],[137.009167,35.103333],[137.005,35.103333],[137.005,35.099167]]]}},{"type":"Feature","properties":{"mesh_id":"mesh-0055-0019","ward_code":"23114","ward_name":"緑区","population":1150,"cell_fraction":1.0},"geometry":{"type":"Polygon","coordinates":[[[137.009167,35.099167],[137.013333,35.099167],[137.013333,35.103333],[137.009167,35.103333],[137.009167,35.099167]]]}},{"type":"Feature","properties":{"mesh_id":"mesh-0056-0019","ward_code":"23114","ward_name":"緑区","population":1150,"cell_fraction":1.0},"geometry":{"type":"Polygon","coordinates":[[[137.013333,35.099167],[137.0175,35.099167],[137.0175,35.103333],[137.013333,35.103333],[137.013333,35.099167]]]}},{"type":"Feature","properties":{"mesh_id":"mesh-0057-0019","ward_code":"23114","ward_name":"緑区","population":1150,"cell_fraction":1.0},"geometry":{"type":"Polygon","coordinates":[[[137.0175,35.099167],[137.021667,35.099167],[137.021667,35.103333],[137.0175,35.103333],[137.0175,35.099167]]]}},{"type":"Feature","properties":{"mesh_id":"mesh-0058-0019","ward_code":"23114","ward_name":"緑区","population":575,"cell_fraction":0.5},"geometry":{"type":"Polygon","coordinates":[[[137.021667,35.099167],[137.025833,35.099167],[137.025833,35.103333],[137.021667,35.103333],[137.021667,35.099167]]]}},{"type":"Feature","properties":{"mesh_id":"mesh-0049-0020","ward_code":"23114","ward_name":"緑区","population":863,"cell_fraction":0.75},"geometry":{"type":"Polygon","coordinates":[[[136.984167,35.103333],[136.988333,35.103333],[136.988333,35.1075],[136.984167,35.1075],[136.984167,35.103333]]]}},{"type":"Feature","properties":{"mesh_id":"mesh-0050-0020","ward_code":"23114","ward_name":"緑区","population":1150,"cell_fraction":1.0},"geometry":{"type":"Polygon","coordinates":[[[136.988333,35.103333],[136.9925,35.103333],[136.9925,35.1075],[136.988333,35.1075],[136.988333,35.103333]]]}},{"type":"Feature","properties":{"mesh_id":"mesh-0051-0020","ward_code":"23114","ward_name":"緑区","population":575,"cell_fraction":0.5},"geometry":{"type":"Polygon","coordinates":[[[136.9925,35.103333],[136.996667,35.103333],[136.996667,35.1075],[136.9925,35.1075],[136.9925,35.103333]]]}},{"type":"Feature","properties":{"mesh_id":"mesh-0052-0020","ward_code":"23114","ward_name":"緑区","population":288,"cell_fraction":0.25},"geometry":{"type":"Polygon","coordinates":[[[136.996667,35.103333],[137.000833,35.103333],[137.000833,35.1075],[136.996667,35.1075],[136.996667,35.103333]]]}},{"type":"Feature","properties":{"mesh_id":"mesh-0054-0020","ward_code":"23114","ward_name":"緑区","population":288,"cell_fraction":0.25},"geometry":{"type":"Polygon","coordinates":[[[137.005,35.103333],[137.009167,35.103333],[137.009167,35.1075],[137.005,35.1075],[137.005,35.103333]]]}},{"type":"Feature","properties":{"mesh_id":"mesh-0055-0020","ward_code":"23114","ward_name":"緑区","population":863,"cell_fraction":0.75},"geometry":{"type":"Polygon","coordinates":[[[137.009167,35.103333],[137.013333,35.103333],[137.013333,35.1075],[137.009167,35.1075],[137.009167,35.103333]]]}},{"type":"Feature","properties":{"mesh_id":"mesh-0056-0020","ward_code":"23114","ward_name":"緑区","population":1150,"cell_fraction":1.0},"geometry":{"type":"Polygon","coordinates":[[[137.013333,35.103333],[137.0175,35.103333],[137.0175,35.1075],[137.013333,35.1075],[137.013333,35.103333]]]}},{"type":"Feature","properties":{"mesh_id":"mesh-0057-0020","ward_code":"23114","ward_name":"緑区","population":1150,"cell_fraction":1.0},"geometry":{"type":"Polygon","coordinates":[[[137.0175,35.103333],[137.021667,35.103333],[137.021667,35.1075],[137.0175,35.1075],[137.0175,35.103333]]]}},{"type":"Feature","properties":{"mesh_id":"mesh-0056-0021","ward_code":"23114","ward_name":"緑区","population":288,"cell_fraction":0.25},"geometry":{"type":"Polygon","coordinates":[[[137.013333,35.1075],[137.0175,35.1075],[137.0175,35.111667],[137.013333,35.111667],[137.013333,35.1075]]]}},{"type":"Feature","properties":{"mesh_id":"mesh-0057-0021","ward_code":"23114","ward_name":"緑区","population":575,"cell_fraction":0.5},"geometry":{"type":"Polygon","coordinates":[[[137.0175,35.1075],[137.021667,35.1075],[137.021667,35.111667],[137.0175,35.111667],[137.0175,35.1075]]]}},{"type":"Feature","properties":{"mesh_id":"mesh-0054-0028","ward_code":"23115","ward_name":"名東区","population":739,"cell_fraction":0.5},"geometry":{"type":"Polygon","coordinates":[[[137.005,35.136667],[137.009167,35.136667],[137.009167,35.140833],[137.005,35.140833],[137.005,35.136667]]]}},{"type":"Feature","properties":{"mesh_id":"mesh-0055-0028","ward_code":"23115","ward_name":"名東区","population":1108,"cell_fraction":0.75},"geometry":{"type":"Polygon","coordinates":[[[137.009167,35.136667],[137.013333,35.136667],[137.013333,35.140833],[137.009167,35.140833],[137.009167,35.136667]]]}},{"type":"Feature","properties":{"mesh_id":"mesh-0056-0028","ward_code":"23115","ward_name":"名東区","population":1108,"cell_fraction":0.75},"geometry":{"type":"Polygon","coordinates":[[[137.013333,35.136667],[137.0175,35.136667],[137.0175,35.140833],[137.013333,35.140833],[137.013333,35.136667]]]}},{"type":"Feature","properties":{"mesh_id":"mesh-0057-0028","ward_code":"23115","ward_name":"名東区","population":1108,"cell_fraction":0.75},"geometry":{"type":"Polygon","coordinates":[[[137.0175,35.136667],[137.021667,35.136667],[137.021667,35.140833],[137.0175,35.140833],[137.0175,35.136667]]]}},{"type":"Feature","properties":{"mesh_id":"mesh-0058-0028","ward_code":"23115","ward_name":"名東区","population":369,"cell_fraction":0.25},"geometry":{"type":"Polygon","coordinates":[[[137.021667,35.136667],[137.025833,35.136667],[137.025833,35.140833],[137.021667,35.140833],[137.021667,35.136667]]]}},{"type":"Feature","properties":{"mesh_id":"mesh-0053-0029","ward_code":"23115","ward_name":"名東区","population":1478,"cell_fraction":1.0},"geometry":{"type":"Polygon","coordinates":[[[137.000833,35.140833],[137.005,35.140833],[137.005,35.145],[137.000833,35.145],[137.000833,35.140833]]]}},{"type":"Feature","properties":{"mesh_id":"mesh-0054-0029","ward_code":"23115","ward_name":"名東区","population":1478,"cell_fraction":1.0},"geometry":{"type":"Polygon","coordinates":[[[137.005,35.140833],[137.009167,35.140833],[137.009167,35.145],[137.005,35.145],[137.005,35.140833]]]}},{"type":"Feature","properties":{"mesh_id":"mesh-0055-0029","ward_code":"23115","ward_name":"名東区","population":1478,"cell_fraction":1.0},"geometry":{"type":"Polygon","coordinates":[[[137.009167,35.140833],[137.013333,35.140833],[137.013333,35.145],[137.009167,35.145],[137.009167,35.140833]]]}},{"type":"Feature","properties":{"mesh_id":"mesh-0056-0029","ward_code":"23115","ward_name":"名東区","population":1478,"cell_fraction":1.0},"geometry":{"type":"Polygon","coordinates":[[[137.013333,35.140833],[137.0175,35.140833],[137.0175,35.145],[137.013333,35.145],[137.013333,35.140833]]]}},{"type":"Feature","properties":{"mesh_id":"mesh-0057-0029","ward_code":"23115","ward_name":"名東区","population":1478,"cell_fraction":1.0},"geometry":{"type":"Polygon","coordinates":[[[137.0175,35.140833],[137.021667,35.140833],[137.021667,35.145],[137.0175,35.145],[137.0175,35.140833]]]}},{"type":"Feature","properties":{"mesh_id":"mesh-0050-0030","ward_code":"23115","ward_name":"名東区","population":739,"cell_fraction":0.5},"geometry":{"type":"Polygon","coordinates":[[[136.988333,35.145],[136.9925,35.145],[136.9925,35.149167],[136.988333,35.149167],[136.988333,35.145]]]}},{"type":"Feature","properties":{"mesh_id":"mesh-0051-0030","ward_code":"23115","ward_name":"名東区","population":1478,"cell_fraction":1.0},"geometry":{"type":"Polygon","coordinates":[[[136.9925,35.145],[136.996667,35.145],[136.996667,35.149167],[136.9925,35.149167],[136.9925,35.145]]]}},{"type":"Feature","properties":{"mesh_id":"mesh-0052-0030","ward_code":"23115","ward_name":"名東区","population":1478,"cell_fraction":1.0},"geometry":{"type":"Polygon","coordinates":[[[136.996667,35.145],[137.000833,35.145],[137.000833,35.149167],[136.996667,35.149167],[136.996667,35.145]]]}},{"type":"Feature","properties":{"mesh_id":"mesh-0053-0030","ward_code":"23115","ward_name":"名東区","population":1478,"cell_fraction":1.0},"geometry":{"type":"Polygon","coordinates":[[[137.000833,35.145],[137.005,35.145],[137.005,35.149167],[137.000833,35.149167],[137.000833,35.145]]]}},{"type":"Feature","properties":{"mesh_id":"mesh-0054-0030","ward_code":"23115","ward_name":"名東区","population":1478,"cell_fraction":1.0},"geometry":{"type":"Polygon","coordinates":[[[137.005,35.145],[137.009167,35.145],[137.009167,35.149167],[137.005,35.149167],[137.005,35.145]]]}},{"type":"Feature","properties":{"mesh_id":"mesh-0055-0030","ward_code":"23115","ward_name":"名東区","population":1478,"cell_fraction":1.0},"geometry":{"type":"Polygon","coordinates":[[[137.009167,35.145],[137.013333,35.145],[137.013333,35.149167],[137.009167,35.149167],[137.009167,35.145]]]}},{"type":"Feature","properties":{"mesh_id":"mesh-0056-0030","ward_code":"23115","ward_name":"名東区","population":1478,"cell_fraction":1.0},"geometry":{"type":"Polygon","coordinates":[[[137.013333,35.145],[137.0175,35.145],[137.0175,35.149167],[137.013333,35.149167],[137.013333,35.145]]]}},{"type":"Feature","properties":{"mesh_id":"mesh-0057-0030","ward_code":"23115","ward_name":"名東区","population":1108,"cell_fraction":0.75},"geometry":{"type":"Polygon","coordinates":[[[137.0175,35.145],[137.021667,35.145],[137.021667,35.149167],[137.0175,35.149167],[137.0175,35.145]]]}},{"type":"Feature","properties":{"mesh_id":"mesh-0049-0031","ward_code":"23115","ward_name":"名東区","population":739,"cell_fraction":0.5},"geometry":{"type":"Polygon","coordinates":[[[136.984167,35.149167],[136.988333,35.149167],[136.988333,35.153333],[136.984167,35.153333],[136.984167,35.149167]]]}},{"type":"Feature","properties":{"mesh_id":"mesh-0050-0031","ward_code":"23115","ward_name":"名東区","population":1478,"cell_fraction":1.0},"geometry":{"type":"Polygon","coordinates":[[[136.988333,35.149167],[136.9925,35.149167],[136.9925,35.153333],[136.988333,35.153333],[136.988333,35.149167]]]}},{"type":"Feature","properties":{"mesh_id":"mesh-0051-0031","ward_code":"23115","ward_name":"名東区","population":1478,"cell_fraction":1.0},"geometry":{"type":"Polygon","coordinates":[[[136.9925,35.149167],[136.996667,35.149167],[136.996667,35.153333],[136.9925,35.153333],[136.9925,35.149167]]]}},{"type":"Feature","properties":{"mesh_id":"mesh-0052-0031","ward_code":"23115","ward_name":"名東区","population":1478,"cell_fraction":1.0},"geometry":{"type":"Polygon","coordinates":[[[136.996667,35.149167],[137.000833,35.149167],[137.000833,35.153333],[136.996667,35.153333],[136.996667,35.149167]]]}},{"type":"Feature","properties":{"mesh_id":"mesh-0053-0031","ward_code":"23115","ward_name":"名東区","population":1478,"cell_fraction":1.0},"geometry":{"type":"Polygon","coordinates":[[[137.000833,35.149167],[137.005,35.149167],[137.005,35.153333],[137.000833,35.153333],[137.000833,35.149167]]]}},{"type":"Feature","properties":{"mesh_id":"mesh-0054-0031","ward_code":"23115","ward_name":"名東区","population":1478,"cell_fraction":1.0},"geometry":{"type":"Polygon","coordinates":[[[137.005,35.149167],[137.009167,35.149167],[137.009167,35.153333],[137.005,35.153333],[137.005,35.149167]]]}},{"type":"Feature","properties":{"mesh_id":"mesh-0055-0031","ward_code":"23115","ward_name":"名東区","population":1478,"cell_fraction":1.0},"geometry":{"type":"Polygon","coordinates":[[[137.009167,35.149167],[137.013333,35.149167],[137.013333,35.153333],[137.009167,35.153333],[137.009167,35.149167]]]}},{"type":"Feature","properties":{"mesh_id":"mesh-0056-0031","ward_code":"23115","ward_name":"名東区","population":1478,"cell_fraction":1.0},"geometry":{"type":"Polygon","coordinates":[[[137.013333,35.149167],[137.0175,35.149167],[137.0175,35.153333],[137.013333,35.153333],[137.013333,35.149167]]]}},{"type":"Feature","properties":{"mesh_id":"mesh-0057-0031","ward_code":"23115","ward_name":"名東区","population":1478,"cell_fraction":1.0},"geometry":{"type":"Polygon","coordinates":[[[137.0175,35.149167],[137.021667,35.149167],[137.021667,35.153333],[137.0175,35.153333],[137.0175,35.149167]]]}},{"type":"Feature","properties":{"mesh_id":"mesh-0050-0032","ward_code":"23115","ward_name":"名東区","population":1478,"cell_fraction":1.0},"geometry":{"type":"Polygon","coordinates":[[[136.988333,35.153333],[136.9925,35.153333],[136.9925,35.1575],[136.988333,35.1575],[136.988333,35.153333]]]}},{"type":"Feature","properties":{"mesh_id":"mesh-0051-0032","ward_code":"23115","ward_name":"名東区","population":1478,"cell_fraction":1.0},"geometry":{"type":"Polygon","coordinates":[[[136.9925,35.153333],[136.996667,35.153333],[136.996667,35.1575],[136.9925,35.1575],[136.9925,35.153333]]]}},{"type":"Feature","properties":{"mesh_id":"mesh-0052-0032","ward_code":"23115","ward_name":"名東区","population":1478,"cell_fraction":1.0},"geometry":{"type":"Polygon","coordinates":[[[136.996667,35.153333],[137.000833,35.153333],[137.000833,35.1575],[136.996667,35.1575],[136.996667,35.153333]]]}},{"type":"Feature","properties":{"mesh_id":"mesh-0053-0032","ward_code":"23115","ward_name":"名東区","population":1478,"cell_fraction":1.0},"geometry":{"type":"Polygon","coordinates":[[[137.000833,35.153333],[137.005,35.153333],[137.005,35.1575],[137.000833,35.1575],[137.000833,35.153333]]]}},{"type":"Feature","properties":{"mesh_id":"mesh-0054-0032","ward_code":"23115","ward_name":"名東区","population":1478,"cell_fraction":1.0},"geometry":{"type":"Polygon","coordinates":[[[137.005,35.153333],[137.009167,35.153333],[137.009167,35.1575],[137.005,35.1575],[137.005,35.153333]]]}},{"type":"Feature","properties":{"mesh_id":"mesh-0055-0032","ward_code":"23115","ward_name":"名東区","population":1478,"cell_fraction":1.0},"geometry":{"type":"Polygon","coordinates":[[[137.009167,35.153333],[137.013333,35.153333],[137.013333,35.1575],[137.009167,35.1575],[137.009167,35.153333]]]}},{"type":"Feature","properties":{"mesh_id":"mesh-0056-0032","ward_code":"23115","ward_name":"名東区","population":1478,"cell_fraction":1.0},"geometry":{"type":"Polygon","coordinates":[[[137.013333,35.153333],[137.0175,35.153333],[137.0175,35.1575],[137.013333,35.1575],[137.013333,35.153333]]]}},{"type":"Feature","properties":{"mesh_id":"mesh-0057-0032","ward_code":"23115","ward_name":"名東区","population":1478,"cell_fraction":1.0},"geometry":{"type":"Polygon","coordinates":[[[137.0175,35.153333],[137.021667,35.153333],[137.021667,35.1575],[137.0175,35.1575],[137.0175,35.153333]]]}},{"type":"Feature","properties":{"mesh_id":"mesh-0058-0032","ward_code":"23115","ward_name":"名東区","population":1108,"cell_fraction":0.75},"geometry":{"type":"Polygon","coordinates":[[[137.021667,35.153333],[137.025833,35.153333],[137.025833,35.1575],[137.021667,35.1575],[137.021667,35.153333]]]}},{"type":"Feature","properties":{"mesh_id":"mesh-0050-0033","ward_code":"23115","ward_name":"名東区","population":1478,"cell_fraction":1.0},"geometry":{"type":"Polygon","coordinates":[[[136.988333,35.1575],[136.9925,35.1575],[136.9925,35.161667],[136.988333,35.161667],[136.988333,35.1575]]]}},{"type":"Feature","properties":{"mesh_id":"mesh-0051-0033","ward_code":"23115","ward_name":"名東区","population":1478,"cell_fraction":1.0},"geometry":{"type":"Polygon","coordinates":[[[136.9925,35.1575],[136.996667,35.1575],[136.996667,35.161667],[136.9925,35.161667],[136.9925,35.1575]]]}},{"type":"Feature","properties":{"mesh_id":"mesh-0052-0033","ward_code":"23115","ward_name":"名東区","population":1478,"cell_fraction":1.0},"geometry":{"type":"Polygon","coordinates":[[[136.996667,35.1575],[137.000833,35.1575],[137.000833,35.161667],[136.996667,35.161667],[136.996667,35.1575]]]}},{"type":"Feature","properties":{"mesh_id":"mesh-0053-0033","ward_code":"23115","ward_name":"名東区","population":1478,"cell_fraction":1.0},"geometry":{"type":"Polygon","coordinates":[[[137.000833,35.1575],[137.005,35.1575],[137.005,35.161667],[137.000833,35.161667],[137.000833,35.1575]]]}},{"type":"Feature","properties":{"mesh_id":"mesh-0054-0033","ward_code":"23115","ward_name":"名東区","population":1478,"cell_fraction":1.0},"geometry":{"type":"Polygon","coordinates":[[[137.005,35.1575],[137.009167,35.1575],[137.009167,35.161667],[137.005,35.161667],[137.005,35.1575]]]}},{"type":"Feature","properties":{"mesh_id":"mesh-0055-0033","ward_code":"23115","ward_name":"名東区","population":1478,"cell_fraction":1.0},"geometry":{"type":"Polygon","coordinates":[[[137.009167,35.1575],[137.013333,35.1575],[137.013333,35.161667],[137.009167,35.161667],[137.009167,35.1575]]]}},{"type":"Feature","properties":{"mesh_id":"mesh-0056-0033","ward_code":"23115","ward_name":"名東区","population":1478,"cell_fraction":1.0},"geometry":{"type":"Polygon","coordinates":[[[137.013333,35.1575],[137.0175,35.1575],[137.0175,35.161667],[137.013333,35.161667],[137.013333,35.1575]]]}},{"type":"Feature","properties":{"mesh_id":"mesh-0057-0033","ward_code":"23115","ward_name":"名東区","population":1478,"cell_fraction":1.0},"geometry":{"type":"Polygon","coordinates":[[[137.0175,35.1575],[137.021667,35.1575],[137.021667,35.161667],[137.0175,35.161667],[137.0175,35.1575]]]}},{"type":"Feature","properties":{"mesh_id":"mesh-0058-0033","ward_code":"23115","ward_name":"名東区","population":1108,"cell_fraction":0.75},"geometry":{"type":"Polygon","coordinates":[[[137.021667,35.1575],[137.025833,35.1575],[137.025833,35.161667],[137.021667,35.161667],[137.021667,35.1575]]]}},{"type":"Feature","properties":{"mesh_id":"mesh-0050-0034","ward_code":"23115","ward_name":"名東区","population":369,"cell_fraction":0.25},"geometry":{"type":"Polygon","coordinates":[[[136.988333,35.161667],[136.9925,35.161667],[136.9925,35.165833],[136.988333,35.165833],[136.988333,35.161667]]]}},{"type":"Feature","properties":{"mesh_id":"mesh-0051-0034","ward_code":"23115","ward_name":"名東区","population":1478,"cell_fraction":1.0},"geometry":{"type":"Polygon","coordinates":[[[136.9925,35.161667],[136.996667,35.161667],[136.996667,35.165833],[136.9925,35.165833],[136.9925,35.161667]]]}},{"type":"Feature","properties":{"mesh_id":"mesh-0052-0034","ward_code":"23115","ward_name":"名東区","population":1478,"cell_fraction":1.0},"geometry":{"type":"Polygon","coordinates":[[[136.996667,35.161667],[137.000833,35.161667],[137.000833,35.165833],[136.996667,35.165833],[136.996667,35.161667]]]}},{"type":"Feature","properties":{"mesh_id":"mesh-0053-0034","ward_code":"23115","ward_name":"名東区","population":1478,"cell_fraction":1.0},"geometry":{"type":"Polygon","coordinates":[[[137.000833,35.161667],[137.005,35.161667],[137.005,35.165833],[137.000833,35.165833],[137.000833,35.161667]]]}},{"type":"Feature","properties":{"mesh_id":"mesh-0054-0034","ward_code":"23115","ward_name":"名東区","population":1478,"cell_fraction":1.0},"geometry":{"type":"Polygon","coordinates":[[[137.005,35.161667],[137.009167,35.161667],[137.009167,35.165833],[137.005,35.165833],[137.005,35.161667]]]}},{"type":"Feature","properties":{"mesh_id":"mesh-0055-0034","ward_code":"23115","ward_name":"名東区","population":1478,"cell_fraction":1.0},"geometry":{"type":"Polygon","coordinates":[[[137.009167,35.161667],[137.013333,35.161667],[137.013333,35.165833],[137.009167,35.165833],[137.009167,35.161667]]]}},{"type":"Feature","properties":{"mesh_id":"mesh-0056-0034","ward_code":"23115","ward_name":"名東区","population":1478,"cell_fraction":1.0},"geometry":{"type":"Polygon","coordinates":[[[137.013333,35.161667],[137.0175,35.161667],[137.0175,35.165833],[137.013333,35.165833],[137.013333,35.161667]]]}},{"type":"Feature","properties":{"mesh_id":"mesh-0057-0034","ward_code":"23115","ward_name":"名東区","population":1478,"cell_fraction":1.0},"geometry":{"type":"Polygon","coordinates":[[[137.0175,35.161667],[137.021667,35.161667],[137.021667,35.165833],[137.0175,35.165833],[137.0175,35.161667]]]}},{"type":"Feature","properties":{"mesh_id":"mesh-0058-0034","ward_code":"23115","ward_name":"名東区","population":739,"cell_fraction":0.5},"geometry":{"type":"Polygon","coordinates":[[[137.021667,35.161667],[137.025833,35.161667],[137.025833,35.165833],[137.021667,35.165833],[137.021667,35.161667]]]}},{"type":"Feature","properties":{"mesh_id":"mesh-0050-0035","ward_code":"23115","ward_name":"名東区","population":369,"cell_fraction":0.25},"geometry":{"type":"Polygon","coordinates":[[[136.988333,35.165833],[136.9925,35.165833],[136.9925,35.17],[136.988333,35.17],[136.988333,35.165833]]]}},{"type":"Feature","properties":{"mesh_id":"mesh-0051-0035","ward_code":"23115","ward_name":"名東区","population":1478,"cell_fraction":1.0},"geometry":{"type":"Polygon","coordinates":[[[136.9925,35.165833],[136.996667,35.165833],[136.996667,35.17],[136.9925,35.17],[136.9925,35.165833]]]}},{"type":"Feature","properties":{"mesh_id":"mesh-0052-0035","ward_code":"23115","ward_name":"名東区","population":1478,"cell_fraction":1.0},"geometry":{"type":"Polygon","coordinates":[[[136.996667,35.165833],[137.000833,35.165833],[137.000833,35.17],[136.996667,35.17],[136.996667,35.165833]]]}},{"type":"Feature","properties":{"mesh_id":"mesh-0053-0035","ward_code":"23115","ward_name":"名東区","population":1478,"cell_fraction":1.0},"geometry":{"type":"Polygon","coordinates":[[[137.000833,35.165833],[137.005,35.165833],[137.005,35.17],[137.000833,35.17],[137.000833,35.165833]]]}},{"type":"Feature","properties":{"mesh_id":"mesh-0054-0035","ward_code":"23115","ward_name":"名東区","population":1478,"cell_fraction":1.0},"geometry":{"type":"Polygon","coordinates":[[[137.005,35.165833],[137.009167,35.165833],[137.009167,35.17],[137.005,35.17],[137.005,35.165833]]]}},{"type":"Feature","properties":{"mesh_id":"mesh-0055-0035","ward_code":"23115","ward_name":"名東区","population":1478,"cell_fraction":1.0},"geometry":{"type":"Polygon","coordinates":[[[137.009167,35.165833],[137.013333,35.165833],[137.013333,35.17],[137.009167,35.17],[137.009167,35.165833]]]}},{"type":"Feature","properties":{"mesh_id":"mesh-0056-0035","ward_code":"23115","ward_name":"名東区","population":1478,"cell_fraction":1.0},"geometry":{"type":"Polygon","coordinates":[[[137.013333,35.165833],[137.0175,35.165833],[137.0175,35.17],[137.013333,35.17],[137.013333,35.165833]]]}},{"type":"Feature","properties":{"mesh_id":"mesh-0057-0035","ward_code":"23115","ward_name":"名東区","population":1478,"cell_fraction":1.0},"geometry":{"type":"Polygon","coordinates":[[[137.0175,35.165833],[137.021667,35.165833],[137.021667,35.17],[137.0175,35.17],[137.0175,35.165833]]]}},{"type":"Feature","properties":{"mesh_id":"mesh-0058-0035","ward_code":"23115","ward_name":"名東区","population":1478,"cell_fraction":1.0},"geometry":{"type":"Polygon","coordinates":[[[137.021667,35.165833],[137.025833,35.165833],[137.025833,35.17],[137.021667,35.17],[137.021667,35.165833]]]}},{"type":"Feature","properties":{"mesh_id":"mesh-0059-0035","ward_code":"23115","ward_name":"名東区","population":369,"cell_fraction":0.25},"geometry":{"type":"Polygon","coordinates":[[[137.025833,35.165833],[137.03,35.165833],[137.03,35.17],[137.025833,35.17],[137.025833,35.165833]]]}},{"type":"Feature","properties":{"mesh_id":"mesh-0049-0036","ward_code":"23115","ward_name":"名東区","population":1478,"cell_fraction":1.0},"geometry":{"type":"Polygon","coordinates":[[[136.984167,35.17],[136.988333,35.17],[136.988333,35.174167],[136.984167,35.174167],[136.984167,35.17]]]}},{"type":"Feature","properties":{"mesh_id":"mesh-0050-0036","ward_code":"23115","ward_name":"名東区","population":1478,"cell_fraction":1.0},"geometry":{"type":"Polygon","coordinates":[[[136.988333,35.17],[136.9925,35.17],[136.9925,35.174167],[136.988333,35.174167],[136.988333,35.17]]]}},{"type":"Feature","properties":{"mesh_id":"mesh-0051-0036","ward_code":"23115","ward_name":"名東区","population":1478,"cell_fraction":1.0},"geometry":{"type":"Polygon","coordinates":[[[136.9925,35.17],[136.996667,35.17],[136.996667,35.174167],[136.9925,35.174167],[136.9925,35.17]]]}},{"type":"Feature","properties":{"mesh_id":"mesh-0052-0036","ward_code":"23115","ward_name":"名東区","population":1478,"cell_fraction":1.0},"geometry":{"type":"Polygon","coordinates":[[[136.996667,35.17],[137.000833,35.17],[137.000833,35.174167],[136.996667,35.174167],[136.996667,35.17]]]}},{"type":"Feature","properties":{"mesh_id":"mesh-0053-0036","ward_code":"23115","ward_name":"名東区","population":1478,"cell_fraction":1.0},"geometry":{"type":"Polygon","coordinates":[[[137.000833,35.17],[137.005,35.17],[137.005,35.174167],[137.000833,35.174167],[137.000833,35.17]]]}},{"type":"Feature","properties":{"mesh_id":"mesh-0054-0036","ward_code":"23115","ward_name":"名東区","population":1478,"cell_fraction":1.0},"geometry":{"type":"Polygon","coordinates":[[[137.005,35.17],[137.009167,35.17],[137.009167,35.174167],[137.005,35.174167],[137.005,35.17]]]}},{"type":"Feature","properties":{"mesh_id":"mesh-0055-0036","ward_code":"23115","ward_name":"名東区","population":1478,"cell_fraction":1.0},"geometry":{"type":"Polygon","coordinates":[[[137.009167,35.17],[137.013333,35.17],[137.013333,35.174167],[137.009167,35.174167],[137.009167,35.17]]]}},{"type":"Feature","properties":{"mesh_id":"mesh-0056-0036","ward_code":"23115","ward_name":"名東区","population":1478,"cell_fraction":1.0},"geometry":{"type":"Polygon","coordinates":[[[137.013333,35.17],[137.0175,35.17],[137.0175,35.174167],[137.013333,35.174167],[137.013333,35.17]]]}},{"type":"Feature","properties":{"mesh_id":"mesh-0057-0036","ward_code":"23115","ward_name":"名東区","population":1478,"cell_fraction":1.0},"geometry":{"type":"Polygon","coordinates":[[[137.0175,35.17],[137.021667,35.17],[137.021667,35.174167],[137.0175,35.174167],[137.0175,35.17]]]}},{"type":"Feature","properties":{"mesh_id":"mesh-0058-0036","ward_code":"23115","ward_name":"名東区","population":1478,"cell_fraction":1.0},"geometry":{"type":"Polygon","coordinates":[[[137.021667,35.17],[137.025833,35.17],[137.025833,35.174167],[137.021667,35.174167],[137.021667,35.17]]]}},{"type":"Feature","properties":{"mesh_id":"mesh-0047-0037","ward_code":"23115","ward_name":"名東区","population":369,"cell_fraction":0.25},"geometry":{"type":"Polygon","coordinates":[[[136.975833,35.174167],[136.98,35.174167],[136.98,35.178333],[136.975833,35.178333],[136.975833,35.174167]]]}},{"type":"Feature","properties":{"mesh_id":"mesh-0048-0037","ward_code":"23115","ward_name":"名東区","population":1108,"cell_fraction":0.75},"geometry":{"type":"Polygon","coordinates":[[[136.98,35.174167],[136.984167,35.174167],[136.984167,35.178333],[136.98,35.178333],[136.98,35.174167]]]}},{"type":"Feature","properties":{"mesh_id":"mesh-0049-0037","ward_code":"23115","ward_name":"名東区","population":1478,"cell_fraction":1.0},"geometry":{"type":"Polygon","coordinates":[[[136.984167,35.174167],[136.988333,35.174167],[136.988333,35.178333],[136.984167,35.178333],[136.984167,35.174167]]]}},{"type":"Feature","properties":{"mesh_id":"mesh-0050-0037","ward_code":"23115","ward_name":"名東区","population":1478,"cell_fraction":1.0},"geometry":{"type":"Polygon","coordinates":[[[136.988333,35.174167],[136.9925,35.174167],[136.9925,35.178333],[136.988333,35.178333],[136.988333,35.174167]]]}},{"type":"Feature","properties":{"mesh_id":"mesh-0051-0037","ward_code":"23115","ward_name":"名東区","population":1478,"cell_fraction":1.0},"geometry":{"type":"Polygon","coordinates":[[[136.9925,35.174167],[136.996667,35.174167],[136.996667,35.178333],[136.9925,35.178333],[136.9925,35.174167]]]}},{"type":"Feature","properties":{"mesh_id":"mesh-0052-0037","ward_code":"23115","ward_name":"名東区","population":1478,"cell_fraction":1.0},"geometry":{"type":"Polygon","coordinates":[[[136.996667,35.174167],[137.000833,35.174167],[137.000833,35.178333],[136.996667,35.178333],[136.996667,35.174167]]]}},{"type":"Feature","properties":{"mesh_id":"mesh-0053-0037","ward_code":"23115","ward_name":"名東区","population":1477,"cell_fraction":1.0},"geometry":{"type":"Polygon","coordinates":[[[137.000833,35.174167],[137.005,35.174167],[137.005,35.178333],[137.000833,35.178333],[137.000833,35.174167]]]}},{"type":"Feature","properties":{"mesh_id":"mesh-0054-0037","ward_code":"23115","ward_name":"名東区","population":1477,"cell_fraction":1.0},"geometry":{"type":"Polygon","coordinates":[[[137.005,35.174167],[137.009167,35.174167],[137.009167,35.178333],[137.005,35.178333],[137.005,35.174167]]]}},{"type":"Feature","properties":{"mesh_id":"mesh-0055-0037","ward_code":"23115","ward_name":"名東区","population":1477,"cell_fraction":1.0},"geometry":{"type":"Polygon","coordinates":[[[137.009167,35.174167],[137.013333,35.174167],[137.013333,35.178333],[137.009167,35.178333],[137.009167,35.174167]]]}},{"type":"Feature","properties":{"mesh_id":"mesh-0056-0037","ward_code":"23115","ward_name":"名東区","population":1477,"cell_fraction":1.0},"geometry":{"type":"Polygon","coordinates":[[[137.013333,35.174167],[137.0175,35.174167],[137.0175,35.178333],[137.013333,35.178333],[137.013333,35.174167]]]}},{"type":"Feature","properties":{"mesh_id":"mesh-0057-0037","ward_code":"23115","ward_name":"名東区","population":1477,"cell_fraction":1.0},"geometry":{"type":"Polygon","coordinates":[[[137.0175,35.174167],[137.021667,35.174167],[137.021667,35.178333],[137.0175,35.178333],[137.0175,35.174167]]]}},{"type":"Feature","properties":{"mesh_id":"mesh-0058-0037","ward_code":"23115","ward_name":"名東区","population":1108,"cell_fraction":0.75},"geometry":{"type":"Polygon","coordinates":[[[137.021667,35.174167],[137.025833,35.174167],[137.025833,35.178333],[137.021667,35.178333],[137.021667,35.174167]]]}},{"type":"Feature","properties":{"mesh_id":"mesh-0047-0038","ward_code":"23115","ward_name":"名東区","population":369,"cell_fraction":0.25},"geometry":{"type":"Polygon","coordinates":[[[136.975833,35.178333],[136.98,35.178333],[136.98,35.1825],[136.975833,35.1825],[136.975833,35.178333]]]}},{"type":"Feature","properties":{"mesh_id":"mesh-0048-0038","ward_code":"23115","ward_name":"名東区","population":739,"cell_fraction":0.5},"geometry":{"type":"Polygon","coordinates":[[[136.98,35.178333],[136.984167,35.178333],[136.984167,35.1825],[136.98,35.1825],[136.98,35.178333]]]}},{"type":"Feature","properties":{"mesh_id":"mesh-0049-0038","ward_code":"23115","ward_name":"名東区","population":1477,"cell_fraction":1.0},"geometry":{"type":"Polygon","coordinates":[[[136.984167,35.178333],[136.988333,35.178333],[136.988333,35.1825],[136.984167,35.1825],[136.984167,35.178333]]]}},{"type":"Feature","properties":{"mesh_id":"mesh-0050-0038","ward_code":"23115","ward_name":"名東区","population":1477,"cell_fraction":1.0},"geometry":{"type":"Polygon","coordinates":[[[136.988333,35.178333],[136.9925,35.178333],[136.9925,35.1825],[136.988333,35.1825],[136.988333,35.178333]]]}},{"type":"Feature","properties":{"mesh_id":"mesh-0051-0038","ward_code":"23115","ward_name":"名東区","population":1477,"cell_fraction":1.0},"geometry":{"type":"Polygon","coordinates":[[[136.9925,35.178333],[136.996667,35.178333],[136.996667,35.1825],[136.9925,35.1825],[136.9925,35.178333]]]}},{"type":"Feature","properties":{"mesh_id":"mesh-0052-0038","ward_code":"23115","ward_name":"名東区","population":1477,"cell_fraction":1.0},"geometry":{"type":"Polygon","coordinates":[[[136.996667,35.178333],[137.000833,35.178333],[137.000833,35.1825],[136.996667,35.1825],[136.996667,35.178333]]]}},{"type":"Feature","properties":{"mesh_id":"mesh-0053-0038","ward_code":"23115","ward_name":"名東区","population":1477,"cell_fraction":1.0},"geometry":{"type":"Polygon","coordinates":[[[137.000833,35.178333],[137.005,35.178333],[137.005,35.1825],[137.000833,35.1825],[137.000833,35.178333]]]}},{"type":"Feature","properties":{"mesh_id":"mesh-0054-0038","ward_code":"23115","ward_name":"名東区","population":1477,"cell_fraction":1.0},"geometry":{"type":"Polygon","coordinates":[[[137.005,35.178333],[137.009167,35.178333],[137.009167,35.1825],[137.005,35.1825],[137.005,35.178333]]]}},{"type":"Feature","properties":{"mesh_id":"mesh-0055-0038","ward_code":"23115","ward_name":"名東区","population":1477,"cell_fraction":1.0},"geometry":{"type":"Polygon","coordinates":[[[137.009167,35.178333],[137.013333,35.178333],[137.013333,35.1825],[137.009167,35.1825],[137.009167,35.178333]]]}},{"type":"Feature","properties":{"mesh_id":"mesh-0056-0038","ward_code":"23115","ward_name":"名東区","population":1477,"cell_fraction":1.0},"geometry":{"type":"Polygon","coordinates":[[[137.013333,35.178333],[137.0175,35.178333],[137.0175,35.1825],[137.013333,35.1825],[137.013333,35.178333]]]}},{"type":"Feature","properties":{"mesh_id":"mesh-0057-0038","ward_code":"23115","ward_name":"名東区","population":1477,"cell_fraction":1.0},"geometry":{"type":"Polygon","coordinates":[[[137.0175,35.178333],[137.021667,35.178333],[137.021667,35.1825],[137.0175,35.1825],[137.0175,35.178333]]]}},{"type":"Feature","properties":{"mesh_id":"mesh-0058-0038","ward_code":"23115","ward_name":"名東区","population":1477,"cell_fraction":1.0},"geometry":{"type":"Polygon","coordinates":[[[137.021667,35.178333],[137.025833,35.178333],[137.025833,35.1825],[137.021667,35.1825],[137.021667,35.178333]]]}},{"type":"Feature","properties":{"mesh_id":"mesh-0049-0039","ward_code":"23115","ward_name":"名東区","population":739,"cell_fraction":0.5},"geometry":{"type":"Polygon","coordinates":[[[136.984167,35.1825],[136.988333,35.1825],[136.988333,35.186667],[136.984167,35.186667],[136.984167,35.1825]]]}},{"type":"Feature","properties":{"mesh_id":"mesh-0050-0039","ward_code":"23115","ward_name":"名東区","population":1477,"cell_fraction":1.0},"geometry":{"type":"Polygon","coordinates":[[[136.988333,35.1825],[136.9925,35.1825],[136.9925,35.186667],[136.988333,35.186667],[136.988333,35.1825]]]}},{"type":"Feature","properties":{"mesh_id":"mesh-0051-0039","ward_code":"23115","ward_name":"名東区","population":1477,"cell_fraction":1.0},"geometry":{"type":"Polygon","coordinates":[[[136.9925,35.1825],[136.996667,35.1825],[136.996667,35.186667],[136.9925,35.186667],[136.9925,35.1825]]]}},{"type":"Feature","properties":{"mesh_id":"mesh-0052-0039","ward_code":"23115","ward_name":"名東区","population":1477,"cell_fraction":1.0},"geometry":{"type":"Polygon","coordinates":[[[136.996667,35.1825],[137.000833,35.1825],[137.000833,35.186667],[136.996667,35.186667],[136.996667,35.1825]]]}},{"type":"Feature","properties":{"mesh_id":"mesh-0053-0039","ward_code":"23115","ward_name":"名東区","population":1477,"cell_fraction":1.0},"geometry":{"type":"Polygon","coordinates":[[[137.000833,35.1825],[137.005,35.1825],[137.005,35.186667],[137.000833,35.186667],[137.000833,35.1825]]]}},{"type":"Feature","properties":{"mesh_id":"mesh-0054-0039","ward_code":"23115","ward_name":"名東区","population":1477,"cell_fraction":1.0},"geometry":{"type":"Polygon","coordinates":[[[137.005,35.1825],[137.009167,35.1825],[137.009167,35.186667],[137.005,35.186667],[137.005,35.1825]]]}},{"type":"Feature","properties":{"mesh_id":"mesh-0055-0039","ward_code":"23115","ward_name":"名東区","population":1477,"cell_fraction":1.0},"geometry":{"type":"Polygon","coordinates":[[[137.009167,35.1825],[137.013333,35.1825],[137.013333,35.186667],[137.009167,35.186667],[137.009167,35.1825]]]}},{"type":"Feature","properties":{"mesh_id":"mesh-0056-0039","ward_code":"23115","ward_name":"名東区","population":1477,"cell_fraction":1.0},"geometry":{"type":"Polygon","coordinates":[[[137.013333,35.1825],[137.0175,35.1825],[137.0175,35.186667],[137.013333,35.186667],[137.013333,35.1825]]]}},{"type":"Feature","properties":{"mesh_id":"mesh-0057-0039","ward_code":"23115","ward_name":"名東区","population":1477,"cell_fraction":1.0},"geometry":{"type":"Polygon","coordinates":[[[137.0175,35.1825],[137.021667,35.1825],[137.021667,35.186667],[137.0175,35.186667],[137.0175,35.1825]]]}},{"type":"Feature","properties":{"mesh_id":"mesh-0058-0039","ward_code":"23115","ward_name":"名東区","population":1477,"cell_fraction":1.0},"geometry":{"type":"Polygon","coordinates":[[[137.021667,35.1825],[137.025833,35.1825],[137.025833,35.186667],[137.021667,35.186667],[137.021667,35.1825]]]}},{"type":"Feature","properties":{"mesh_id":"mesh-0049-0040","ward_code":"23115","ward_name":"名東区","population":739,"cell_fraction":0.5},"geometry":{"type":"Polygon","coordinates":[[[136.984167,35.186667],[136.988333,35.186667],[136.988333,35.190833],[136.984167,35.190833],[136.984167,35.186667]]]}},{"type":"Feature","properties":{"mesh_id":"mesh-0050-0040","ward_code":"23115","ward_name":"名東区","population":1477,"cell_fraction":1.0},"geometry":{"type":"Polygon","coordinates":[[[136.988333,35.186667],[136.9925,35.186667],[136.9925,35.190833],[136.988333,35.190833],[136.988333,35.186667]]]}},{"type":"Feature","properties":{"mesh_id":"mesh-0051-0040","ward_code":"23115","ward_name":"名東区","population":1477,"cell_fraction":1.0},"geometry":{"type":"Polygon","coordinates":[[[136.9925,35.186667],[136.996667,35.186667],[136.996667,35.190833],[136.9925,35.190833],[136.9925,35.186667]]]}},{"type":"Feature","properties":{"mesh_id":"mesh-0052-0040","ward_code":"23115","ward_name":"名東区","population":1477,"cell_fraction":1.0},"geometry":{"type":"Polygon","coordinates":[[[136.996667,35.186667],[137.000833,35.186667],[137.000833,35.190833],[136.996667,35.190833],[136.996667,35.186667]]]}},{"type":"Feature","properties":{"mesh_id":"mesh-0053-0040","ward_code":"23115","ward_name":"名東区","population":1477,"cell_fraction":1.0},"geometry":{"type":"Polygon","coordinates":[[[137.000833,35.186667],[137.005,35.186667],[137.005,35.190833],[137.000833,35.190833],[137.000833,35.186667]]]}},{"type":"Feature","properties":{"mesh_id":"mesh-0054-0040","ward_code":"23115","ward_name":"名東区","population":1477,"cell_fraction":1.0},"geometry":{"type":"Polygon","coordinates":[[[137.005,35.186667],[137.009167,35.186667],[137.009167,35.190833],[137.005,35.190833],[137.005,35.186667]]]}},{"type":"Feature","properties":{"mesh_id":"mesh-0055-0040","ward_code":"23115","ward_name":"名東区","population":1477,"cell_fraction":1.0},"geometry":{"type":"Polygon","coordinates":[[[137.009167,35.186667],[137.013333,35.186667],[137.013333,35.190833],[137.009167,35.190833],[137.009167,35.186667]]]}},{"type":"Feature","properties":{"mesh_id":"mesh-0056-0040","ward_code":"23115","ward_name":"名東区","population":1477,"cell_fraction":1.0},"geometry":{"type":"Polygon","coordinates":[[[137.013333,35.186667],[137.0175,35.186667],[137.0175,35.190833],[137.013333,35.190833],[137.013333,35.186667]]]}},{"type":"Feature","properties":{"mesh_id":"mesh-0057-0040","ward_code":"23115","ward_name":"名東区","population":739,"cell_fraction":0.5},"geometry":{"type":"Polygon","coordinates":[[[137.0175,35.186667],[137.021667,35.186667],[137.021667,35.190833],[137.0175,35.190833],[137.0175,35.186667]]]}},{"type":"Feature","properties":{"mesh_id":"mesh-0049-0041","ward_code":"23115","ward_name":"名東区","population":739,"cell_fraction":0.5},"geometry":{"type":"Polygon","coordinates":[[[136.984167,35.190833],[136.988333,35.190833],[136.988333,35.195],[136.984167,35.195],[136.984167,35.190833]]]}},{"type":"Feature","properties":{"mesh_id":"mesh-0050-0041","ward_code":"23115","ward_name":"名東区","population":1477,"cell_fraction":1.0},"geometry":{"type":"Polygon","coordinates":[[[136.988333,35.190833],[136.9925,35.190833],[136.9925,35.195],[136.988333,35.195],[136.988333,35.190833]]]}},{"type":"Feature","properties":{"mesh_id":"mesh-0051-0041","ward_code":"23115","ward_name":"名東区","population":1477,"cell_fraction":1.0},"geometry":{"type":"Polygon","coordinates":[[[136.9925,35.190833],[136.996667,35.190833],[136.996667,35.195],[136.9925,35.195],[136.9925,35.190833]]]}},{"type":"Feature","properties":{"mesh_id":"mesh-0052-0041","ward_code":"23115","ward_name":"名東区","population":1477,"cell_fraction":1.0},"geometry":{"type":"Polygon","coordinates":[[[136.996667,35.190833],[137.000833,35.190833],[137.000833,35.195],[136.996667,35.195],[136.996667,35.190833]]]}},{"type":"Feature","properties":{"mesh_id":"mesh-0053-0041","ward_code":"23115","ward_name":"名東区","population":739,"cell_fraction":0.5},"geometry":{"type":"Polygon","coordinates":[[[137.000833,35.190833],[137.005,35.190833],[137.005,35.195],[137.000833,35.195],[137.000833,35.190833]]]}},{"type":"Feature","properties":{"mesh_id":"mesh-0054-0041","ward_code":"23115","ward_name":"名東区","population":369,"cell_fraction":0.25},"geometry":{"type":"Polygon","coordinates":[[[137.005,35.190833],[137.009167,35.190833],[137.009167,35.195],[137.005,35.195],[137.005,35.190833]]]}},{"type":"Feature","properties":{"mesh_id":"mesh-0050-0042","ward_code":"23115","ward_name":"名東区","population":739,"cell_fraction":0.5},"geometry":{"type":"Polygon","coordinates":[[[136.988333,35.195],[136.9925,35.195],[136.9925,35.199167],[136.988333,35.199167],[136.988333,35.195]]]}},{"type":"Feature","properties":{"mesh_id":"mesh-0051-0042","ward_code":"23115","ward_name":"名東区","population":369,"cell_fraction":0.25},"geometry":{"type":"Polygon","coordinates":[[[136.9925,35.195],[136.996667,35.195],[136.996667,35.199167],[136.9925,35.199167],[136.9925,35.195]]]}},{"type":"Feature","properties":{"mesh_id":"mesh-0040-0019","ward_code":"23116","ward_name":"天白区","population":333,"cell_fraction":0.25},"geometry":{"type":"Polygon","coordinates":[[[136.946667,35.099167],[136.950833,35.099167],[136.950833,35.103333],[136.946667,35.103333],[136.946667,35.099167]]]}},{"type":"Feature","properties":{"mesh_id":"mesh-0041-0019","ward_code":"23116","ward_name":"天白区","population":665,"cell_fraction":0.5},"geometry":{"type":"Polygon","coordinates":[[[136.950833,35.099167],[136.955,35.099167],[136.955,35.103333],[136.950833,35.103333],[136.950833,35.099167]]]}},{"type":"Feature","properties":{"mesh_id":"mesh-0042-0019","ward_code":"23116","ward_name":"天白区","population":665,"cell_fraction":0.5},"geometry":{"type":"Polygon","coordinates":[[[136.955,35.099167],[136.959167,35.099167],[136.959167,35.103333],[136.955,35.103333],[136.955,35.099167]]]}},{"type":"Feature","properties":{"mesh_id":"mesh-0043-0019","ward_code":"23116","ward_name":"天白区","population":665,"cell_fraction":0.5},"geometry":{"type":"Polygon","coordinates":[[[136.959167,35.099167],[136.963333,35.099167],[136.963333,35.103333],[136.959167,35.103333],[136.959167,35.099167]]]}},{"type":"Feature","properties":{"mesh_id":"mesh-0044-0019","ward_code":"23116","ward_name":"天白区","population":665,"cell_fraction":0.5},"geometry":{"type":"Polygon","coordinates":[[[136.963333,35.099167],[136.9675,35.099167],[136.9675,35.103333],[136.963333,35.103333],[136.963333,35.099167]]]}},{"type":"Feature","properties":{"mesh_id":"mesh-0046-0019","ward_code":"23116","ward_name":"天白区","population":333,"cell_fraction":0.25},"geometry":{"type":"Polygon","coordinates":[[[136.971667,35.099167],[136.975833,35.099167],[136.975833,35.103333],[136.971667,35.103333],[136.971667,35.099167]]]}},{"type":"Feature","properties":{"mesh_id":"mesh-0053-0019","ward_code":"23116","ward_name":"天白区","population":333,"cell_fraction":0.25},"geometry":{"type":"Polygon","coordinates":[[[137.000833,35.099167],[137.005,35.099167],[137.005,35.103333],[137.000833,35.103333],[137.000833,35.099167]]]}},{"type":"Feature","properties":{"mesh_id":"mesh-0040-0020","ward_code":"23116","ward_name":"天白区","population":665,"cell_fraction":0.5},"geometry":{"type":"Polygon","coordinates":[[[136.946667,35.103333],[136.950833,35.103333],[136.950833,35.1075],[136.946667,35.1075],[136.946667,35.103333]]]}},{"type":"Feature","properties":{"mesh_id":"mesh-0041-0020","ward_code":"23116","ward_name":"天白区","population":1330,"cell_fraction":1.0},"geometry":{"type":"Polygon","coordinates":[[[136.950833,35.103333],[136.955,35.103333],[136.955,35.1075],[136.950833,35.1075],[136.950833,35.103333]]]}},{"type":"Feature","properties":{"mesh_id":"mesh-0042-0020","ward_code":"23116","ward_name":"天白区","population":1330,"cell_fraction":1.0},"geometry":{"type":"Polygon","coordinates":[[[136.955,35.103333],[136.959167,35.103333],[136.959167,35.1075],[136.955,35.1075],[136.955,35.103333]]]}},{"type":"Feature","properties":{"mesh_id":"mesh-0043-0020","ward_code":"23116","ward_name":"天白区","population":1330,"cell_fraction":1.0},"geometry":{"type":"Polygon","coordinates":[[[136.959167,35.103333],[136.963333,35.103333],[136.963333,35.1075],[136.959167,35.1075],[136.959167,35.103333]]]}},{"type":"Feature","properties":{"mesh_id":"mesh-0044-0020","ward_code":"23116","ward_name":"天白区","population":1329,"cell_fraction":1.0},"geometry":{"type":"Polygon","coordinates":[[[136.963333,35.103333],[136.9675,35.103333],[136.9675,35.1075],[136.963333,35.1075],[136.963333,35.103333]]]}},{"type":"Feature","properties":{"mesh_id":"mesh-0045-0020","ward_code":"23116","ward_name":"天白区","population":1329,"cell_fraction":1.0},"geometry":{"type":"Polygon","coordinates":[[[136.9675,35.103333],[136.971667,35.103333],[136.971667,35.1075],[136.9675,35.1075],[136.9675,35.103333]]]}},{"type":"Feature","properties":{"mesh_id":"mesh-0046-0020","ward_code":"23116","ward_name":"天白区","population":1329,"cell_fraction":1.0},"geometry":{"type":"Polygon","coordinates":[[[136.971667,35.103333],[136.975833,35.103333],[136.975833,35.1075],[136.971667,35.1075],[136.971667,35.103333]]]}},{"type":"Feature","properties":{"mesh_id":"mesh-0047-0020","ward_code":"23116","ward_name":"天白区","population":1329,"cell_fraction":1.0},"geometry":{"type":"Polygon","coordinates":[[[136.975833,35.103333],[136.98,35.103333],[136.98,35.1075],[136.975833,35.1075],[136.975833,35.103333]]]}},{"type":"Feature","properties":{"mesh_id":"mesh-0048-0020","ward_code":"23116","ward_name":"天白区","population":1329,"cell_fraction":1.0},"geometry":{"type":"Polygon","coordinates":[[[136.98,35.103333],[136.984167,35.103333],[136.984167,35.1075],[136.98,35.1075],[136.98,35.103333]]]}},{"type":"Feature","properties":{"mesh_id":"mesh-0049-0020","ward_code":"23116","ward_name":"天白区","population":333,"cell_fraction":0.25},"geometry":{"type":"Polygon","coordinates":[[[136.984167,35.103333],[136.988333,35.103333],[136.988333,35.1075],[136.984167,35.1075],[136.984167,35.103333]]]}},{"type":"Feature","properties":{"mesh_id":"mesh-0051-0020","ward_code":"23116","ward_name":"天白区","population":665,"cell_fraction":0.5},"geometry":{"type":"Polygon","coordinates":[[[136.9925,35.103333],[136.996667,35.103333],[136.996667,35.1075],[136.9925,35.1075],[136.9925,35.103333]]]}},{"type":"Feature","properties":{"mesh_id":"mesh-0052-0020","ward_code":"23116","ward_name":"天白区","population":997,"cell_fraction":0.75},"geometry":{"type":"Polygon","coordinates":[[[136.996667,35.103333],[137.000833,35.103333],[137.000833,35.1075],[136.996667,35.1075],[136.996667,35.103333]]]}},{"type":"Feature","properties":{"mesh_id":"mesh-0053-0020","ward_code":"23116","ward_name":"天白区","population":1329,"cell_fraction":1.0},"geometry":{"type":"Polygon","coordinates":[[[137.000833,35.103333],[137.005,35.103333],[137.005,35.1075],[137.000833,35.1075],[137.000833,35.103333]]]}},{"type":"Feature","properties":{"mesh_id":"mesh-0054-0020","ward_code":"23116","ward_name":"天白区","population":997,"cell_fraction":0.75},"geometry":{"type":"Polygon","coordinates":[[[137.005,35.103333],[137.009167,35.103333],[137.009167,35.1075],[137.005,35.1075],[137.005,35.103333]]]}},{"type":"Feature","properties":{"mesh_id":"mesh-0055-0020","ward_code":"23116","ward_name":"天白区","population":333,"cell_fraction":0.25},"geometry":{"type":"Polygon","coordinates":[[[137.009167,35.103333],[137.013333,35.103333],[137.013333,35.1075],[137.009167,35.1075],[137.009167,35.103333]]]}},{"type":"Feature","properties":{"mesh_id":"mesh-0040-0021","ward_code":"23116","ward_name":"天白区","population":665,"cell_fraction":0.5},"geometry":{"type":"Polygon","coordinates":[[[136.946667,35.1075],[136.950833,35.1075],[136.950833,35.111667],[136.946667,35.111667],[136.946667,35.1075]]]}},{"type":"Feature","properties":{"mesh_id":"mesh-0041-0021","ward_code":"23116","ward_name":"天白区","population":1329,"cell_fraction":1.0},"geometry":{"type":"Polygon","coordinates":[[[136.950833,35.1075],[136.955,35.1075],[136.955,35.111667],[136.950833,35.111667],[136.950833,35.1075]]]}},{"type":"Feature","properties":{"mesh_id":"mesh-0042-0021","ward_code":"23116","ward_name":"天白区","population":1329,"cell_fraction":1.0},"geometry":{"type":"Polygon","coordinates":[[[136.955,35.1075],[136.959167,35.1075],[136.959167,35.111667],[136.955,35.111667],[136.955,35.1075]]]}},{"type":"Feature","properties":{"mesh_id":"mesh-0043-0021","ward_code":"23116","ward_name":"天白区","population":1329,"cell_fraction":1.0},"geometry":{"type":"Polygon","coordinates":[[[136.959167,35.1075],[136.963333,35.1075],[136.963333,35.111667],[136.959167,35.111667],[136.959167,35.1075]]]}},{"type":"Feature","properties":{"mesh_id":"mesh-0044-0021","ward_code":"23116","ward_name":"天白区","population":1329,"cell_fraction":1.0},"geometry":{"type":"Polygon","coordinates":[[[136.963333,35.1075],[136.9675,35.1075],[136.9675,35.111667],[136.963333,35.111667],[136.963333,35.1075]]]}},{"type":"Feature","properties":{"mesh_id":"mesh-0045-0021","ward_code":"23116","ward_name":"天白区","population":1329,"cell_fraction":1.0},"geometry":{"type":"Polygon","coordinates":[[[136.9675,35.1075],[136.971667,35.1075],[136.971667,35.111667],[136.9675,35.111667],[136.9675,35.1075]]]}},{"type":"Feature","properties":{"mesh_id":"mesh-0046-0021","ward_code":"23116","ward_name":"天白区","population":1329,"cell_fraction":1.0},"geometry":{"type":"Polygon","coordinates":[[[136.971667,35.1075],[136.975833,35.1075],[136.975833,35.111667],[136.971667,35.111667],[136.971667,35.1075]]]}},{"type":"Feature","properties":{"mesh_id":"mesh-0047-0021","ward_code":"23116","ward_name":"天白区","population":1329,"cell_fraction":1.0},"geometry":{"type":"Polygon","coordinates":[[[136.975833,35.1075],[136.98,35.1075],[136.98,35.111667],[136.975833,35.111667],[136.975833,35.1075]]]}},{"type":"Feature","properties":{"mesh_id":"mesh-0048-0021","ward_code":"23116","ward_name":"天白区","population":1329,"cell_fraction":1.0},"geometry":{"type":"Polygon","coordinates":[[[136.98,35.1075],[136.984167,35.1075],[136.984167,35.111667],[136.98,35.111667],[136.98,35.1075]]]}},{"type":"Feature","properties":{"mesh_id":"mesh-0049-0021","ward_code":"23116","ward_name":"天白区","population":1329,"cell_fraction":1.0},"geometry":{"type":"Polygon","coordinates":[[[136.984167,35.1075],[136.988333,35.1075],[136.988333,35.111667],[136.984167,35.111667],[136.984167,35.1075]]]}},{"type":"Feature","properties":{"mesh_id":"mesh-0050-0021","ward_code":"23116","ward_name":"天白区","population":1329,"cell_fraction":1.0},"geometry":{"type":"Polygon","coordinates":[[[136.988333,35.1075],[136.9925,35.1075],[136.9925,35.111667],[136.988333,35.111667],[136.988333,35.1075]]]}},{"type":"Feature","properties":{"mesh_id":"mesh-0051-0021","ward_code":"23116","ward_name":"天白区","population":1329,"cell_fraction":1.0},"geometry":{"type":"Polygon","coordinates":[[[136.9925,35.1075],[136.996667,35.1075],[136.996667,35.111667],[136.9925,35.111667],[136.9925,35.1075]]]}},{"type":"Feature","properties":{"mesh_id":"mesh-0052-0021","ward_code":"23116","ward_name":"天白区","population":1329,"cell_fraction":1.0},"geometry":{"type":"Polygon","coordinates":[[[136.996667,35.1075],[137.000833,35.1075],[137.000833,35.111667],[136.996667,35.111667],[136.996667,35.1075]]]}},{"type":"Feature","properties":{"mesh_id":"mesh-0053-0021","ward_code":"23116","ward_name":"天白区","population":1329,"cell_fraction":1.0},"geometry":{"type":"Polygon","coordinates":[[[137.000833,35.1075],[137.005,35.1075],[137.005,35.111667],[137.000833,35.111667],[137.000833,35.1075]]]}},{"type":"Feature","properties":{"mesh_id":"mesh-0054-0021","ward_code":"23116","ward_name":"天白区","population":1329,"cell_fraction":1.0},"geometry":{"type":"Polygon","coordinates":[[[137.005,35.1075],[137.009167,35.1075],[137.009167,35.111667],[137.005,35.111667],[137.005,35.1075]]]}},{"type":"Feature","properties":{"mesh_id":"mesh-0055-0021","ward_code":"23116","ward_name":"天白区","population":1329,"cell_fraction":1.0},"geometry":{"type":"Polygon","coordinates":[[[137.009167,35.1075],[137.013333,35.1075],[137.013333,35.111667],[137.009167,35.111667],[137.009167,35.1075]]]}},{"type":"Feature","properties":{"mesh_id":"mesh-0056-0021","ward_code":"23116","ward_name":"天白区","population":997,"cell_fraction":0.75},"geometry":{"type":"Polygon","coordinates":[[[137.013333,35.1075],[137.0175,35.1075],[137.0175,35.111667],[137.013333,35.111667],[137.013333,35.1075]]]}},{"type":"Feature","properties":{"mesh_id":"mesh-0057-0021","ward_code":"23116","ward_name":"天白区","population":333,"cell_fraction":0.25},"geometry":{"type":"Polygon","coordinates":[[[137.0175,35.1075],[137.021667,35.1075],[137.021667,35.111667],[137.0175,35.111667],[137.0175,35.1075]]]}},{"type":"Feature","properties":{"mesh_id":"mesh-0041-0022","ward_code":"23116","ward_name":"天白区","population":333,"cell_fraction":0.25},"geometry":{"type":"Polygon","coordinates":[[[136.950833,35.111667],[136.955,35.111667],[136.955,35.115833],[136.950833,35.115833],[136.950833,35.111667]]]}},{"type":"Feature","properties":{"mesh_id":"mesh-0042-0022","ward_code":"23116","ward_name":"天白区","population":665,"cell_fraction":0.5},"geometry":{"type":"Polygon","coordinates":[[[136.955,35.111667],[136.959167,35.111667],[136.959167,35.115833],[136.955,35.115833],[136.955,35.111667]]]}},{"type":"Feature","properties":{"mesh_id":"mesh-0043-0022","ward_code":"23116","ward_name":"天白区","population":997,"cell_fraction":0.75},"geometry":{"type":"Polygon","coordinates":[[[136.959167,35.111667],[136.963333,35.111667],[136.963333,35.115833],[136.959167,35.115833],[136.959167,35.111667]]]}},{"type":"Feature","properties":{"mesh_id":"mesh-0044-0022","ward_code":"23116","ward_name":"天白区","population":1329,"cell_fraction":1.0},"geometry":{"type":"Polygon","coordinates":[[[136.963333,35.111667],[136.9675,35.111667],[136.9675,35.115833],[136.963333,35.115833],[136.963333,35.111667]]]}},{"type":"Feature","properties":{"mesh_id":"mesh-0045-0022","ward_code":"23116","ward_name":"天白区","population":1329,"cell_fraction":1.0},"geometry":{"type":"Polygon","coordinates":[[[136.9675,35.111667],[136.971667,35.111667],[136.971667,35.115833],[136.9675,35.115833],[136.9675,35.111667]]]}},{"type":"Feature","properties":{"mesh_id":"mesh-0046-0022","ward_code":"23116","ward_name":"天白区","population":1329,"cell_fraction":1.0},"geometry":{"type":"Polygon","coordinates":[[[136.971667,35.111667],[136.975833,35.111667],[136.975833,35.115833],[136.971667,35.115833],[136.971667,35.111667]]]}},{"type":"Feature","properties":{"mesh_id":"mesh-0047-0022","ward_code":"23116","ward_name":"天白区","population":1329,"cell_fraction":1.0},"geometry":{"type":"Polygon","coordinates":[[[136.975833,35.111667],[136.98,35.111667],[136.98,35.115833],[136.975833,35.115833],[136.975833,35.111667]]]}},{"type":"Feature","properties":{"mesh_id":"mesh-0048-0022","ward_code":"23116","ward_name":"天白区","population":1329,"cell_fraction":1.0},"geometry":{"type":"Polygon","coordinates":[[[136.98,35.111667],[136.984167,35.111667],[136.984167,35.115833],[136.98,35.115833],[136.98,35.111667]]]}},{"type":"Feature","properties":{"mesh_id":"mesh-0049-0022","ward_code":"23116","ward_name":"天白区","population":1329,"cell_fraction":1.0},"geometry":{"type":"Polygon","coordinates":[[[136.984167,35.111667],[136.988333,35.111667],[136.988333,35.115833],[136.984167,35.115833],[136.984167,35.111667]]]}},{"type":"Feature","properties":{"mesh_id":"mesh-0050-0022","ward_code":"23116","ward_name":"天白区","population":1329,"cell_fraction":1.0},"geometry":{"type":"Polygon","coordinates":[[[136.988333,35.111667],[136.9925,35.111667],[136.9925,35.115833],[136.988333,35.115833],[136.988333,35.111667]]]}},{"type":"Feature","properties":{"mesh_id":"mesh-0051-0022","ward_code":"23116","ward_name":"天白区","population":1329,"cell_fraction":1.0},"geometry":{"type":"Polygon","coordinates":[[[136.9925,35.111667],[136.996667,35.111667],[136.996667,35.115833],[136.9925,35.115833],[136.9925,35.111667]]]}},{"type":"Feature","properties":{"mesh_id":"mesh-0052-0022","ward_code":"23116","ward_name":"天白区","population":1329,"cell_fraction":1.0},"geometry":{"type":"Polygon","coordinates":[[[136.996667,35.111667],[137.000833,35.111667],[137.000833,35.115833],[136.996667,35.115833],[136.996667,35.111667]]]}},{"type":"Feature","properties":{"mesh_id":"mesh-0053-0022","ward_code":"23116","ward_name":"天白区","population":1329,"cell_fraction":1.0},"geometry":{"type":"Polygon","coordinates":[[[137.000833,35.111667],[137.005,35.111667],[137.005,35.115833],[137.000833,35.115833],[137.000833,35.111667]]]}},{"type":"Feature","properties":{"mesh_id":"mesh-0054-0022","ward_code":"23116","ward_name":"天白区","population":1329,"cell_fraction":1.0},"geometry":{"type":"Polygon","coordinates":[[[137.005,35.111667],[137.009167,35.111667],[137.009167,35.115833],[137.005,35.115833],[137.005,35.111667]]]}},{"type":"Feature","properties":{"mesh_id":"mesh-0055-0022","ward_code":"23116","ward_name":"天白区","population":1329,"cell_fraction":1.0},"geometry":{"type":"Polygon","coordinates":[[[137.009167,35.111667],[137.013333,35.111667],[137.013333,35.115833],[137.009167,35.115833],[137.009167,35.111667]]]}},{"type":"Feature","properties":{"mesh_id":"mesh-0056-0022","ward_code":"23116","ward_name":"天白区","population":997,"cell_fraction":0.75},"geometry":{"type":"Polygon","coordinates":[[[137.013333,35.111667],[137.0175,35.111667],[137.0175,35.115833],[137.013333,35.115833],[137.013333,35.111667]]]}},{"type":"Feature","properties":{"mesh_id":"mesh-0043-0023","ward_code":"23116","ward_name":"天白区","population":665,"cell_fraction":0.5},"geometry":{"type":"Polygon","coordinates":[[[136.959167,35.115833],[136.963333,35.115833],[136.963333,35.12],[136.959167,35.12],[136.959167,35.115833]]]}},{"type":"Feature","properties":{"mesh_id":"mesh-0044-0023","ward_code":"23116","ward_name":"天白区","population":1329,"cell_fraction":1.0},"geometry":{"type":"Polygon","coordinates":[[[136.963333,35.115833],[136.9675,35.115833],[136.9675,35.12],[136.963333,35.12],[136.963333,35.115833]]]}},{"type":"Feature","properties":{"mesh_id":"mesh-0045-0023","ward_code":"23116","ward_name":"天白区","population":1329,"cell_fraction":1.0},"geometry":{"type":"Polygon","coordinates":[[[136.9675,35.115833],[136.971667,35.115833],[136.971667,35.12],[136.9675,35.12],[136.9675,35.115833]]]}},{"type":"Feature","properties":{"mesh_id":"mesh-0046-0023","ward_code":"23116","ward_name":"天白区","population":1329,"cell_fraction":1.0},"geometry":{"type":"Polygon","coordinates":[[[136.971667,35.115833],[136.975833,35.115833],[136.975833,35.12],[136.971667,35.12],[136.971667,35.115833]]]}},{"type":"Feature","properties":{"mesh_id":"mesh-0047-0023","ward_code":"23116","ward_name":"天白区","population":1329,"cell_fraction":1.0},"geometry":{"type":"Polygon","coordinates":[[[136.975833,35.115833],[136.98,35.115833],[136.98,35.12],[136.975833,35.12],[136.975833,35.115833]]]}},{"type":"Feature","properties":{"mesh_id":"mesh-0048-0023","ward_code":"23116","ward_name":"天白区","population":1329,"cell_fraction":1.0},"geometry":{"type":"Polygon","coordinates":[[[136.98,35.115833],[136.984167,35.115833],[136.984167,35.12],[136.98,35.12],[136.98,35.115833]]]}},{"type":"Feature","properties":{"mesh_id":"mesh-0049-0023","ward_code":"23116","ward_name":"天白区","population":1329,"cell_fraction":1.0},"geometry":{"type":"Polygon","coordinates":[[[136.984167,35.115833],[136.988333,35.115833],[136.988333,35.12],[136.984167,35.12],[136.984167,35.115833]]]}},{"type":"Feature","properties":{"mesh_id":"mesh-0050-0023","ward_code":"23116","ward_name":"天白区","population":1329,"cell_fraction":1.0},"geometry":{"type":"Polygon","coordinates":[[[136.988333,35.115833],[136.9925,35.115833],[136.9925,35.12],[136.988333,35.12],[136.988333,35.115833]]]}},{"type":"Feature","properties":{"mesh_id":"mesh-0051-0023","ward_code":"23116","ward_name":"天白区","population":1329,"cell_fraction":1.0},"geometry":{"type":"Polygon","coordinates":[[[136.9925,35.115833],[136.996667,35.115833],[136.996667,35.12],[136.9925,35.12],[136.9925,35.115833]]]}},{"type":"Feature","properties":{"mesh_id":"mesh-0052-0023","ward_code":"23116","ward_name":"天白区","population":1329,"cell_fraction":1.0},"geometry":{"type":"Polygon","coordinates":[[[136.996667,35.115833],[137.000833,35.115833],[137.000833,35.12],[136.996667,35.12],[136.996667,35.115833]]]}},{"type":"Feature","properties":{"mesh_id":"mesh-0053-0023","ward_code":"23116","ward_name":"天白区","population":1329,"cell_fraction":1.0},"geometry":{"type":"Polygon","coordinates":[[[137.000833,35.115833],[137.005,35.115833],[137.005,35.12],[137.000833,35.12],[137.000833,35.115833]]]}},{"type":"Feature","properties":{"mesh_id":"mesh-0054-0023","ward_code":"23116","ward_name":"天白区","population":1329,"cell_fraction":1.0},"geometry":{"type":"Polygon","coordinates":[[[137.005,35.115833],[137.009167,35.115833],[137.009167,35.12],[137.005,35.12],[137.005,35.115833]]]}},{"type":"Feature","properties":{"mesh_id":"mesh-0055-0023","ward_code":"23116","ward_name":"天白区","population":997,"cell_fraction":0.75},"geometry":{"type":"Polygon","coordinates":[[[137.009167,35.115833],[137.013333,35.115833],[137.013333,35.12],[137.009167,35.12],[137.009167,35.115833]]]}},{"type":"Feature","properties":{"mesh_id":"mesh-0056-0023","ward_code":"23116","ward_name":"天白区","population":333,"cell_fraction":0.25},"geometry":{"type":"Polygon","coordinates":[[[137.013333,35.115833],[137.0175,35.115833],[137.0175,35.12],[137.013333,35.12],[137.013333,35.115833]]]}},{"type":"Feature","properties":{"mesh_id":"mesh-0043-0024","ward_code":"23116","ward_name":"天白区","population":665,"cell_fraction":0.5},"geometry":{"type":"Polygon","coordinates":[[[136.959167,35.12],[136.963333,35.12],[136.963333,35.124167],[136.959167,35.124167],[136.959167,35.12]]]}},{"type":"Feature","properties":{"mesh_id":"mesh-0044-0024","ward_code":"23116","ward_name":"天白区","population":1329,"cell_fraction":1.0},"geometry":{"type":"Polygon","coordinates":[[[136.963333,35.12],[136.9675,35.12],[136.9675,35.124167],[136.963333,35.124167],[136.963333,35.12]]]}},{"type":"Feature","properties":{"mesh_id":"mesh-0045-0024","ward_code":"23116","ward_name":"天白区","population":1329,"cell_fraction":1.0},"geometry":{"type":"Polygon","coordinates":[[[136.9675,35.12],[136.971667,35.12],[136.971667,35.124167],[136.9675,35.124167],[136.9675,35.12]]]}},{"type":"Feature","properties":{"mesh_id":"mesh-0046-0024","ward_code":"23116","ward_name":"天白区","population":1329,"cell_fraction":1.0},"geometry":{"type":"Polygon","coordinates":[[[136.971667,35.12],[136.975833,35.12],[136.975833,35.124167],[136.971667,35.124167],[136.971667,35.12]]]}},{"type":"Feature","properties":{"mesh_id":"mesh-0047-0024","ward_code":"23116","ward_name":"天白区","population":1329,"cell_fraction":1.0},"geometry":{"type":"Polygon","coordinates":[[[136.975833,35.12],[136.98,35.12],[136.98,35.124167],[136.975833,35.124167],[136.975833,35.12]]]}},{"type":"Feature","properties":{"mesh_id":"mesh-0048-0024","ward_code":"23116","ward_name":"天白区","population":1329,"cell_fraction":1.0},"geometry":{"type":"Polygon","coordinates":[[[136.98,35.12],[136.984167,35.12],[136.984167,35.124167],[136.98,35.124167],[136.98,35.12]]]}},{"type":"Feature","properties":{"mesh_id":"mesh-0049-0024","ward_code":"23116","ward_name":"天白区","population":1329,"cell_fraction":1.0},"geometry":{"type":"Polygon","coordinates":[[[136.984167,35.12],[136.988333,35.12],[136.988333,35.124167],[136.984167,35.124167],[136.984167,35.12]]]}},{"type":"Feature","properties":{"mesh_id":"mesh-0050-0024","ward_code":"23116","ward_name":"天白区","population":1329,"cell_fraction":1.0},"geometry":{"type":"Polygon","coordinates":[[[136.988333,35.12],[136.9925,35.12],[136.9925,35.124167],[136.988333,35.124167],[136.988333,35.12]]]}},{"type":"Feature","properties":{"mesh_id":"mesh-0051-0024","ward_code":"23116","ward_name":"天白区","population":1329,"cell_fraction":1.0},"geometry":{"type":"Polygon","coordinates":[[[136.9925,35.12],[136.996667,35.12],[136.996667,35.124167],[136.9925,35.124167],[136.9925,35.12]]]}},{"type":"Feature","properties":{"mesh_id":"mesh-0052-0024","ward_code":"23116","ward_name":"天白区","population":1329,"cell_fraction":1.0},"geometry":{"type":"Polygon","coordinates":[[[136.996667,35.12],[137.000833,35.12],[137.000833,35.124167],[136.996667,35.124167],[136.996667,35.12]]]}},{"type":"Feature","properties":{"mesh_id":"mesh-0053-0024","ward_code":"23116","ward_name":"天白区","population":1329,"cell_fraction":1.0},"geometry":{"type":"Polygon","coordinates":[[[137.000833,35.12],[137.005,35.12],[137.005,35.124167],[137.000833,35.124167],[137.000833,35.12]]]}},{"type":"Feature","properties":{"mesh_id":"mesh-0054-0024","ward_code":"23116","ward_name":"天白区","population":1329,"cell_fraction":1.0},"geometry":{"type":"Polygon","coordinates":[[[137.005,35.12],[137.009167,35.12],[137.009167,35.124167],[137.005,35.124167],[137.005,35.12]]]}},{"type":"Feature","properties":{"mesh_id":"mesh-0055-0024","ward_code":"23116","ward_name":"天白区","population":333,"cell_fraction":0.25},"geometry":{"type":"Polygon","coordinates":[[[137.009167,35.12],[137.013333,35.12],[137.013333,35.124167],[137.009167,35.124167],[137.009167,35.12]]]}},{"type":"Feature","properties":{"mesh_id":"mesh-0043-0025","ward_code":"23116","ward_name":"天白区","population":997,"cell_fraction":0.75},"geometry":{"type":"Polygon","coordinates":[[[136.959167,35.124167],[136.963333,35.124167],[136.963333,35.128333],[136.959167,35.128333],[136.959167,35.124167]]]}},{"type":"Feature","properties":{"mesh_id":"mesh-0044-0025","ward_code":"23116","ward_name":"天白区","population":1329,"cell_fraction":1.0},"geometry":{"type":"Polygon","coordinates":[[[136.963333,35.124167],[136.9675,35.124167],[136.9675,35.128333],[136.963333,35.128333],[136.963333,35.124167]]]}},{"type":"Feature","properties":{"mesh_id":"mesh-0045-0025","ward_code":"23116","ward_name":"天白区","population":1329,"cell_fraction":1.0},"geometry":{"type":"Polygon","coordinates":[[[136.9675,35.124167],[136.971667,35.124167],[136.971667,35.128333],[136.9675,35.128333],[136.9675,35.124167]]]}},{"type":"Feature","properties":{"mesh_id":"mesh-0046-0025","ward_code":"23116","ward_name":"天白区","population":1329,"cell_fraction":1.0},"geometry":{"type":"Polygon","coordinates":[[[136.971667,35.124167],[136.975833,35.124167],[136.975833,35.128333],[136.971667,35.128333],[136.971667,35.124167]]]}},{"type":"Feature","properties":{"mesh_id":"mesh-0047-0025","ward_code":"23116","ward_name":"天白区","population":1329,"cell_fraction":1.0},"geometry":{"type":"Polygon","coordinates":[[[136.975833,35.124167],[136.98,35.124167],[136.98,35.128333],[136.975833,35.128333],[136.975833,35.124167]]]}},{"type":"Feature","properties":{"mesh_id":"mesh-0048-0025","ward_code":"23116","ward_name":"天白区","population":1329,"cell_fraction":1.0},"geometry":{"type":"Polygon","coordinates":[[[136.98,35.124167],[136.984167,35.124167],[136.984167,35.128333],[136.98,35.128333],[136.98,35.124167]]]}},{"type":"Feature","properties":{"mesh_id":"mesh-0049-0025","ward_code":"23116","ward_name":"天白区","population":1329,"cell_fraction":1.0},"geometry":{"type":"Polygon","coordinates":[[[136.984167,35.124167],[136.988333,35.124167],[136.988333,35.128333],[136.984167,35.128333],[136.984167,35.124167]]]}},{"type":"Feature","properties":{"mesh_id":"mesh-0050-0025","ward_code":"23116","ward_name":"天白区","population":1329,"cell_fraction":1.0},"geometry":{"type":"Polygon","coordinates":[[[136.988333,35.124167],[136.9925,35.124167],[136.9925,35.128333],[136.988333,35.128333],[136.988333,35.124167]]]}},{"type":"Feature","properties":{"mesh_id":"mesh-0051-0025","ward_code":"23116","ward_name":"天白区","population":1329,"cell_fraction":1.0},"geometry":{"type":"Polygon","coordinates":[[[136.9925,35.124167],[136.996667,35.124167],[136.996667,35.128333],[136.9925,35.128333],[136.9925,35.124167]]]}},{"type":"Feature","properties":{"mesh_id":"mesh-0052-0025","ward_code":"23116","ward_name":"天白区","population":1329,"cell_fraction":1.0},"geometry":{"type":"Polygon","coordinates":[[[136.996667,35.124167],[137.000833,35.124167],[137.000833,35.128333],[136.996667,35.128333],[136.996667,35.124167]]]}},{"type":"Feature","properties":{"mesh_id":"mesh-0053-0025","ward_code":"23116","ward_name":"天白区","population":1329,"cell_fraction":1.0},"geometry":{"type":"Polygon","coordinates":[[[137.000833,35.124167],[137.005,35.124167],[137.005,35.128333],[137.000833,35.128333],[137.000833,35.124167]]]}},{"type":"Feature","properties":{"mesh_id":"mesh-0054-0025","ward_code":"23116","ward_name":"天白区","population":333,"cell_fraction":0.25},"geometry":{"type":"Polygon","coordinates":[[[137.005,35.124167],[137.009167,35.124167],[137.009167,35.128333],[137.005,35.128333],[137.005,35.124167]]]}},{"type":"Feature","properties":{"mesh_id":"mesh-0043-0026","ward_code":"23116","ward_name":"天白区","population":1329,"cell_fraction":1.0},"geometry":{"type":"Polygon","coordinates":[[[136.959167,35.128333],[136.963333,35.128333],[136.963333,35.1325],[136.959167,35.1325],[136.959167,35.128333]]]}},{"type":"Feature","properties":{"mesh_id":"mesh-0044-0026","ward_code":"23116","ward_name":"天白区","population":1329,"cell_fraction":1.0},"geometry":{"type":"Polygon","coordinates":[[[136.963333,35.128333],[136.9675,35.128333],[136.9675,35.1325],[136.963333,35.1325],[136.963333,35.128333]]]}},{"type":"Feature","properties":{"mesh_id":"mesh-0045-0026","ward_code":"23116","ward_name":"天白区","population":1329,"cell_fraction":1.0},"geometry":{"type":"Polygon","coordinates":[[[136.9675,35.128333],[136.971667,35.128333],[136.971667,35.1325],[136.9675,35.1325],[136.9675,35.128333]]]}},{"type":"Feature","properties":{"mesh_id":"mesh-0046-0026","ward_code":"23116","ward_name":"天白区","population":1329,"cell_fraction":1.0},"geometry":{"type":"Polygon","coordinates":[[[136.971667,35.128333],[136.975833,35.128333],[136.975833,35.1325],[136.971667,35.1325],[136.971667,35.128333]]]}},{"type":"Feature","properties":{"mesh_id":"mesh-0047-0026","ward_code":"23116","ward_name":"天白区","population":1329,"cell_fraction":1.0},"geometry":{"type":"Polygon","coordinates":[[[136.975833,35.128333],[136.98,35.128333],[136.98,35.1325],[136.975833,35.1325],[136.975833,35.128333]]]}},{"type":"Feature","properties":{"mesh_id":"mesh-0048-0026","ward_code":"23116","ward_name":"天白区","population":1329,"cell_fraction":1.0},"geometry":{"type":"Polygon","coordinates":[[[136.98,35.128333],[136.984167,35.128333],[136.984167,35.1325],[136.98,35.1325],[136.98,35.128333]]]}},{"type":"Feature","properties":{"mesh_id":"mesh-0049-0026","ward_code":"23116","ward_name":"天白区","population":1329,"cell_fraction":1.0},"geometry":{"type":"Polygon","coordinates":[[[136.984167,35.128333],[136.988333,35.128333],[136.988333,35.1325],[136.984167,35.1325],[136.984167,35.128333]]]}},{"type":"Feature","properties":{"mesh_id":"mesh-0050-0026","ward_code":"23116","ward_name":"天白区","population":1329,"cell_fraction":1.0},"geometry":{"type":"Polygon","coordinates":[[[136.988333,35.128333],[136.9925,35.128333],[136.9925,35.1325],[136.988333,35.1325],[136.988333,35.128333]]]}},{"type":"Feature","properties":{"mesh_id":"mesh-0051-0026","ward_code":"23116","ward_name":"天白区","population":1329,"cell_fraction":1.0},"geometry":{"type":"Polygon","coordinates":[[[136.9925,35.128333],[136.996667,35.128333],[136.996667,35.1325],[136.9925,35.1325],[136.9925,35.128333]]]}},{"type":"Feature","properties":{"mesh_id":"mesh-0052-0026","ward_code":"23116","ward_name":"天白区","population":1329,"cell_fraction":1.0},"geometry":{"type":"Polygon","coordinates":[[[136.996667,35.128333],[137.000833,35.128333],[137.000833,35.1325],[136.996667,35.1325],[136.996667,35.128333]]]}},{"type":"Feature","properties":{"mesh_id":"mesh-0053-0026","ward_code":"23116","ward_name":"天白区","population":665,"cell_fraction":0.5},"geometry":{"type":"Polygon","coordinates":[[[137.000833,35.128333],[137.005,35.128333],[137.005,35.1325],[137.000833,35.1325],[137.000833,35.128333]]]}},{"type":"Feature","properties":{"mesh_id":"mesh-0054-0026","ward_code":"23116","ward_name":"天白区","population":665,"cell_fraction":0.5},"geometry":{"type":"Polygon","coordinates":[[[137.005,35.128333],[137.009167,35.128333],[137.009167,35.1325],[137.005,35.1325],[137.005,35.128333]]]}},{"type":"Feature","properties":{"mesh_id":"mesh-0043-0027","ward_code":"23116","ward_name":"天白区","population":997,"cell_fraction":0.75},"geometry":{"type":"Polygon","coordinates":[[[136.959167,35.1325],[136.963333,35.1325],[136.963333,35.136667],[136.959167,35.136667],[136.959167,35.1325]]]}},{"type":"Feature","properties":{"mesh_id":"mesh-0044-0027","ward_code":"23116","ward_name":"天白区","population":997,"cell_fraction":0.75},"geometry":{"type":"Polygon","coordinates":[[[136.963333,35.1325],[136.9675,35.1325],[136.9675,35.136667],[136.963333,35.136667],[136.963333,35.1325]]]}},{"type":"Feature","properties":{"mesh_id":"mesh-0045-0027","ward_code":"23116","ward_name":"天白区","population":1329,"cell_fraction":1.0},"geometry":{"type":"Polygon","coordinates":[[[136.9675,35.1325],[136.971667,35.1325],[136.971667,35.136667],[136.9675,35.136667],[136.9675,35.1325]]]}},{"type":"Feature","properties":{"mesh_id":"mesh-0046-0027","ward_code":"23116","ward_name":"天白区","population":1329,"cell_fraction":1.0},"geometry":{"type":"Polygon","coordinates":[[[136.971667,35.1325],[136.975833,35.1325],[136.975833,35.136667],[136.971667,35.136667],[136.971667,35.1325]]]}},{"type":"Feature","properties":{"mesh_id":"mesh-0047-0027","ward_code":"23116","ward_name":"天白区","population":1329,"cell_fraction":1.0},"geometry":{"type":"Polygon","coordinates":[[[136.975833,35.1325],[136.98,35.1325],[136.98,35.136667],[136.975833,35.136667],[136.975833,35.1325]]]}},{"type":"Feature","properties":{"mesh_id":"mesh-0048-0027","ward_code":"23116","ward_name":"天白区","population":1329,"cell_fraction":1.0},"geometry":{"type":"Polygon","coordinates":[[[136.98,35.1325],[136.984167,35.1325],[136.984167,35.136667],[136.98,35.136667],[136.98,35.1325]]]}},{"type":"Feature","properties":{"mesh_id":"mesh-0049-0027","ward_code":"23116","ward_name":"天白区","population":1329,"cell_fraction":1.0},"geometry":{"type":"Polygon","coordinates":[[[136.984167,35.1325],[136.988333,35.1325],[136.988333,35.136667],[136.984167,35.136667],[136.984167,35.1325]]]}},{"type":"Feature","properties":{"mesh_id":"mesh-0050-0027","ward_code":"23116","ward_name":"天白区","population":1329,"cell_fraction":1.0},"geometry":{"type":"Polygon","coordinates":[[[136.988333,35.1325],[136.9925,35.1325],[136.9925,35.136667],[136.988333,35.136667],[136.988333,35.1325]]]}},{"type":"Feature","properties":{"mesh_id":"mesh-0051-0027","ward_code":"23116","ward_name":"天白区","population":1329,"cell_fraction":1.0},"geometry":{"type":"Polygon","coordinates":[[[136.9925,35.1325],[136.996667,35.1325],[136.996667,35.136667],[136.9925,35.136667],[136.9925,35.1325]]]}},{"type":"Feature","properties":{"mesh_id":"mesh-0052-0027","ward_code":"23116","ward_name":"天白区","population":1329,"cell_fraction":1.0},"geometry":{"type":"Polygon","coordinates":[[[136.996667,35.1325],[137.000833,35.1325],[137.000833,35.136667],[136.996667,35.136667],[136.996667,35.1325]]]}},{"type":"Feature","properties":{"mesh_id":"mesh-0053-0027","ward_code":"23116","ward_name":"天白区","population":1329,"cell_fraction":1.0},"geometry":{"type":"Polygon","coordinates":[[[137.000833,35.1325],[137.005,35.1325],[137.005,35.136667],[137.000833,35.136667],[137.000833,35.1325]]]}},{"type":"Feature","properties":{"mesh_id":"mesh-0054-0027","ward_code":"23116","ward_name":"天白区","population":997,"cell_fraction":0.75},"geometry":{"type":"Polygon","coordinates":[[[137.005,35.1325],[137.009167,35.1325],[137.009167,35.136667],[137.005,35.136667],[137.005,35.1325]]]}},{"type":"Feature","properties":{"mesh_id":"mesh-0045-0028","ward_code":"23116","ward_name":"天白区","population":1329,"cell_fraction":1.0},"geometry":{"type":"Polygon","coordinates":[[[136.9675,35.136667],[136.971667,35.136667],[136.971667,35.140833],[136.9675,35.140833],[136.9675,35.136667]]]}},{"type":"Feature","properties":{"mesh_id":"mesh-0046-0028","ward_code":"23116","ward_name":"天白区","population":1329,"cell_fraction":1.0},"geometry":{"type":"Polygon","coordinates":[[[136.971667,35.136667],[136.975833,35.136667],[136.975833,35.140833],[136.971667,35.140833],[136.971667,35.136667]]]}},{"type":"Feature","properties":{"mesh_id":"mesh-0047-0028","ward_code":"23116","ward_name":"天白区","population":1329,"cell_fraction":1.0},"geometry":{"type":"Polygon","coordinates":[[[136.975833,35.136667],[136.98,35.136667],[136.98,35.140833],[136.975833,35.140833],[136.975833,35.136667]]]}},{"type":"Feature","properties":{"mesh_id":"mesh-0048-0028","ward_code":"23116","ward_name":"天白区","population":1329,"cell_fraction":1.0},"geometry":{"type":"Polygon","coordinates":[[[136.98,35.136667],[136.984167,35.136667],[136.984167,35.140833],[136.98,35.140833],[136.98,35.136667]]]}},{"type":"Feature","properties":{"mesh_id":"mesh-0049-0028","ward_code":"23116","ward_name":"天白区","population":1329,"cell_fraction":1.0},"geometry":{"type":"Polygon","coordinates":[[[136.984167,35.136667],[136.988333,35.136667],[136.988333,35.140833],[136.984167,35.140833],[136.984167,35.136667]]]}},{"type":"Feature","properties":{"mesh_id":"mesh-0050-0028","ward_code":"23116","ward_name":"天白区","population":1329,"cell_fraction":1.0},"geometry":{"type":"Polygon","coordinates":[[[136.988333,35.136667],[136.9925,35.136667],[136.9925,35.140833],[136.988333,35.140833],[136.988333,35.136667]]]}},{"type":"Feature","properties":{"mesh_id":"mesh-0051-0028","ward_code":"23116","ward_name":"天白区","population":1329,"cell_fraction":1.0},"geometry":{"type":"Polygon","coordinates":[[[136.9925,35.136667],[136.996667,35.136667],[136.996667,35.140833],[136.9925,35.140833],[136.9925,35.136667]]]}},{"type":"Feature","properties":{"mesh_id":"mesh-0052-0028","ward_code":"23116","ward_name":"天白区","population":1329,"cell_fraction":1.0},"geometry":{"type":"Polygon","coordinates":[[[136.996667,35.136667],[137.000833,35.136667],[137.000833,35.140833],[136.996667,35.140833],[136.996667,35.136667]]]}},{"type":"Feature","properties":{"mesh_id":"mesh-0053-0028","ward_code":"23116","ward_name":"天白区","population":1329,"cell_fraction":1.0},"geometry":{"type":"Polygon","coordinates":[[[137.000833,35.136667],[137.005,35.136667],[137.005,35.140833],[137.000833,35.140833],[137.000833,35.136667]]]}},{"type":"Feature","properties":{"mesh_id":"mesh-0054-0028","ward_code":"23116","ward_name":"天白区","population":665,"cell_fraction":0.5},"geometry":{"type":"Polygon","coordinates":[[[137.005,35.136667],[137.009167,35.136667],[137.009167,35.140833],[137.005,35.140833],[137.005,35.136667]]]}},{"type":"Feature","properties":{"mesh_id":"mesh-0046-0029","ward_code":"23116","ward_name":"天白区","population":997,"cell_fraction":0.75},"geometry":{"type":"Polygon","coordinates":[[[136.971667,35.140833],[136.975833,35.140833],[136.975833,35.145],[136.971667,35.145],[136.971667,35.140833]]]}},{"type":"Feature","properties":{"mesh_id":"mesh-0047-0029","ward_code":"23116","ward_name":"天白区","population":1329,"cell_fraction":1.0},"geometry":{"type":"Polygon","coordinates":[[[136.975833,35.140833],[136.98,35.140833],[136.98,35.145],[136.975833,35.145],[136.975833,35.140833]]]}},{"type":"Feature","properties":{"mesh_id":"mesh-0048-0029","ward_code":"23116","ward_name":"天白区","population":1329,"cell_fraction":1.0},"geometry":{"type":"Polygon","coordinates":[[[136.98,35.140833],[136.984167,35.140833],[136.984167,35.145],[136.98,35.145],[136.98,35.140833]]]}},{"type":"Feature","properties":{"mesh_id":"mesh-0049-0029","ward_code":"23116","ward_name":"天白区","population":1329,"cell_fraction":1.0},"geometry":{"type":"Polygon","coordinates":[[[136.984167,35.140833],[136.988333,35.140833],[136.988333,35.145],[136.984167,35.145],[136.984167,35.140833]]]}},{"type":"Feature","properties":{"mesh_id":"mesh-0050-0029","ward_code":"23116","ward_name":"天白区","population":1329,"cell_fraction":1.0},"geometry":{"type":"Polygon","coordinates":[[[136.988333,35.140833],[136.9925,35.140833],[136.9925,35.145],[136.988333,35.145],[136.988333,35.140833]]]}},{"type":"Feature","properties":{"mesh_id":"mesh-0051-0029","ward_code":"23116","ward_name":"天白区","population":1329,"cell_fraction":1.0},"geometry":{"type":"Polygon","coordinates":[[[136.9925,35.140833],[136.996667,35.140833],[136.996667,35.145],[136.9925,35.145],[136.9925,35.140833]]]}},{"type":"Feature","properties":{"mesh_id":"mesh-0052-0029","ward_code":"23116","ward_name":"天白区","population":1329,"cell_fraction":1.0},"geometry":{"type":"Polygon","coordinates":[[[136.996667,35.140833],[137.000833,35.140833],[137.000833,35.145],[136.996667,35.145],[136.996667,35.140833]]]}},{"type":"Feature","properties":{"mesh_id":"mesh-0046-0030","ward_code":"23116","ward_name":"天白区","population":1329,"cell_fraction":1.0},"geometry":{"type":"Polygon","coordinates":[[[136.971667,35.145],[136.975833,35.145],[136.975833,35.149167],[136.971667,35.149167],[136.971667,35.145]]]}},{"type":"Feature","properties":{"mesh_id":"mesh-0047-0030","ward_code":"23116","ward_name":"天白区","population":1329,"cell_fraction":1.0},"geometry":{"type":"Polygon","coordinates":[[[136.975833,35.145],[136.98,35.145],[136.98,35.149167],[136.975833,35.149167],[136.975833,35.145]]]}},{"type":"Feature","properties":{"mesh_id":"mesh-0048-0030","ward_code":"23116","ward_name":"天白区","population":1329,"cell_fraction":1.0},"geometry":{"type":"Polygon","coordinates":[[[136.98,35.145],[136.984167,35.145],[136.984167,35.149167],[136.98,35.149167],[136.98,35.145]]]}},{"type":"Feature","properties":{"mesh_id":"mesh-0049-0030","ward_code":"23116","ward_name":"天白区","population":1329,"cell_fraction":1.0},"geometry":{"type":"Polygon","coordinates":[[[136.984167,35.145],[136.988333,35.145],[136.988333,35.149167],[136.984167,35.149167],[136.984167,35.145]]]}},{"type":"Feature","properties":{"mesh_id":"mesh-0050-0030","ward_code":"23116","ward_name":"天白区","population":665,"cell_fraction":0.5},"geometry":{"type":"Polygon","coordinates":[[[136.988333,35.145],[136.9925,35.145],[136.9925,35.149167],[136.988333,35.149167],[136.988333,35.145]]]}},{"type":"Feature","properties":{"mesh_id":"mesh-0047-0031","ward_code":"23116","ward_name":"天白区","population":333,"cell_fraction":0.25},"geometry":{"type":"Polygon","coordinates":[[[136.975833,35.149167],[136.98,35.149167],[136.98,35.153333],[136.975833,35.153333],[136.975833,35.149167]]]}}]}