{"type":"FeatureCollection","name":"nagoya-walk-network","crs":"EPSG:4326","description":"Synthetic ~400m walking grid over the Nagoya bbox. Planning-level approximation generated by scripts/build-nagoya-walk-network.py; not OSM survey geometry.","walk_speed_m_per_min":80.0,"features":[{"type":"Feature","properties":{"kind":"street","orientation":"ns","length_m":26850.4,"walk_min":335.63},"geometry":{"type":"LineString","coordinates":[[136.785,35.025],[136.785,35.0286],[136.785,35.0322],[136.785,35.0358],[136.785,35.0394],[136.785,35.043],[136.785,35.0466],[136.785,35.0502],[136.785,35.0538],[136.785,35.0574],[136.785,35.061],[136.785,35.0646],[136.785,35.0682],[136.785,35.0718],[136.785,35.0754],[136.785,35.079],[136.785,35.0826],[136.785,35.0862],[136.785,35.0898],[136.785,35.0934],[136.785,35.097],[136.785,35.1006],[136.785,35.1042],[136.785,35.1078],[136.785,35.1114],[136.785,35.115],[136.785,35.1186],[136.785,35.1222],[136.785,35.1258],[136.785,35.1294],[136.785,35.133],[136.785,35.1366],[136.785,35.1402],[136.785,35.1438],[136.785,35.1474],[136.785,35.151],[136.785,35.1546],[136.785,35.1582],[136.785,35.1618],[136.785,35.1654],[136.785,35.169],[136.785,35.1726],[136.785,35.1762],[136.785,35.1798],[136.785,35.1834],[136.785,35.187],[136.785,35.1906],[136.785,35.1942],[136.785,35.1978],[136.785,35.2014],[136.785,35.205],[136.785,35.2086],[136.785,35.2122],[136.785,35.2158],[136.785,35.2194],[136.785,35.223],[136.785,35.2266],[136.785,35.2302],[136.785,35.2338],[136.785,35.2374],[136.785,35.241],[136.785,35.2446],[136.785,35.2482],[136.785,35.2518],[136.785,35.2554],[136.785,35.259],[136.785,35.2626],[136.785,35.2662]]}},{"type":"Feature","properties":{"kind":"street","orientation":"ns","length_m":26850.4,"walk_min":335.63},"geometry":{"type":"LineString","coordinates":[[136.7895,35.025],[136.7895,35.0286],[136.7895,35.0322],[136.7895,35.0358],[136.7895,35.0394],[136.7895,35.043],[136.7895,35.0466],[136.7895,35.0502],[136.7895,35.0538],[136.7895,35.0574],[136.7895,35.061],[136.7895,35.0646],[136.7895,35.0682],[136.7895,35.0718],[136.7895,35.0754],[136.7895,35.079],[136.7895,35.0826],[136.7895,35.0862],[136.7895,35.0898],[136.7895,35.0934],[136.7895,35.097],[136.7895,35.1006],[136.7895,35.1042],[136.7895,35.1078],[136.7895,35.1114],[136.7895,35.115],[136.7895,35.1186],[136.7895,35.1222],[136.7895,35.1258],[136.7895,35.1294],[136.7895,35.133],[136.7895,35.1366],[136.7895,35.1402],[136.7895,35.1438],[136.7895,35.1474],[136.7895,35.151],[136.7895,35.1546],[136.7895,35.1582],[136.7895,35.1618],[136.7895,35.1654],[136.7895,35.169],[136.7895,35.1726],[136.7895,35.1762],[136.7895,35.1798],[136.7895,35.1834],[136.7895,35.187],[136.7895,35.1906],[136.7895,35.1942],[136.7895,35.1978],[136.7895,35.2014],[136.7895,35.205],[136.7895,35.2086],[136.7895,35.2122],[136.7895,35.2158],[136.7895,35.2194],[136.7895,35.223],[136.7895,35.2266],[136.7895,35.2302],[136.7895,35.2338],[136.7895,35.2374],[136.7895,35.241],[136.7895,35.2446],[136.7895,35.2482],[136.7895,35.2518],[136.7895,35.2554],[136.7895,35.259],[136.7895,35.2626],[136.7895,35.2662]]}},{"type":"Feature","properties":{"kind":"street","orientation":"ns","length_m":26850.4,"walk_min":335.63},"geometry":{"type":"LineString","coordinates":[[136.794,35.025],[136.794,35.0286],[136.794,35.0322],[136.794,35.0358],[136.794,35.0394],[136.794,35.043],[136.794,35.0466],[136.794,35.0502],[136.794,35.0538],[136.794,35.0574],[136.794,35.061],[136.794,35.0646],[136.794,35.0682],[136.794,35.0718],[136.794,35.0754],[136.794,35.079],[136.794,35.0826],[136.794,35.0862],[136.794,35.0898],[136.794,35.0934],[136.794,35.097],[136.794,35.1006],[136.794,35.1042],[136.794,35.1078],[136.794,35.1114],[136.794,35.115],[136.794,35.1186],[136.794,35.1222],[136.794,35.1258],[136.794,35.1294],[136.794,35.133],[136.794,35.1366],[136.794,35.1402],[136.794,35.1438],[136.794,35.1474],[136.794,35.151],[136.794,35.1546],[136.794,35.1582],[136.794,35.1618],[136.794,35.1654],[136.794,35.169],[136.794,35.1726],[136.794,35.1762],[136.794,35.1798],[136.794,35.1834],[136.794,35.187],[136.794,35.1906],[136.794,35.1942],[136.794,35.1978],[136.794,35.2014],[136.794,35.205],[136.794,35.2086],[136.794,35.2122],[136.794,35.2158],[136.794,35.2194],[136.794,35.223],[136.794,35.2266],[136.794,35.2302],[136.794,35.2338],[136.794,35.2374],[136.794,35.241],[136.794,35.2446],[136.794,35.2482],[136.794,35.2518],[136.794,35.2554],[136.794,35.259],[136.794,35.2626],[136.794,35.2662]]}},{"type":"Feature","properties":{"kind":"street","orientation":"ns","length_m":26850.4,"walk_min":335.63},"geometry":{"type":"LineString","coordinates":[[136.7985,35.025],[136.7985,35.0286],[136.7985,35.0322],[136.7985,35.0358],[136.7985,35.0394],[136.7985,35.043],[136.7985,35.0466],[136.7985,35.0502],[136.7985,35.0538],[136.7985,35.0574],[136.7985,35.061],[136.7985,35.0646],[136.7985,35.0682],[136.7985,35.0718],[136.7985,35.0754],[136.7985,35.079],[136.7985,35.0826],[136.7985,35.0862],[136.7985,35.0898],[136.7985,35.0934],[136.7985,35.097],[136.7985,35.1006],[136.7985,35.1042],[136.7985,35.1078],[136.7985,35.1114],[136.7985,35.115],[136.7985,35.1186],[136.7985,35.1222],[136.7985,35.1258],[136.7985,35.1294],[136.7985,35.133],[136.7985,35.1366],[136.7985,35.1402],[136.7985,35.1438],[136.7985,35.1474],[136.7985,35.151],[136.7985,35.1546],[136.7985,35.1582],[136.7985,35.1618],[136.7985,35.1654],[136.7985,35.169],[136.7985,35.1726],[136.7985,35.1762],[136.7985,35.1798],[136.7985,35.1834],[136.7985,35.187],[136.7985,35.1906],[136.7985,35.1942],[136.7985,35.1978],[136.7985,35.2014],[136.7985,35.205],[136.7985,35.2086],[136.7985,35.2122],[136.7985,35.2158],[136.7985,35.2194],[136.7985,35.223],[136.7985,35.2266],[136.7985,35.2302],[136.7985,35.2338],[136.7985,35.2374],[136.7985,35.241],[136.7985,35.2446],[136.7985,35.2482],[136.7985,35.2518],[136.7985,35.2554],[136.7985,35.259],[136.7985,35.2626],[136.7985,35.2662]]}},{"type":"Feature","properties":{"kind":"street","orientation":"ns","length_m":26850.4,"walk_min":335.63},"geometry":{"type":"LineString","coordinates":[[136.803,35.025],[136.803,35.0286],[136.803,35.0322],[136.803,35.0358],[136.803,35.0394],[136.803,35.043],[136.803,35.0466],[136.803,35.0502],[136.803,35.0538],[136.803,35.0574],[136.803,35.061],[136.803,35.0646],[136.803,35.0682],[136.803,35.0718],[136.803,35.0754],[136.803,35.079],[136.803,35.0826],[136.803,35.0862],[136.803,35.0898],[136.803,35.0934],[136.803,35.097],[136.803,35.1006],[136.803,35.1042],[136.803,35.1078],[136.803,35.1114],[136.803,35.115],[136.803,35.1186],[136.803,35.1222],[136.803,35.1258],[136.803,35.1294],[136.803,35.133],[136.803,35.1366],[136.803,35.1402],[136.803,35.1438],[136.803,35.1474],[136.803,35.151],[136.803,35.1546],[136.803,35.1582],[136.803,35.1618],[136.803,35.1654],[136.803,35.169],[136.803,35.1726],[136.803,35.1762],[136.803,35.1798],[136.803,35.1834],[136.803,35.187],[136.803,35.1906],[136.803,35.1942],[136.803,35.1978],[136.803,35.2014],[136.803,35.205],[136.803,35.2086],[136.803,35.2122],[136.803,35.2158],[136.803,35.2194],[136.803,35.223],[136.803,35.2266],[136.803,35.2302],[136.803,35.2338],[136.803,35.2374],[136.803,35.241],[136.803,35.2446],[136.803,35.2482],[136.803,35.2518],[136.803,35.2554],[136.803,35.259],[136.803,35.2626],[136.803,35.2662]]}},{"type":"Feature","properties":{"kind":"street","orientation":"ns","length_m":26850.4,"walk_min":335.63},"geometry":{"type":"LineString","coordinates":[[136.8075,35.025],[136.8075,35.0286],[136.8075,35.0322],[136.8075,35.0358],[136.8075,35.0394],[136.8075,35.043],[136.8075,35.0466],[136.8075,35.0502],[136.8075,35.0538],[136.8075,35.0574],[136.8075,35.061],[136.8075,35.0646],[136.8075,35.0682],[136.8075,35.0718],[136.8075,35.0754],[136.8075,35.079],[136.8075,35.0826],[136.8075,35.0862],[136.8075,35.0898],[136.8075,35.0934],[136.8075,35.097],[136.8075,35.1006],[136.8075,35.1042],[136.8075,35.1078],[136.8075,35.1114],[136.8075,35.115],[136.8075,35.1186],[136.8075,35.1222],[136.8075,35.1258],[136.8075,35.1294],[136.8075,35.133],[136.8075,35.1366],[136.8075,35.1402],[136.8075,35.1438],[136.8075,35.1474],[136.8075,35.151],[136.8075,35.1546],[136.8075,35.1582],[136.8075,35.1618],[136.8075,35.1654],[136.8075,35.169],[136.8075,35.1726],[136.8075,35.1762],[136.8075,35.1798],[136.8075,35.1834],[136.8075,35.187],[136.8075,35.1906],[136.8075,35.1942],[136.8075,35.1978],[136.8075,35.2014],[136.8075,35.205],[136.8075,35.2086],[136.8075,35.2122],[136.8075,35.2158],[136.8075,35.2194],[136.8075,35.223],[136.8075,35.2266],[136.8075,35.2302],[136.8075,35.2338],[136.8075,35.2374],[136.8075,35.241],[136.8075,35.2446],[136.8075,35.2482],[136.8075,35.2518],[136.8075,35.2554],[136.8075,35.259],[136.8075,35.2626],[136.8075,35.2662]]}},{"type":"Feature","properties":{"kind":"street","orientation":"ns","length_m":26850.4,"walk_min":335.63},"geometry":{"type":"LineString","coordinates":[[136.812,35.025],[136.812,35.0286],[136.812,35.0322],[136.812,35.0358],[136.812,35.0394],[136.812,35.043],[136.812,35.0466],[136.812,35.0502],[136.812,35.0538],[136.812,35.0574],[136.812,35.061],[136.812,35.0646],[136.812,35.0682],[136.812,35.0718],[136.812,35.0754],[136.812,35.079],[136.812,35.0826],[136.812,35.0862],[136.812,35.0898],[136.812,35.0934],[136.812,35.097],[136.812,35.1006],[136.812,35.1042],[136.812,35.1078],[136.812,35.1114],[136.812,35.115],[136.812,35.1186],[136.812,35.1222],[136.812,35.1258],[136.812,35.1294],[136.812,35.133],[136.812,35.1366],[136.812,35.1402],[136.812,35.1438],[136.812,35.1474],[136.812,35.151],[136.812,35.1546],[136.812,35.1582],[136.812,35.1618],[136.812,35.1654],[136.812,35.169],[136.812,35.1726],[136.812,35.1762],[136.812,35.1798],[136.812,35.1834],[136.812,35.187],[136.812,35.1906],[136.812,35.1942],[136.812,35.1978],[136.812,35.2014],[136.812,35.205],[136.812,35.2086],[136.812,35.2122],[136.812,35.2158],[136.812,35.2194],[136.812,35.223],[136.812,35.2266],[136.812,35.2302],[136.812,35.2338],[136.812,35.2374],[136.812,35.241],[136.812,35.2446],[136.812,35.2482],[136.812,35.2518],[136.812,35.2554],[136.812,35.259],[136.812,35.2626],[136.812,35.2662]]}},{"type":"Feature","properties":{"kind":"street","orientation":"ns","length_m":26850.4,"walk_min":335.63},"geometry":{"type":"LineString","coordinates":[[136.8165,35.025],[136.8165,35.0286],[136.8165,35.0322],[136.8165,35.0358],[136.8165,35.0394],[136.8165,35.043],[136.8165,35.0466],[136.8165,35.0502],[136.8165,35.0538],[136.8165,35.0574],[136.8165,35.061],[136.8165,35.0646],[136.8165,35.0682],[136.8165,35.0718],[136.8165,35.0754],[136.8165,35.079],[136.8165,35.0826],[136.8165,35.0862],[136.8165,35.0898],[136.8165,35.0934],[136.8165,35.097],[136.8165,35.1006],[136.8165,35.1042],[136.8165,35.1078],[136.8165,35.1114],[136.8165,35.115],[136.8165,35.1186],[136.8165,35.1222],[136.8165,35.1258],[136.8165,35.1294],[136.8165,35.133],[136.8165,35.1366],[136.8165,35.1402],[136.8165,35.1438],[136.8165,35.1474],[136.8165,35.151],[136.8165,35.1546],[136.8165,35.1582],[136.8165,35.1618],[136.8165,35.1654],[136.8165,35.169],[136.8165,35.1726],[136.8165,35.1762],[136.8165,35.1798],[136.8165,35.1834],[136.8165,35.187],[136.8165,35.1906],[136.8165,35.1942],[136.8165,35.1978],[136.8165,35.2014],[136.8165,35.205],[136.8165,35.2086],[136.8165,35.2122],[136.8165,35.2158],[136.8165,35.2194],[136.8165,35.223],[136.8165,35.2266],[136.8165,35.2302],[136.8165,35.2338],[136.8165,35.2374],[136.8165,35.241],[136.8165,35.2446],[136.8165,35.2482],[136.8165,35.2518],[136.8165,35.2554],[136.8165,35.259],[136.8165,35.2626],[136.8165,35.2662]]}},{"type":"Feature","properties":{"kind":"street","orientation":"ns","length_m":26850.4,"walk_min":335.63},"geometry":{"type":"LineString","coordinates":[[136.821,35.025],[136.821,35.0286],[136.821,35.0322],[136.821,35.0358],[136.821,35.0394],[136.821,35.043],[136.821,35.0466],[136.821,35.0502],[136.821,35.0538],[136.821,35.0574],[136.821,35.061],[136.821,35.0646],[136.821,35.0682],[136.821,35.0718],[136.821,35.0754],[136.821,35.079],[136.821,35.0826],[136.821,35.0862],[136.821,35.0898],[136.821,35.0934],[136.821,35.097],[136.821,35.1006],[136.821,35.1042],[136.821,35.1078],[136.821,35.1114],[136.821,35.115],[136.821,35.1186],[136.821,35.1222],[136.821,35.1258],[136.821,35.1294],[136.821,35.133],[136.821,35.1366],[136.821,35.1402],[136.821,35.1438],[136.821,35.1474],[136.821,35.151],[136.821,35.1546],[136.821,35.1582],[136.821,35.1618],[136.821,35.1654],[136.821,35.169],[136.821,35.1726],[136.821,35.1762],[136.821,35.1798],[136.821,35.1834],[136.821,35.187],[136.821,35.1906],[136.821,35.1942],[136.821,35.1978],[136.821,35.2014],[136.821,35.205],[136.821,35.2086],[136.821,35.2122],[136.821,35.2158],[136.821,35.2194],[136.821,35.223],[136.821,35.2266],[136.821,35.2302],[136.821,35.2338],[136.821,35.2374],[136.821,35.241],[136.821,35.2446],[136.821,35.2482],[136.821,35.2518],[136.821,35.2554],[136.821,35.259],[136.821,35.2626],[136.821,35.2662]]}},{"type":"Feature","properties":{"kind":"street","orientation":"ns","length_m":26850.4,"walk_min":335.63},"geometry":{"type":"LineString","coordinates":[[136.8255,35.025],[136.8255,35.0286],[136.8255,35.0322],[136.8255,35.0358],[136.8255,35.0394],[136.8255,35.043],[136.8255,35.0466],[136.8255,35.0502],[136.8255,35.0538],[136.8255,35.0574],[136.8255,35.061],[136.8255,35.0646],[136.8255,35.0682],[136.8255,35.0718],[136.8255,35.0754],[136.8255,35.079],[136.8255,35.0826],[136.8255,35.0862],[136.8255,35.0898],[136.8255,35.0934],[136.8255,35.097],[136.8255,35.1006],[136.8255,35.1042],[136.8255,35.1078],[136.8255,35.1114],[136.8255,35.115],[136.8255,35.1186],[136.8255,35.1222],[136.8255,35.1258],[136.8255,35.1294],[136.8255,35.133],[136.8255,35.1366],[136.8255,35.1402],[136.8255,35.1438],[136.8255,35.1474],[136.8255,35.151],[136.8255,35.1546],[136.8255,35.1582],[136.8255,35.1618],[136.8255,35.1654],[136.8255,35.169],[136.8255,35.1726],[136.8255,35.1762],[136.8255,35.1798],[136.8255,35.1834],[136.8255,35.187],[136.8255,35.1906],[136.8255,35.1942],[136.8255,35.1978],[136.8255,35.2014],[136.8255,35.205],[136.8255,35.2086],[136.8255,35.2122],[136.8255,35.2158],[136.8255,35.2194],[136.8255,35.223],[136.8255,35.2266],[136.8255,35.2302],[136.8255,35.2338],[136.8255,35.2374],[136.8255,35.241],[136.8255,35.2446],[136.8255,35.2482],[136.8255,35.2518],[136.8255,35.2554],[136.8255,35.259],[136.8255,35.2626],[136.8255,35.2662]]}},{"type":"Feature","properties":{"kind":"street","orientation":"ns","length_m":26850.4,"walk_min":335.63},"geometry":{"type":"LineString","coordinates":[[136.83,35.025],[136.83,35.0286],[136.83,35.0322],[136.83,35.0358],[136.83,35.0394],[136.83,35.043],[136.83,35.0466],[136.83,35.0502],[136.83,35.0538],[136.83,35.0574],[136.83,35.061],[136.83,35.0646],[136.83,35.0682],[136.83,35.0718],[136.83,35.0754],[136.83,35.079],[136.83,35.0826],[136.83,35.0862],[136.83,35.0898],[136.83,35.0934],[136.83,35.097],[136.83,35.1006],[136.83,35.1042],[136.83,35.1078],[136.83,35.1114],[136.83,35.115],[136.83,35.1186],[136.83,35.1222],[136.83,35.1258],[136.83,35.1294],[136.83,35.133],[136.83,35.1366],[136.83,35.1402],[136.83,35.1438],[136.83,35.1474],[136.83,35.151],[136.83,35.1546],[136.83,35.1582],[136.83,35.1618],[136.83,35.1654],[136.83,35.169],[136.83,35.1726],[136.83,35.1762],[136.83,35.1798],[136.83,35.1834],[136.83,35.187],[136.83,35.1906],[136.83,35.1942],[136.83,35.1978],[136.83,35.2014],[136.83,35.205],[136.83,35.2086],[136.83,35.2122],[136.83,35.2158],[136.83,35.2194],[136.83,35.223],[136.83,35.2266],[136.83,35.2302],[136.83,35.2338],[136.83,35.2374],[136.83,35.241],[136.83,35.2446],[136.83,35.2482],[136.83,35.2518],[136.83,35.2554],[136.83,35.259],[136.83,35.2626],[136.83,35.2662]]}},{"type":"Feature","properties":{"kind":"street","orientation":"ns","length_m":26850.4,"walk_min":335.63},"geometry":{"type":"LineString","coordinates":[[136.8345,35.025],[136.8345,35.0286],[136.8345,35.0322],[136.8345,35.0358],[136.8345,35.0394],[136.8345,35.043],[136.8345,35.0466],[136.8345,35.0502],[136.8345,35.0538],[136.8345,35.0574],[136.8345,35.061],[136.8345,35.0646],[136.8345,35.0682],[136.8345,35.0718],[136.8345,35.0754],[136.8345,35.079],[136.8345,35.0826],[136.8345,35.0862],[136.8345,35.0898],[136.8345,35.0934],[136.8345,35.097],[136.8345,35.1006],[136.8345,35.1042],[136.8345,35.1078],[136.8345,35.1114],[136.8345,35.115],[136.8345,35.1186],[136.8345,35.1222],[136.8345,35.1258],[136.8345,35.1294],[136.8345,35.133],[136.8345,35.1366],[136.8345,35.1402],[136.8345,35.1438],[136.8345,35.1474],[136.8345,35.151],[136.8345,35.1546],[136.8345,35.1582],[136.8345,35.1618],[136.8345,35.1654],[136.8345,35.169],[136.8345,35.1726],[136.8345,35.1762],[136.8345,35.1798],[136.8345,35.1834],[136.8345,35.187],[136.8345,35.1906],[136.8345,35.1942],[136.8345,35.1978],[136.8345,35.2014],[136.8345,35.205],[136.8345,35.2086],[136.8345,35.2122],[136.8345,35.2158],[136.8345,35.2194],[136.8345,35.223],[136.8345,35.2266],[136.8345,35.2302],[136.8345,35.2338],[136.8345,35.2374],[136.8345,35.241],[136.8345,35.2446],[136.8345,35.2482],[136.8345,35.2518],[136.8345,35.2554],[136.8345,35.259],[136.8345,35.2626],[136.8345,35.2662]]}},{"type":"Feature","properties":{"kind":"street","orientation":"ns","length_m":26850.4,"walk_min":335.63},"geometry":{"type":"LineString","coordinates":[[136.839,35.025],[136.839,35.0286],[136.839,35.0322],[136.839,35.0358],[136.839,35.0394],[136.839,35.043],[136.839,35.0466],[136.839,35.0502],[136.839,35.0538],[136.839,35.0574],[136.839,35.061],[136.839,35.0646],[136.839,35.0682],[136.839,35.0718],[136.839,35.0754],[136.839,35.079],[136.839,35.0826],[136.839,35.0862],[136.839,35.0898],[136.839,35.0934],[136.839,35.097],[136.839,35.1006],[136.839,35.1042],[136.839,35.1078],[136.839,35.1114],[136.839,35.115],[136.839,35.1186],[136.839,35.1222],[136.839,35.1258],[136.839,35.1294],[136.839,35.133],[136.839,35.1366],[136.839,35.1402],[136.839,35.1438],[136.839,35.1474],[136.839,35.151],[136.839,35.1546],[136.839,35.1582],[136.839,35.1618],[136.839,35.1654],[136.839,35.169],[136.839,35.1726],[136.839,35.1762],[136.839,35.1798],[136.839,35.1834],[136.839,35.187],[136.839,35.1906],[136.839,35.1942],[136.839,35.1978],[136.839,35.2014],[136.839,35.205],[136.839,35.2086],[136.839,35.2122],[136.839,35.2158],[136.839,35.2194],[136.839,35.223],[136.839,35.2266],[136.839,35.2302],[136.839,35.2338],[136.839,35.2374],[136.839,35.241],[136.839,35.2446],[136.839,35.2482],[136.839,35.2518],[136.839,35.2554],[136.839,35.259],[136.839,35.2626],[136.839,35.2662]]}},{"type":"Feature","properties":{"kind":"street","orientation":"ns","length_m":26850.4,"walk_min":335.63},"geometry":{"type":"LineString","coordinates":[[136.8435,35.025],[136.8435,35.0286],[136.8435,35.0322],[136.8435,35.0358],[136.8435,35.0394],[136.8435,35.043],[136.8435,35.0466],[136.8435,35.0502],[136.8435,35.0538],[136.8435,35.0574],[136.8435,35.061],[136.8435,35.0646],[136.8435,35.0682],[136.8435,35.0718],[136.8435,35.0754],[136.8435,35.079],[136.8435,35.0826],[136.8435,35.0862],[136.8435,35.0898],[136.8435,35.0934],[136.8435,35.097],[136.8435,35.1006],[136.8435,35.1042],[136.8435,35.1078],[136.8435,35.1114],[136.8435,35.115],[136.8435,35.1186],[136.8435,35.1222],[136.8435,35.1258],[136.8435,35.1294],[136.8435,35.133],[136.8435,35.1366],[136.8435,35.1402],[136.8435,35.1438],[136.8435,35.1474],[136.8435,35.151],[136.8435,35.1546],[136.8435,35.1582],[136.8435,35.1618],[136.8435,35.1654],[136.8435,35.169],[136.8435,35.1726],[136.8435,35.1762],[136.8435,35.1798],[136.8435,35.1834],[136.8435,35.187],[136.8435,35.1906],[136.8435,35.1942],[136.8435,35.1978],[136.8435,35.2014],[136.8435,35.205],[136.8435,35.2086],[136.8435,35.2122],[136.8435,35.2158],[136.8435,35.2194],[136.8435,35.223],[136.8435,35.2266],[136.8435,35.2302],[136.8435,35.2338],[136.8435,35.2374],[136.8435,35.241],[136.8435,35.2446],[136.8435,35.2482],[136.8435,35.2518],[136.8435,35.2554],[136.8435,35.259],[136.8435,35.2626],[136.8435,35.2662]]}},{"type":"Feature","properties":{"kind":"street","orientation":"ns","length_m":26850.4,"walk_min":335.63},"geometry":{"type":"LineString","coordinates":[[136.848,35.025],[136.848,35.0286],[136.848,35.0322],[136.848,35.0358],[136.848,35.0394],[136.848,35.043],[136.848,35.0466],[136.848,35.0502],[136.848,35.0538],[136.848,35.0574],[136.848,35.061],[136.848,35.0646],[136.848,35.0682],[136.848,35.0718],[136.848,35.0754],[136.848,35.079],[136.848,35.0826],[136.848,35.0862],[136.848,35.0898],[136.848,35.0934],[136.848,35.097],[136.848,35.1006],[136.848,35.1042],[136.848,35.1078],[136.848,35.1114],[136.848,35.115],[136.848,35.1186],[136.848,35.1222],[136.848,35.1258],[136.848,35.1294],[136.848,35.133],[136.848,35.1366],[136.848,35.1402],[136.848,35.1438],[136.848,35.1474],[136.848,35.151],[136.848,35.1546],[136.848,35.1582],[136.848,35.1618],[136.848,35.1654],[136.848,35.169],[136.848,35.1726],[136.848,35.1762],[136.848,35.1798],[136.848,35.1834],[136.848,35.187],[136.848,35.1906],[136.848,35.1942],[136.848,35.1978],[136.848,35.2014],[136.848,35.205],[136.848,35.2086],[136.848,35.2122],[136.848,35.2158],[136.848,35.2194],[136.848,35.223],[136.848,35.2266],[136.848,35.2302],[136.848,35.2338],[136.848,35.2374],[136.848,35.241],[136.848,35.2446],[136.848,35.2482],[136.848,35.2518],[136.848,35.2554],[136.848,35.259],[136.848,35.2626],[136.848,35.2662]]}},{"type":"Feature","properties":{"kind":"street","orientation":"ns","length_m":26850.4,"walk_min":335.63},"geometry":{"type":"LineString","coordinates":[[136.8525,35.025],[136.8525,35.0286],[136.8525,35.0322],[136.8525,35.0358],[136.8525,35.0394],[136.8525,35.043],[136.8525,35.0466],[136.8525,35.0502],[136.8525,35.0538],[136.8525,35.0574],[136.8525,35.061],[136.8525,35.0646],[136.8525,35.0682],[136.8525,35.0718],[136.8525,35.0754],[136.8525,35.079],[136.8525,35.0826],[136.8525,35.0862],[136.8525,35.0898],[136.8525,35.0934],[136.8525,35.097],[136.8525,35.1006],[136.8525,35.1042],[136.8525,35.1078],[136.8525,35.1114],[136.8525,35.115],[136.8525,35.1186],[136.8525,35.1222],[136.8525,35.1258],[136.8525,35.1294],[136.8525,35.133],[136.8525,35.1366],[136.8525,35.1402],[136.8525,35.1438],[136.8525,35.1474],[136.8525,35.151],[136.8525,35.1546],[136.8525,35.1582],[136.8525,35.1618],[136.8525,35.1654],[136.8525,35.169],[136.8525,35.1726],[136.8525,35.1762],[136.8525,35.1798],[136.8525,35.1834],[136.8525,35.187],[136.8525,35.1906],[136.8525,35.1942],[136.8525,35.1978],[136.8525,35.2014],[136.8525,35.205],[136.8525,35.2086],[136.8525,35.2122],[136.8525,35.2158],[136.8525,35.2194],[136.8525,35.223],[136.8525,35.2266],[136.8525,35.2302],[136.8525,35.2338],[136.8525,35.2374],[136.8525,35.241],[136.8525,35.2446],[136.8525,35.2482],[136.8525,35.2518],[136.8525,35.2554],[136.8525,35.259],[136.8525,35.2626],[136.8525,35.2662]]}},{"type":"Feature","properties":{"kind":"street","orientation":"ns","length_m":26850.4,"walk_min":335.63},"geometry":{"type":"LineString","coordinates":[[136.857,35.025],[136.857,35.0286],[136.857,35.0322],[136.857,35.0358],[136.857,35.0394],[136.857,35.043],[136.857,35.0466],[136.857,35.0502],[136.857,35.0538],[136.857,35.0574],[136.857,35.061],[136.857,35.0646],[136.857,35.0682],[136.857,35.0718],[136.857,35.0754],[136.857,35.079],[136.857,35.0826],[136.857,35.0862],[136.857,35.0898],[136.857,35.0934],[136.857,35.097],[136.857,35.1006],[136.857,35.1042],[136.857,35.1078],[136.857,35.1114],[136.857,35.115],[136.857,35.1186],[136.857,35.1222],[136.857,35.1258],[136.857,35.1294],[136.857,35.133],[136.857,35.1366],[136.857,35.1402],[136.857,35.1438],[136.857,35.1474],[136.857,35.151],[136.857,35.1546],[136.857,35.1582],[136.857,35.1618],[136.857,35.1654],[136.857,35.169],[136.857,35.1726],[136.857,35.1762],[136.857,35.1798],[136.857,35.1834],[136.857,35.187],[136.857,35.1906],[136.857,35.1942],[136.857,35.1978],[136.857,35.2014],[136.857,35.205],[136.857,35.2086],[136.857,35.2122],[136.857,35.2158],[136.857,35.2194],[136.857,35.223],[136.857,35.2266],[136.857,35.2302],[136.857,35.2338],[136.857,35.2374],[136.857,35.241],[136.857,35.2446],[136.857,35.2482],[136.857,35.2518],[136.857,35.2554],[136.857,35.259],[136.857,35.2626],[136.857,35.2662]]}},{"type":"Feature","properties":{"kind":"street","orientation":"ns","length_m":26850.4,"walk_min":335.63},"geometry":{"type":"LineString","coordinates":[[136.8615,35.025],[136.8615,35.0286],[136.8615,35.0322],[136.8615,35.0358],[136.8615,35.0394],[136.8615,35.043],[136.8615,35.0466],[136.8615,35.0502],[136.8615,35.0538],[136.8615,35.0574],[136.8615,35.061],[136.8615,35.0646],[136.8615,35.0682],[136.8615,35.0718],[136.8615,35.0754],[136.8615,35.079],[136.8615,35.0826],[136.8615,35.0862],[136.8615,35.0898],[136.8615,35.0934],[136.8615,35.097],[136.8615,35.1006],[136.8615,35.1042],[136.8615,35.1078],[136.8615,35.1114],[136.8615,35.115],[136.8615,35.1186],[136.8615,35.1222],[136.8615,35.1258],[136.8615,35.1294],[136.8615,35.133],[136.8615,35.1366],[136.8615,35.1402],[136.8615,35.1438],[136.8615,35.1474],[136.8615,35.151],[136.8615,35.1546],[136.8615,35.1582],[136.8615,35.1618],[136.8615,35.1654],[136.8615,35.169],[136.8615,35.1726],[136.8615,35.1762],[136.8615,35.1798],[136.8615,35.1834],[136.8615,35.187],[136.8615,35.1906],[136.8615,35.1942],[136.8615,35.1978],[136.8615,35.2014],[136.8615,35.205],[136.8615,35.2086],[136.8615,35.2122],[136.8615,35.2158],[136.8615,35.2194],[136.8615,35.223],[136.8615,35.2266],[136.8615,35.2302],[136.8615,35.2338],[136.8615,35.2374],[136.8615,35.241],[136.8615,35.2446],[136.8615,35.2482],[136.8615,35.2518],[136.8615,35.2554],[136.8615,35.259],[136.8615,35.2626],[136.8615,35.2662]]}},{"type":"Feature","properties":{"kind":"street","orientation":"ns","length_m":26850.4,"walk_min":335.63},"geometry":{"type":"LineString","coordinates":[[136.866,35.025],[136.866,35.0286],[136.866,35.0322],[136.866,35.0358],[136.866,35.0394],[136.866,35.043],[136.866,35.0466],[136.866,35.0502],[136.866,35.0538],[136.866,35.0574],[136.866,35.061],[136.866,35.0646],[136.866,35.0682],[136.866,35.0718],[136.866,35.0754],[136.866,35.079],[136.866,35.0826],[136.866,35.0862],[136.866,35.0898],[136.866,35.0934],[136.866,35.097],[136.866,35.1006],[136.866,35.1042],[136.866,35.1078],[136.866,35.1114],[136.866,35.115],[136.866,35.1186],[136.866,35.1222],[136.866,35.1258],[136.866,35.1294],[136.866,35.133],[136.866,35.1366],[136.866,35.1402],[136.866,35.1438],[136.866,35.1474],[136.866,35.151],[136.866,35.1546],[136.866,35.1582],[136.866,35.1618],[136.866,35.1654],[136.866,35.169],[136.866,35.1726],[136.866,35.1762],[136.866,35.1798],[136.866,35.1834],[136.866,35.187],[136.866,35.1906],[136.866,35.1942],[136.866,35.1978],[136.866,35.2014],[136.866,35.205],[136.866,35.2086],[136.866,35.2122],[136.866,35.2158],[136.866,35.2194],[136.866,35.223],[136.866,35.2266],[136.866,35.2302],[136.866,35.2338],[136.866,35.2374],[136.866,35.241],[136.866,35.2446],[136.866,35.2482],[136.866,35.2518],[136.866,35.2554],[136.866,35.259],[136.866,35.2626],[136.866,35.2662]]}},{"type":"Feature","properties":{"kind":"street","orientation":"ns","length_m":26850.4,"walk_min":335.63},"geometry":{"type":"LineString","coordinates":[[136.8705,35.025],[136.8705,35.0286],[136.8705,35.0322],[136.8705,35.0358],[136.8705,35.0394],[136.8705,35.043],[136.8705,35.0466],[136.8705,35.0502],[136.8705,35.0538],[136.8705,35.0574],[136.8705,35.061],[136.8705,35.0646],[136.8705,35.0682],[136.8705,35.0718],[136.8705,35.0754],[136.8705,35.079],[136.8705,35.0826],[136.8705,35.0862],[136.8705,35.0898],[136.8705,35.0934],[136.8705,35.097],[136.8705,35.1006],[136.8705,35.1042],[136.8705,35.1078],[136.8705,35.1114],[136.8705,35.115],[136.8705,35.1186],[136.8705,35.1222],[136.8705,35.1258],[136.8705,35.1294],[136.8705,35.133],[136.8705,35.1366],[136.8705,35.1402],[136.8705,35.1438],[136.8705,35.1474],[136.8705,35.151],[136.8705,35.1546],[136.8705,35.1582],[136.8705,35.1618],[136.8705,35.1654],[136.8705,35.169],[136.8705,35.1726],[136.8705,35.1762],[136.8705,35.1798],[136.8705,35.1834],[136.8705,35.187],[136.8705,35.1906],[136.8705,35.1942],[136.8705,35.1978],[136.8705,35.2014],[136.8705,35.205],[136.8705,35.2086],[136.8705,35.2122],[136.8705,35.2158],[136.8705,35.2194],[136.8705,35.223],[136.8705,35.2266],[136.8705,35.2302],[136.8705,35.2338],[136.8705,35.2374],[136.8705,35.241],[136.8705,35.2446],[136.8705,35.2482],[136.8705,35.2518],[136.8705,35.2554],[136.8705,35.259],[136.8705,35.2626],[136.8705,35.2662]]}},{"type":"Feature","properties":{"kind":"street","orientation":"ns","length_m":26850.4,"walk_min":335.63},"geometry":{"type":"LineString","coordinates":[[136.875,35.025],[136.875,35.0286],[136.875,35.0322],[136.875,35.0358],[136.875,35.0394],[136.875,35.043],[136.875,35.0466],[136.875,35.0502],[136.875,35.0538],[136.875,35.0574],[136.875,35.061],[136.875,35.0646],[136.875,35.0682],[136.875,35.0718],[136.875,35.0754],[136.875,35.079],[136.875,35.0826],[136.875,35.0862],[136.875,35.0898],[136.875,35.0934],[136.875,35.097],[136.875,35.1006],[136.875,35.1042],[136.875,35.1078],[136.875,35.1114],[136.875,35.115],[136.875,35.1186],[136.875,35.1222],[136.875,35.1258],[136.875,35.1294],[136.875,35.133],[136.875,35.1366],[136.875,35.1402],[136.875,35.1438],[136.875,35.1474],[136.875,35.151],[136.875,35.1546],[136.875,35.1582],[136.875,35.1618],[136.875,35.1654],[136.875,35.169],[136.875,35.1726],[136.875,35.1762],[136.875,35.1798],[136.875,35.1834],[136.875,35.187],[136.875,35.1906],[136.875,35.1942],[136.875,35.1978],[136.875,35.2014],[136.875,35.205],[136.875,35.2086],[136.875,35.2122],[136.875,35.2158],[136.875,35.2194],[136.875,35.223],[136.875,35.2266],[136.875,35.2302],[136.875,35.2338],[136.875,35.2374],[136.875,35.241],[136.875,35.2446],[136.875,35.2482],[136.875,35.2518],[136.875,35.2554],[136.875,35.259],[136.875,35.2626],[136.875,35.2662]]}},{"type":"Feature","properties":{"kind":"street","orientation":"ns","length_m":26850.4,"walk_min":335.63},"geometry":{"type":"LineString","coordinates":[[136.8795,35.025],[136.8795,35.0286],[136.8795,35.0322],[136.8795,35.0358],[136.8795,35.0394],[136.8795,35.043],[136.8795,35.0466],[136.8795,35.0502],[136.8795,35.0538],[136.8795,35.0574],[136.8795,35.061],[136.8795,35.0646],[136.8795,35.0682],[136.8795,35.0718],[136.8795,35.0754],[136.8795,35.079],[136.8795,35.0826],[136.8795,35.0862],[136.8795,35.0898],[136.8795,35.0934],[136.8795,35.097],[136.8795,35.1006],[136.8795,35.1042],[136.8795,35.1078],[136.8795,35.1114],[136.8795,35.115],[136.8795,35.1186],[136.8795,35.1222],[136.8795,35.1258],[136.8795,35.1294],[136.8795,35.133],[136.8795,35.1366],[136.8795,35.1402],[136.8795,35.1438],[136.8795,35.1474],[136.8795,35.151],[136.8795,35.1546],[136.8795,35.1582],[136.8795,35.1618],[136.8795,35.1654],[136.8795,35.169],[136.8795,35.1726],[136.8795,35.1762],[136.8795,35.1798],[136.8795,35.1834],[136.8795,35.187],[136.8795,35.1906],[136.8795,35.1942],[136.8795,35.1978],[136.8795,35.2014],[136.8795,35.205],[136.8795,35.2086],[136.8795,35.2122],[136.8795,35.2158],[136.8795,35.2194],[136.8795,35.223],[136.8795,35.2266],[136.8795,35.2302],[136.8795,35.2338],[136.8795,35.2374],[136.8795,35.241],[136.8795,35.2446],[136.8795,35.2482],[136.8795,35.2518],[136.8795,35.2554],[136.8795,35.259],[136.8795,35.2626],[136.8795,35.2662]]}},{"type":"Feature","properties":{"kind":"street","orientation":"ns","length_m":26850.4,"walk_min":335.63},"geometry":{"type":"LineString","coordinates":[[136.884,35.025],[136.884,35.0286],[136.884,35.0322],[136.884,35.0358],[136.884,35.0394],[136.884,35.043],[136.884,35.0466],[136.884,35.0502],[136.884,35.0538],[136.884,35.0574],[136.884,35.061],[136.884,35.0646],[136.884,35.0682],[136.884,35.0718],[136.884,35.0754],[136.884,35.079],[136.884,35.0826],[136.884,35.0862],[136.884,35.0898],[136.884,35.0934],[136.884,35.097],[136.884,35.1006],[136.884,35.1042],[136.884,35.1078],[136.884,35.1114],[136.884,35.115],[136.884,35.1186],[136.884,35.1222],[136.884,35.1258],[136.884,35.1294],[136.884,35.133],[136.884,35.1366],[136.884,35.1402],[136.884,35.1438],[136.884,35.1474],[136.884,35.151],[136.884,35.1546],[136.884,35.1582],[136.884,35.1618],[136.884,35.1654],[136.884,35.169],[136.884,35.1726],[136.884,35.1762],[136.884,35.1798],[136.884,35.1834],[136.884,35.187],[136.884,35.1906],[136.884,35.1942],[136.884,35.1978],[136.884,35.2014],[136.884,35.205],[136.884,35.2086],[136.884,35.2122],[136.884,35.2158],[136.884,35.2194],[136.884,35.223],[136.884,35.2266],[136.884,35.2302],[136.884,35.2338],[136.884,35.2374],[136.884,35.241],[136.884,35.2446],[136.884,35.2482],[136.884,35.2518],[136.884,35.2554],[136.884,35.259],[136.884,35.2626],[136.884,35.2662]]}},{"type":"Feature","properties":{"kind":"street","orientation":"ns","length_m":26850.4,"walk_min":335.63},"geometry":{"type":"LineString","coordinates":[[136.8885,35.025],[136.8885,35.0286],[136.8885,35.0322],[136.8885,35.0358],[136.8885,35.0394],[136.8885,35.043],[136.8885,35.0466],[136.8885,35.0502],[136.8885,35.0538],[136.8885,35.0574],[136.8885,35.061],[136.8885,35.0646],[136.8885,35.0682],[136.8885,35.0718],[136.8885,35.0754],[136.8885,35.079],[136.8885,35.0826],[136.8885,35.0862],[136.8885,35.0898],[136.8885,35.0934],[136.8885,35.097],[136.8885,35.1006],[136.8885,35.1042],[136.8885,35.1078],[136.8885,35.1114],[136.8885,35.115],[136.8885,35.1186],[136.8885,35.1222],[136.8885,35.1258],[136.8885,35.1294],[136.8885,35.133],[136.8885,35.1366],[136.8885,35.1402],[136.8885,35.1438],[136.8885,35.1474],[136.8885,35.151],[136.8885,35.1546],[136.8885,35.1582],[136.8885,35.1618],[136.8885,35.1654],[136.8885,35.169],[136.8885,35.1726],[136.8885,35.1762],[136.8885,35.1798],[136.8885,35.1834],[136.8885,35.187],[136.8885,35.1906],[136.8885,35.1942],[136.8885,35.1978],[136.8885,35.2014],[136.8885,35.205],[136.8885,35.2086],[136.8885,35.2122],[136.8885,35.2158],[136.8885,35.2194],[136.8885,35.223],[136.8885,35.2266],[136.8885,35.2302],[136.8885,35.2338],[136.8885,35.2374],[136.8885,35.241],[136.8885,35.2446],[136.8885,35.2482],[136.8885,35.2518],[136.8885,35.2554],[136.8885,35.259],[136.8885,35.2626],[136.8885,35.2662]]}},{"type":"Feature","properties":{"kind":"street","orientation":"ns","length_m":26850.4,"walk_min":335.63},"geometry":{"type":"LineString","coordinates":[[136.893,35.025],[136.893,35.0286],[136.893,35.0322],[136.893,35.0358],[136.893,35.0394],[136.893,35.043],[136.893,35.0466],[136.893,35.0502],[136.893,35.0538],[136.893,35.0574],[136.893,35.061],[136.893,35.0646],[136.893,35.0682],[136.893,35.0718],[136.893,35.0754],[136.893,35.079],[136.893,35.0826],[136.893,35.0862],[136.893,35.0898],[136.893,35.0934],[136.893,35.097],[136.893,35.1006],[136.893,35.1042],[136.893,35.1078],[136.893,35.1114],[136.893,35.115],[136.893,35.1186],[136.893,35.1222],[136.893,35.1258],[136.893,35.1294],[136.893,35.133],[136.893,35.1366],[136.893,35.1402],[136.893,35.1438],[136.893,35.1474],[136.893,35.151],[136.893,35.1546],[136.893,35.1582],[136.893,35.1618],[136.893,35.1654],[136.893,35.169],[136.893,35.1726],[136.893,35.1762],[136.893,35.1798],[136.893,35.1834],[136.893,35.187],[136.893,35.1906],[136.893,35.1942],[136.893,35.1978],[136.893,35.2014],[136.893,35.205],[136.893,35.2086],[136.893,35.2122],[136.893,35.2158],[136.893,35.2194],[136.893,35.223],[136.893,35.2266],[136.893,35.2302],[136.893,35.2338],[136.893,35.2374],[136.893,35.241],[136.893,35.2446],[136.893,35.2482],[136.893,35.2518],[136.893,35.2554],[136.893,35.259],[136.893,35.2626],[136.893,35.2662]]}},{"type":"Feature","properties":{"kind":"street","orientation":"ns","length_m":26850.4,"walk_min":335.63},"geometry":{"type":"LineString","coordinates":[[136.8975,35.025],[136.8975,35.0286],[136.8975,35.0322],[136.8975,35.0358],[136.8975,35.0394],[136.8975,35.043],[136.8975,35.0466],[136.8975,35.0502],[136.8975,35.0538],[136.8975,35.0574],[136.8975,35.061],[136.8975,35.0646],[136.8975,35.0682],[136.8975,35.0718],[136.8975,35.0754],[136.8975,35.079],[136.8975,35.0826],[136.8975,35.0862],[136.8975,35.0898],[136.8975,35.0934],[136.8975,35.097],[136.8975,35.1006],[136.8975,35.1042],[136.8975,35.1078],[136.8975,35.1114],[136.8975,35.115],[136.8975,35.1186],[136.8975,35.1222],[136.8975,35.1258],[136.8975,35.1294],[136.8975,35.133],[136.8975,35.1366],[136.8975,35.1402],[136.8975,35.1438],[136.8975,35.1474],[136.8975,35.151],[136.8975,35.1546],[136.8975,35.1582],[136.8975,35.1618],[136.8975,35.1654],[136.8975,35.169],[136.8975,35.1726],[136.8975,35.1762],[136.8975,35.1798],[136.8975,35.1834],[136.8975,35.187],[136.8975,35.1906],[136.8975,35.1942],[136.8975,35.1978],[136.8975,35.2014],[136.8975,35.205],[136.8975,35.2086],[136.8975,35.2122],[136.8975,35.2158],[136.8975,35.2194],[136.8975,35.223],[136.8975,35.2266],[136.8975,35.2302],[136.8975,35.2338],[136.8975,35.2374],[136.8975,35.241],[136.8975,35.2446],[136.8975,35.2482],[136.8975,35.2518],[136.8975,35.2554],[136.8975,35.259],[136.8975,35.2626],[136.8975,35.2662]]}},{"type":"Feature","properties":{"kind":"street","orientation":"ns","length_m":26850.4,"walk_min":335.63},"geometry":{"type":"LineString","coordinates":[[136.902,35.025],[136.902,35.0286],[136.902,35.0322],[136.902,35.0358],[136.902,35.0394],[136.902,35.043],[136.902,35.0466],[136.902,35.0502],[136.902,35.0538],[136.902,35.0574],[136.902,35.061],[136.902,35.0646],[136.902,35.0682],[136.902,35.0718],[136.902,35.0754],[136.902,35.079],[136.902,35.0826],[136.902,35.0862],[136.902,35.0898],[136.902,35.0934],[136.902,35.097],[136.902,35.1006],[136.902,35.1042],[136.902,35.1078],[136.902,35.1114],[136.902,35.115],[136.902,35.1186],[136.902,35.1222],[136.902,35.1258],[136.902,35.1294],[136.902,35.133],[136.902,35.1366],[136.902,35.1402],[136.902,35.1438],[136.902,35.1474],[136.902,35.151],[136.902,35.1546],[136.902,35.1582],[136.902,35.1618],[136.902,35.1654],[136.902,35.169],[136.902,35.1726],[136.902,35.1762],[136.902,35.1798],[136.902,35.1834],[136.902,35.187],[136.902,35.1906],[136.902,35.1942],[136.902,35.1978],[136.902,35.2014],[136.902,35.205],[136.902,35.2086],[136.902,35.2122],[136.902,35.2158],[136.902,35.2194],[136.902,35.223],[136.902,35.2266],[136.902,35.2302],[136.902,35.2338],[136.902,35.2374],[136.902,35.241],[136.902,35.2446],[136.902,35.2482],[136.902,35.2518],[136.902,35.2554],[136.902,35.259],[136.902,35.2626],[136.902,35.2662]]}},{"type":"Feature","properties":{"kind":"street","orientation":"ns","length_m":26850.4,"walk_min":335.63},"geometry":{"type":"LineString","coordinates":[[136.9065,35.025],[136.9065,35.0286],[136.9065,35.0322],[136.9065,35.0358],[136.9065,35.0394],[136.9065,35.043],[136.9065,35.0466],[136.9065,35.0502],[136.9065,35.0538],[136.9065,35.0574],[136.9065,35.061],[136.9065,35.0646],[136.9065,35.0682],[136.9065,35.0718],[136.9065,35.0754],[136.9065,35.079],[136.9065,35.0826],[136.9065,35.0862],[136.9065,35.0898],[136.9065,35.0934],[136.9065,35.097],[136.9065,35.1006],[136.9065,35.1042],[136.9065,35.1078],[136.9065,35.1114],[136.9065,35.115],[136.9065,35.1186],[136.9065,35.1222],[136.9065,35.1258],[136.9065,35.1294],[136.9065,35.133],[136.9065,35.1366],[136.9065,35.1402],[136.9065,35.1438],[136.9065,35.1474],[136.9065,35.151],[136.9065,35.1546],[136.9065,35.1582],[136.9065,35.1618],[136.9065,35.1654],[136.9065,35.169],[136.9065,35.1726],[136.9065,35.1762],[136.9065,35.1798],[136.9065,35.1834],[136.9065,35.187],[136.9065,35.1906],[136.9065,35.1942],[136.9065,35.1978],[136.9065,35.2014],[136.9065,35.205],[136.9065,35.2086],[136.9065,35.2122],[136.9065,35.2158],[136.9065,35.2194],[136.9065,35.223],[136.9065,35.2266],[136.9065,35.2302],[136.9065,35.2338],[136.9065,35.2374],[136.9065,35.241],[136.9065,35.2446],[136.9065,35.2482],[136.9065,35.2518],[136.9065,35.2554],[136.9065,35.259],[136.9065,35.2626],[136.9065,35.2662]]}},{"type":"Feature","properties":{"kind":"street","orientation":"ns","length_m":26850.4,"walk_min":335.63},"geometry":{"type":"LineString","coordinates":[[136.911,35.025],[136.911,35.0286],[136.911,35.0322],[136.911,35.0358],[136.911,35.0394],[136.911,35.043],[136.911,35.0466],[136.911,35.0502],[136.911,35.0538],[136.911,35.0574],[136.911,35.061],[136.911,35.0646],[136.911,35.0682],[136.911,35.0718],[136.911,35.0754],[136.911,35.079],[136.911,35.0826],[136.911,35.0862],[136.911,35.0898],[136.911,35.0934],[136.911,35.097],[136.911,35.1006],[136.911,35.1042],[136.911,35.1078],[136.911,35.1114],[136.911,35.115],[136.911,35.1186],[136.911,35.1222],[136.911,35.1258],[136.911,35.1294],[136.911,35.133],[136.911,35.1366],[136.911,35.1402],[136.911,35.1438],[136.911,35.1474],[136.911,35.151],[136.911,35.1546],[136.911,35.1582],[136.911,35.1618],[136.911,35.1654],[136.911,35.169],[136.911,35.1726],[136.911,35.1762],[136.911,35.1798],[136.911,35.1834],[136.911,35.187],[136.911,35.1906],[136.911,35.1942],[136.911,35.1978],[136.911,35.2014],[136.911,35.205],[136.911,35.2086],[136.911,35.2122],[136.911,35.2158],[136.911,35.2194],[136.911,35.223],[136.911,35.2266],[136.911,35.2302],[136.911,35.2338],[136.911,35.2374],[136.911,35.241],[136.911,35.2446],[136.911,35.2482],[136.911,35.2518],[136.911,35.2554],[136.911,35.259],[136.911,35.2626],[136.911,35.2662]]}},{"type":"Feature","properties":{"kind":"street","orientation":"ns","length_m":26850.4,"walk_min":335.63},"geometry":{"type":"LineString","coordinates":[[136.9155,35.025],[136.9155,35.0286],[136.9155,35.0322],[136.9155,35.0358],[136.9155,35.0394],[136.9155,35.043],[136.9155,35.0466],[136.9155,35.0502],[136.9155,35.0538],[136.9155,35.0574],[136.9155,35.061],[136.9155,35.0646],[136.9155,35.0682],[136.9155,35.0718],[136.9155,35.0754],[136.9155,35.079],[136.9155,35.0826],[136.9155,35.0862],[136.9155,35.0898],[136.9155,35.0934],[136.9155,35.097],[136.9155,35.1006],[136.9155,35.1042],[136.9155,35.1078],[136.9155,35.1114],[136.9155,35.115],[136.9155,35.1186],[136.9155,35.1222],[136.9155,35.1258],[136.9155,35.1294],[136.9155,35.133],[136.9155,35.1366],[136.9155,35.1402],[136.9155,35.1438],[136.9155,35.1474],[136.9155,35.151],[136.9155,35.1546],[136.9155,35.1582],[136.9155,35.1618],[136.9155,35.1654],[136.9155,35.169],[136.9155,35.1726],[136.9155,35.1762],[136.9155,35.1798],[136.9155,35.1834],[136.9155,35.187],[136.9155,35.1906],[136.9155,35.1942],[136.9155,35.1978],[136.9155,35.2014],[136.9155,35.205],[136.9155,35.2086],[136.9155,35.2122],[136.9155,35.2158],[136.9155,35.2194],[136.9155,35.223],[136.9155,35.2266],[136.9155,35.2302],[136.9155,35.2338],[136.9155,35.2374],[136.9155,35.241],[136.9155,35.2446],[136.9155,35.2482],[136.9155,35.2518],[136.9155,35.2554],[136.9155,35.259],[136.9155,35.2626],[136.9155,35.2662]]}},{"type":"Feature","properties":{"kind":"street","orientation":"ns","length_m":26850.4,"walk_min":335.63},"geometry":{"type":"LineString","coordinates":[[136.92,35.025],[136.92,35.0286],[136.92,35.0322],[136.92,35.0358],[136.92,35.0394],[136.92,35.043],[136.92,35.0466],[136.92,35.0502],[136.92,35.0538],[136.92,35.0574],[136.92,35.061],[136.92,35.0646],[136.92,35.0682],[136.92,35.0718],[136.92,35.0754],[136.92,35.079],[136.92,35.0826],[136.92,35.0862],[136.92,35.0898],[136.92,35.0934],[136.92,35.097],[136.92,35.1006],[136.92,35.1042],[136.92,35.1078],[136.92,35.1114],[136.92,35.115],[136.92,35.1186],[136.92,35.1222],[136.92,35.1258],[136.92,35.1294],[136.92,35.133],[136.92,35.1366],[136.92,35.1402],[136.92,35.1438],[136.92,35.1474],[136.92,35.151],[136.92,35.1546],[136.92,35.1582],[136.92,35.1618],[136.92,35.1654],[136.92,35.169],[136.92,35.1726],[136.92,35.1762],[136.92,35.1798],[136.92,35.1834],[136.92,35.187],[136.92,35.1906],[136.92,35.1942],[136.92,35.1978],[136.92,35.2014],[136.92,35.205],[136.92,35.2086],[136.92,35.2122],[136.92,35.2158],[136.92,35.2194],[136.92,35.223],[136.92,35.2266],[136.92,35.2302],[136.92,35.2338],[136.92,35.2374],[136.92,35.241],[136.92,35.2446],[136.92,35.2482],[136.92,35.2518],[136.92,35.2554],[136.92,35.259],[136.92,35.2626],[136.92,35.2662]]}},{"type":"Feature","properties":{"kind":"street","orientation":"ns","length_m":26850.4,"walk_min":335.63},"geometry":{"type":"LineString","coordinates":[[136.9245,35.025],[136.9245,35.0286],[136.9245,35.0322],[136.9245,35.0358],[136.9245,35.0394],[136.9245,35.043],[136.9245,35.0466],[136.9245,35.0502],[136.9245,35.0538],[136.9245,35.0574],[136.9245,35.061],[136.9245,35.0646],[136.9245,35.0682],[136.9245,35.0718],[136.9245,35.0754],[136.9245,35.079],[136.9245,35.0826],[136.9245,35.0862],[136.9245,35.0898],[136.9245,35.0934],[136.9245,35.097],[136.9245,35.1006],[136.9245,35.1042],[136.9245,35.1078],[136.9245,35.1114],[136.9245,35.115],[136.9245,35.1186],[136.9245,35.1222],[136.9245,35.1258],[136.9245,35.1294],[136.9245,35.133],[136.9245,35.1366],[136.9245,35.1402],[136.9245,35.1438],[136.9245,35.1474],[136.9245,35.151],[136.9245,35.1546],[136.9245,35.1582],[136.9245,35.1618],[136.9245,35.1654],[136.9245,35.169],[136.9245,35.1726],[136.9245,35.1762],[136.9245,35.1798],[136.9245,35.1834],[136.9245,35.187],[136.9245,35.1906],[136.9245,35.1942],[136.9245,35.1978],[136.9245,35.2014],[136.9245,35.205],[136.9245,35.2086],[136.9245,35.2122],[136.9245,35.2158],[136.9245,35.2194],[136.9245,35.223],[136.9245,35.2266],[136.9245,35.2302],[136.9245,35.2338],[136.9245,35.2374],[136.9245,35.241],[136.9245,35.2446],[136.9245,35.2482],[136.9245,35.2518],[136.9245,35.2554],[136.9245,35.259],[136.9245,35.2626],[136.9245,35.2662]]}},{"type":"Feature","properties":{"kind":"street","orientation":"ns","length_m":26850.4,"walk_min":335.63},"geometry":{"type":"LineString","coordinates":[[136.929,35.025],[136.929,35.0286],[136.929,35.0322],[136.929,35.0358],[136.929,35.0394],[136.929,35.043],[136.929,35.0466],[136.929,35.0502],[136.929,35.0538],[136.929,35.0574],[136.929,35.061],[136.929,35.0646],[136.929,35.0682],[136.929,35.0718],[136.929,35.0754],[136.929,35.079],[136.929,35.0826],[136.929,35.0862],[136.929,35.0898],[136.929,35.0934],[136.929,35.097],[136.929,35.1006],[136.929,35.1042],[136.929,35.1078],[136.929,35.1114],[136.929,35.115],[136.929,35.1186],[136.929,35.1222],[136.929,35.1258],[136.929,35.1294],[136.929,35.133],[136.929,35.1366],[136.929,35.1402],[136.929,35.1438],[136.929,35.1474],[136.929,35.151],[136.929,35.1546],[136.929,35.1582],[136.929,35.1618],[136.929,35.1654],[136.929,35.169],[136.929,35.1726],[136.929,35.1762],[136.929,35.1798],[136.929,35.1834],[136.929,35.187],[136.929,35.1906],[136.929,35.1942],[136.929,35.1978],[136.929,35.2014],[136.929,35.205],[136.929,35.2086],[136.929,35.2122],[136.929,35.2158],[136.929,35.2194],[136.929,35.223],[136.929,35.2266],[136.929,35.2302],[136.929,35.2338],[136.929,35.2374],[136.929,35.241],[136.929,35.2446],[136.929,35.2482],[136.929,35.2518],[136.929,35.2554],[136.929,35.259],[136.929,35.2626],[136.929,35.2662]]}},{"type":"Feature","properties":{"kind":"street","orientation":"ns","length_m":26850.4,"walk_min":335.63},"geometry":{"type":"LineString","coordinates":[[136.9335,35.025],[136.9335,35.0286],[136.9335,35.0322],[136.9335,35.0358],[136.9335,35.0394],[136.9335,35.043],[136.9335,35.0466],[136.9335,35.0502],[136.9335,35.0538],[136.9335,35.0574],[136.9335,35.061],[136.9335,35.0646],[136.9335,35.0682],[136.9335,35.0718],[136.9335,35.0754],[136.9335,35.079],[136.9335,35.0826],[136.9335,35.0862],[136.9335,35.0898],[136.9335,35.0934],[136.9335,35.097],[136.9335,35.1006],[136.9335,35.1042],[136.9335,35.1078],[136.9335,35.1114],[136.9335,35.115],[136.9335,35.1186],[136.9335,35.1222],[136.9335,35.1258],[136.9335,35.1294],[136.9335,35.133],[136.9335,35.1366],[136.9335,35.1402],[136.9335,35.1438],[136.9335,35.1474],[136.9335,35.151],[136.9335,35.1546],[136.9335,35.1582],[136.9335,35.1618],[136.9335,35.1654],[136.9335,35.169],[136.9335,35.1726],[136.9335,35.1762],[136.9335,35.1798],[136.9335,35.1834],[136.9335,35.187],[136.9335,35.1906],[136.9335,35.1942],[136.9335,35.1978],[136.9335,35.2014],[136.9335,35.205],[136.9335,35.2086],[136.9335,35.2122],[136.9335,35.2158],[136.9335,35.2194],[136.9335,35.223],[136.9335,35.2266],[136.9335,35.2302],[136.9335,35.2338],[136.9335,35.2374],[136.9335,35.241],[136.9335,35.2446],[136.9335,35.2482],[136.9335,35.2518],[136.9335,35.2554],[136.9335,35.259],[136.9335,35.2626],[136.9335,35.2662]]}},{"type":"Feature","properties":{"kind":"street","orientation":"ns","length_m":26850.4,"walk_min":335.63},"geometry":{"type":"LineString","coordinates":[[136.938,35.025],[136.938,35.0286],[136.938,35.0322],[136.938,35.0358],[136.938,35.0394],[136.938,35.043],[136.938,35.0466],[136.938,35.0502],[136.938,35.0538],[136.938,35.0574],[136.938,35.061],[136.938,35.0646],[136.938,35.0682],[136.938,35.0718],[136.938,35.0754],[136.938,35.079],[136.938,35.0826],[136.938,35.0862],[136.938,35.0898],[136.938,35.0934],[136.938,35.097],[136.938,35.1006],[136.938,35.1042],[136.938,35.1078],[136.938,35.1114],[136.938,35.115],[136.938,35.1186],[136.938,35.1222],[136.938,35.1258],[136.938,35.1294],[136.938,35.133],[136.938,35.1366],[136.938,35.1402],[136.938,35.1438],[136.938,35.1474],[136.938,35.151],[136.938,35.1546],[136.938,35.1582],[136.938,35.1618],[136.938,35.1654],[136.938,35.169],[136.938,35.1726],[136.938,35.1762],[136.938,35.1798],[136.938,35.1834],[136.938,35.187],[136.938,35.1906],[136.938,35.1942],[136.938,35.1978],[136.938,35.2014],[136.938,35.205],[136.938,35.2086],[136.938,35.2122],[136.938,35.2158],[136.938,35.2194],[136.938,35.223],[136.938,35.2266],[136.938,35.2302],[136.938,35.2338],[136.938,35.2374],[136.938,35.241],[136.938,35.2446],[136.938,35.2482],[136.938,35.2518],[136.938,35.2554],[136.938,35.259],[136.938,35.2626],[136.938,35.2662]]}},{"type":"Feature","properties":{"kind":"street","orientation":"ns","length_m":26850.4,"walk_min":335.63},"geometry":{"type":"LineString","coordinates":[[136.9425,35.025],[136.9425,35.0286],[136.9425,35.0322],[136.9425,35.0358],[136.9425,35.0394],[136.9425,35.043],[136.9425,35.0466],[136.9425,35.0502],[136.9425,35.0538],[136.9425,35.0574],[136.9425,35.061],[136.9425,35.0646],[136.9425,35.0682],[136.9425,35.0718],[136.9425,35.0754],[136.9425,35.079],[136.9425,35.0826],[136.9425,35.0862],[136.9425,35.0898],[136.9425,35.0934],[136.9425,35.097],[136.9425,35.1006],[136.9425,35.1042],[136.9425,35.1078],[136.9425,35.1114],[136.9425,35.115],[136.9425,35.1186],[136.9425,35.1222],[136.9425,35.1258],[136.9425,35.1294],[136.9425,35.133],[136.9425,35.1366],[136.9425,35.1402],[136.9425,35.1438],[136.9425,35.1474],[136.9425,35.151],[136.9425,35.1546],[136.9425,35.1582],[136.9425,35.1618],[136.9425,35.1654],[136.9425,35.169],[136.9425,35.1726],[136.9425,35.1762],[136.9425,35.1798],[136.9425,35.1834],[136.9425,35.187],[136.9425,35.1906],[136.9425,35.1942],[136.9425,35.1978],[136.9425,35.2014],[136.9425,35.205],[136.9425,35.2086],[136.9425,35.2122],[136.9425,35.2158],[136.9425,35.2194],[136.9425,35.223],[136.9425,35.2266],[136.9425,35.2302],[136.9425,35.2338],[136.9425,35.2374],[136.9425,35.241],[136.9425,35.2446],[136.9425,35.2482],[136.9425,35.2518],[136.9425,35.2554],[136.9425,35.259],[136.9425,35.2626],[136.9425,35.2662]]}},{"type":"Feature","properties":{"kind":"street","orientation":"ns","length_m":26850.4,"walk_min":335.63},"geometry":{"type":"LineString","coordinates":[[136.947,35.025],[136.947,35.0286],[136.947,35.0322],[136.947,35.0358],[136.947,35.0394],[136.947,35.043],[136.947,35.0466],[136.947,35.0502],[136.947,35.0538],[136.947,35.0574],[136.947,35.061],[136.947,35.0646],[136.947,35.0682],[136.947,35.0718],[136.947,35.0754],[136.947,35.079],[136.947,35.0826],[136.947,35.0862],[136.947,35.0898],[136.947,35.0934],[136.947,35.097],[136.947,35.1006],[136.947,35.1042],[136.947,35.1078],[136.947,35.1114],[136.947,35.115],[136.947,35.1186],[136.947,35.1222],[136.947,35.1258],[136.947,35.1294],[136.947,35.133],[136.947,35.1366],[136.947,35.1402],[136.947,35.1438],[136.947,35.1474],[136.947,35.151],[136.947,35.1546],[136.947,35.1582],[136.947,35.1618],[136.947,35.1654],[136.947,35.169],[136.947,35.1726],[136.947,35.1762],[136.947,35.1798],[136.947,35.1834],[136.947,35.187],[136.947,35.1906],[136.947,35.1942],[136.947,35.1978],[136.947,35.2014],[136.947,35.205],[136.947,35.2086],[136.947,35.2122],[136.947,35.2158],[136.947,35.2194],[136.947,35.223],[136.947,35.2266],[136.947,35.2302],[136.947,35.2338],[136.947,35.2374],[136.947,35.241],[136.947,35.2446],[136.947,35.2482],[136.947,35.2518],[136.947,35.2554],[136.947,35.259],[136.947,35.2626],[136.947,35.2662]]}},{"type":"Feature","properties":{"kind":"street","orientation":"ns","length_m":26850.4,"walk_min":335.63},"geometry":{"type":"LineString","coordinates":[[136.9515,35.025],[136.9515,35.0286],[136.9515,35.0322],[136.9515,35.0358],[136.9515,35.0394],[136.9515,35.043],[136.9515,35.0466],[136.9515,35.0502],[136.9515,35.0538],[136.9515,35.0574],[136.9515,35.061],[136.9515,35.0646],[136.9515,35.0682],[136.9515,35.0718],[136.9515,35.0754],[136.9515,35.079],[136.9515,35.0826],[136.9515,35.0862],[136.9515,35.0898],[136.9515,35.0934],[136.9515,35.097],[136.9515,35.1006],[136.9515,35.1042],[136.9515,35.1078],[136.9515,35.1114],[136.9515,35.115],[136.9515,35.1186],[136.9515,35.1222],[136.9515,35.1258],[136.9515,35.1294],[136.9515,35.133],[136.9515,35.1366],[136.9515,35.1402],[136.9515,35.1438],[136.9515,35.1474],[136.9515,35.151],[136.9515,35.1546],[136.9515,35.1582],[136.9515,35.1618],[136.9515,35.1654],[136.9515,35.169],[136.9515,35.1726],[136.9515,35.1762],[136.9515,35.1798],[136.9515,35.1834],[136.9515,35.187],[136.9515,35.1906],[136.9515,35.1942],[136.9515,35.1978],[136.9515,35.2014],[136.9515,35.205],[136.9515,35.2086],[136.9515,35.2122],[136.9515,35.2158],[136.9515,35.2194],[136.9515,35.223],[136.9515,35.2266],[136.9515,35.2302],[136.9515,35.2338],[136.9515,35.2374],[136.9515,35.241],[136.9515,35.2446],[136.9515,35.2482],[136.9515,35.2518],[136.9515,35.2554],[136.9515,35.259],[136.9515,35.2626],[136.9515,35.2662]]}},{"type":"Feature","properties":{"kind":"street","orientation":"ns","length_m":26850.4,"walk_min":335.63},"geometry":{"type":"LineString","coordinates":[[136.956,35.025],[136.956,35.0286],[136.956,35.0322],[136.956,35.0358],[136.956,35.0394],[136.956,35.043],[136.956,35.0466],[136.956,35.0502],[136.956,35.0538],[136.956,35.0574],[136.956,35.061],[136.956,35.0646],[136.956,35.0682],[136.956,35.0718],[136.956,35.0754],[136.956,35.079],[136.956,35.0826],[136.956,35.0862],[136.956,35.0898],[136.956,35.0934],[136.956,35.097],[136.956,35.1006],[136.956,35.1042],[136.956,35.1078],[136.956,35.1114],[136.956,35.115],[136.956,35.1186],[136.956,35.1222],[136.956,35.1258],[136.956,35.1294],[136.956,35.133],[136.956,35.1366],[136.956,35.1402],[136.956,35.1438],[136.956,35.1474],[136.956,35.151],[136.956,35.1546],[136.956,35.1582],[136.956,35.1618],[136.956,35.1654],[136.956,35.169],[136.956,35.1726],[136.956,35.1762],[136.956,35.1798],[136.956,35.1834],[136.956,35.187],[136.956,35.1906],[136.956,35.1942],[136.956,35.1978],[136.956,35.2014],[136.956,35.205],[136.956,35.2086],[136.956,35.2122],[136.956,35.2158],[136.956,35.2194],[136.956,35.223],[136.956,35.2266],[136.956,35.2302],[136.956,35.2338],[136.956,35.2374],[136.956,35.241],[136.956,35.2446],[136.956,35.2482],[136.956,35.2518],[136.956,35.2554],[136.956,35.259],[136.956,35.2626],[136.956,35.2662]]}},{"type":"Feature","properties":{"kind":"street","orientation":"ns","length_m":26850.4,"walk_min":335.63},"geometry":{"type":"LineString","coordinates":[[136.9605,35.025],[136.9605,35.0286],[136.9605,35.0322],[136.9605,35.0358],[136.9605,35.0394],[136.9605,35.043],[136.9605,35.0466],[136.9605,35.0502],[136.9605,35.0538],[136.9605,35.0574],[136.9605,35.061],[136.9605,35.0646],[136.9605,35.0682],[136.9605,35.0718],[136.9605,35.0754],[136.9605,35.079],[136.9605,35.0826],[136.9605,35.0862],[136.9605,35.0898],[136.9605,35.0934],[136.9605,35.097],[136.9605,35.1006],[136.9605,35.1042],[136.9605,35.1078],[136.9605,35.1114],[136.9605,35.115],[136.9605,35.1186],[136.9605,35.1222],[136.9605,35.1258],[136.9605,35.1294],[136.9605,35.133],[136.9605,35.1366],[136.9605,35.1402],[136.9605,35.1438],[136.9605,35.1474],[136.9605,35.151],[136.9605,35.1546],[136.9605,35.1582],[136.9605,35.1618],[136.9605,35.1654],[136.9605,35.169],[136.9605,35.1726],[136.9605,35.1762],[136.9605,35.1798],[136.9605,35.1834],[136.9605,35.187],[136.9605,35.1906],[136.9605,35.1942],[136.9605,35.1978],[136.9605,35.2014],[136.9605,35.205],[136.9605,35.2086],[136.9605,35.2122],[136.9605,35.2158],[136.9605,35.2194],[136.9605,35.223],[136.9605,35.2266],[136.9605,35.2302],[136.9605,35.2338],[136.9605,35.2374],[136.9605,35.241],[136.9605,35.2446],[136.9605,35.2482],[136.9605,35.2518],[136.9605,35.2554],[136.9605,35.259],[136.9605,35.2626],[136.9605,35.2662]]}},{"type":"Feature","properties":{"kind":"street","orientation":"ns","length_m":26850.4,"walk_min":335.63},"geometry":{"type":"LineString","coordinates":[[136.965,35.025],[136.965,35.0286],[136.965,35.0322],[136.965,35.0358],[136.965,35.0394],[136.965,35.043],[136.965,35.0466],[136.965,35.0502],[136.965,35.0538],[136.965,35.0574],[136.965,35.061],[136.965,35.0646],[136.965,35.0682],[136.965,35.0718],[136.965,35.0754],[136.965,35.079],[136.965,35.0826],[136.965,35.0862],[136.965,35.0898],[136.965,35.0934],[136.965,35.097],[136.965,35.1006],[136.965,35.1042],[136.965,35.1078],[136.965,35.1114],[136.965,35.115],[136.965,35.1186],[136.965,35.1222],[136.965,35.1258],[136.965,35.1294],[136.965,35.133],[136.965,35.1366],[136.965,35.1402],[136.965,35.1438],[136.965,35.1474],[136.965,35.151],[136.965,35.1546],[136.965,35.1582],[136.965,35.1618],[136.965,35.1654],[136.965,35.169],[136.965,35.1726],[136.965,35.1762],[136.965,35.1798],[136.965,35.1834],[136.965,35.187],[136.965,35.1906],[136.965,35.1942],[136.965,35.1978],[136.965,35.2014],[136.965,35.205],[136.965,35.2086],[136.965,35.2122],[136.965,35.2158],[136.965,35.2194],[136.965,35.223],[136.965,35.2266],[136.965,35.2302],[136.965,35.2338],[136.965,35.2374],[136.965,35.241],[136.965,35.2446],[136.965,35.2482],[136.965,35.2518],[136.965,35.2554],[136.965,35.259],[136.965,35.2626],[136.965,35.2662]]}},{"type":"Feature","properties":{"kind":"street","orientation":"ns","length_m":26850.4,"walk_min":335.63},"geometry":{"type":"LineString","coordinates":[[136.9695,35.025],[136.9695,35.0286],[136.9695,35.0322],[136.9695,35.0358],[136.9695,35.0394],[136.9695,35.043],[136.9695,35.0466],[136.9695,35.0502],[136.9695,35.0538],[136.9695,35.0574],[136.9695,35.061],[136.9695,35.0646],[136.9695,35.0682],[136.9695,35.0718],[136.9695,35.0754],[136.9695,35.079],[136.9695,35.0826],[136.9695,35.0862],[136.9695,35.0898],[136.9695,35.0934],[136.9695,35.097],[136.9695,35.1006],[136.9695,35.1042],[136.9695,35.1078],[136.9695,35.1114],[136.9695,35.115],[136.9695,35.1186],[136.9695,35.1222],[136.9695,35.1258],[136.9695,35.1294],[136.9695,35.133],[136.9695,35.1366],[136.9695,35.1402],[136.9695,35.1438],[136.9695,35.1474],[136.9695,35.151],[136.9695,35.1546],[136.9695,35.1582],[136.9695,35.1618],[136.9695,35.1654],[136.9695,35.169],[136.9695,35.1726],[136.9695,35.1762],[136.9695,35.1798],[136.9695,35.1834],[136.9695,35.187],[136.9695,35.1906],[136.9695,35.1942],[136.9695,35.1978],[136.9695,35.2014],[136.9695,35.205],[136.9695,35.2086],[136.9695,35.2122],[136.9695,35.2158],[136.9695,35.2194],[136.9695,35.223],[136.9695,35.2266],[136.9695,35.2302],[136.9695,35.2338],[136.9695,35.2374],[136.9695,35.241],[136.9695,35.2446],[136.9695,35.2482],[136.9695,35.2518],[136.9695,35.2554],[136.9695,35.259],[136.9695,35.2626],[136.9695,35.2662]]}},{"type":"Feature","properties":{"kind":"street","orientation":"ns","length_m":26850.4,"walk_min":335.63},"geometry":{"type":"LineString","coordinates":[[136.974,35.025],[136.974,35.0286],[136.974,35.0322],[136.974,35.0358],[136.974,35.0394],[136.974,35.043],[136.974,35.0466],[136.974,35.0502],[136.974,35.0538],[136.974,35.0574],[136.974,35.061],[136.974,35.0646],[136.974,35.0682],[136.974,35.0718],[136.974,35.0754],[136.974,35.079],[136.974,35.0826],[136.974,35.0862],[136.974,35.0898],[136.974,35.0934],[136.974,35.097],[136.974,35.1006],[136.974,35.1042],[136.974,35.1078],[136.974,35.1114],[136.974,35.115],[136.974,35.1186],[136.974,35.1222],[136.974,35.1258],[136.974,35.1294],[136.974,35.133],[136.974,35.1366],[136.974,35.1402],[136.974,35.1438],[136.974,35.1474],[136.974,35.151],[136.974,35.1546],[136.974,35.1582],[136.974,35.1618],[136.974,35.1654],[136.974,35.169],[136.974,35.1726],[136.974,35.1762],[136.974,35.1798],[136.974,35.1834],[136.974,35.187],[136.974,35.1906],[136.974,35.1942],[136.974,35.1978],[136.974,35.2014],[136.974,35.205],[136.974,35.2086],[136.974,35.2122],[136.974,35.2158],[136.974,35.2194],[136.974,35.223],[136.974,35.2266],[136.974,35.2302],[136.974,35.2338],[136.974,35.2374],[136.974,35.241],[136.974,35.2446],[136.974,35.2482],[136.974,35.2518],[136.974,35.2554],[136.974,35.259],[136.974,35.2626],[136.974,35.2662]]}},{"type":"Feature","properties":{"kind":"street","orientation":"ns","length_m":26850.4,"walk_min":335.63},"geometry":{"type":"LineString","coordinates":[[136.9785,35.025],[136.9785,35.0286],[136.9785,35.0322],[136.9785,35.0358],[136.9785,35.0394],[136.9785,35.043],[136.9785,35.0466],[136.9785,35.0502],[136.9785,35.0538],[136.9785,35.0574],[136.9785,35.061],[136.9785,35.0646],[136.9785,35.0682],[136.9785,35.0718],[136.9785,35.0754],[136.9785,35.079],[136.9785,35.0826],[136.9785,35.0862],[136.9785,35.0898],[136.9785,35.0934],[136.9785,35.097],[136.9785,35.1006],[136.9785,35.1042],[136.9785,35.1078],[136.9785,35.1114],[136.9785,35.115],[136.9785,35.1186],[136.9785,35.1222],[136.9785,35.1258],[136.9785,35.1294],[136.9785,35.133],[136.9785,35.1366],[136.9785,35.1402],[136.9785,35.1438],[136.9785,35.1474],[136.9785,35.151],[136.9785,35.1546],[136.9785,35.1582],[136.9785,35.1618],[136.9785,35.1654],[136.9785,35.169],[136.9785,35.1726],[136.9785,35.1762],[136.9785,35.1798],[136.9785,35.1834],[136.9785,35.187],[136.9785,35.1906],[136.9785,35.1942],[136.9785,35.1978],[136.9785,35.2014],[136.9785,35.205],[136.9785,35.2086],[136.9785,35.2122],[136.9785,35.2158],[136.9785,35.2194],[136.9785,35.223],[136.9785,35.2266],[136.9785,35.2302],[136.9785,35.2338],[136.9785,35.2374],[136.9785,35.241],[136.9785,35.2446],[136.9785,35.2482],[136.9785,35.2518],[136.9785,35.2554],[136.9785,35.259],[136.9785,35.2626],[136.9785,35.2662]]}},{"type":"Feature","properties":{"kind":"street","orientation":"ns","length_m":26850.4,"walk_min":335.63},"geometry":{"type":"LineString","coordinates":[[136.983,35.025],[136.983,35.0286],[136.983,35.0322],[136.983,35.0358],[136.983,35.0394],[136.983,35.043],[136.983,35.0466],[136.983,35.0502],[136.983,35.0538],[136.983,35.0574],[136.983,35.061],[136.983,35.0646],[136.983,35.0682],[136.983,35.0718],[136.983,35.0754],[136.983,35.079],[136.983,35.0826],[136.983,35.0862],[136.983,35.0898],[136.983,35.0934],[136.983,35.097],[136.983,35.1006],[136.983,35.1042],[136.983,35.1078],[136.983,35.1114],[136.983,35.115],[136.983,35.1186],[136.983,35.1222],[136.983,35.1258],[136.983,35.1294],[136.983,35.133],[136.983,35.1366],[136.983,35.1402],[136.983,35.1438],[136.983,35.1474],[136.983,35.151],[136.983,35.1546],[136.983,35.1582],[136.983,35.1618],[136.983,35.1654],[136.983,35.169],[136.983,35.1726],[136.983,35.1762],[136.983,35.1798],[136.983,35.1834],[136.983,35.187],[136.983,35.1906],[136.983,35.1942],[136.983,35.1978],[136.983,35.2014],[136.983,35.205],[136.983,35.2086],[136.983,35.2122],[136.983,35.2158],[136.983,35.2194],[136.983,35.223],[136.983,35.2266],[136.983,35.2302],[136.983,35.2338],[136.983,35.2374],[136.983,35.241],[136.983,35.2446],[136.983,35.2482],[136.983,35.2518],[136.983,35.2554],[136.983,35.259],[136.983,35.2626],[136.983,35.2662]]}},{"type":"Feature","properties":{"kind":"street","orientation":"ns","length_m":26850.4,"walk_min":335.63},"geometry":{"type":"LineString","coordinates":[[136.9875,35.025],[136.9875,35.0286],[136.9875,35.0322],[136.9875,35.0358],[136.9875,35.0394],[136.9875,35.043],[136.9875,35.0466],[136.9875,35.0502],[136.9875,35.0538],[136.9875,35.0574],[136.9875,35.061],[136.9875,35.0646],[136.9875,35.0682],[136.9875,35.0718],[136.9875,35.0754],[136.9875,35.079],[136.9875,35.0826],[136.9875,35.0862],[136.9875,35.0898],[136.9875,35.0934],[136.9875,35.097],[136.9875,35.1006],[136.9875,35.1042],[136.9875,35.1078],[136.9875,35.1114],[136.9875,35.115],[136.9875,35.1186],[136.9875,35.1222],[136.9875,35.1258],[136.9875,35.1294],[136.9875,35.133],[136.9875,35.1366],[136.9875,35.1402],[136.9875,35.1438],[136.9875,35.1474],[136.9875,35.151],[136.9875,35.1546],[136.9875,35.1582],[136.9875,35.1618],[136.9875,35.1654],[136.9875,35.169],[136.9875,35.1726],[136.9875,35.1762],[136.9875,35.1798],[136.9875,35.1834],[136.9875,35.187],[136.9875,35.1906],[136.9875,35.1942],[136.9875,35.1978],[136.9875,35.2014],[136.9875,35.205],[136.9875,35.2086],[136.9875,35.2122],[136.9875,35.2158],[136.9875,35.2194],[136.9875,35.223],[136.9875,35.2266],[136.9875,35.2302],[136.9875,35.2338],[136.9875,35.2374],[136.9875,35.241],[136.9875,35.2446],[136.9875,35.2482],[136.9875,35.2518],[136.9875,35.2554],[136.9875,35.259],[136.9875,35.2626],[136.9875,35.2662]]}},{"type":"Feature","properties":{"kind":"street","orientation":"ns","length_m":26850.4,"walk_min":335.63},"geometry":{"type":"LineString","coordinates":[[136.992,35.025],[136.992,35.0286],[136.992,35.0322],[136.992,35.0358],[136.992,35.0394],[136.992,35.043],[136.992,35.0466],[136.992,35.0502],[136.992,35.0538],[136.992,35.0574],[136.992,35.061],[136.992,35.0646],[136.992,35.0682],[136.992,35.0718],[136.992,35.0754],[136.992,35.079],[136.992,35.0826],[136.992,35.0862],[136.992,35.0898],[136.992,35.0934],[136.992,35.097],[136.992,35.1006],[136.992,35.1042],[136.992,35.1078],[136.992,35.1114],[136.992,35.115],[136.992,35.1186],[136.992,35.1222],[136.992,35.1258],[136.992,35.1294],[136.992,35.133],[136.992,35.1366],[136.992,35.1402],[136.992,35.1438],[136.992,35.1474],[136.992,35.151],[136.992,35.1546],[136.992,35.1582],[136.992,35.1618],[136.992,35.1654],[136.992,35.169],[136.992,35.1726],[136.992,35.1762],[136.992,35.1798],[136.992,35.1834],[136.992,35.187],[136.992,35.1906],[136.992,35.1942],[136.992,35.1978],[136.992,35.2014],[136.992,35.205],[136.992,35.2086],[136.992,35.2122],[136.992,35.2158],[136.992,35.2194],[136.992,35.223],[136.992,35.2266],[136.992,35.2302],[136.992,35.2338],[136.992,35.2374],[136.992,35.241],[136.992,35.2446],[136.992,35.2482],[136.992,35.2518],[136.992,35.2554],[136.992,35.259],[136.992,35.2626],[136.992,35.2662]]}},{"type":"Feature","properties":{"kind":"street","orientation":"ns","length_m":26850.4,"walk_min":335.63},"geometry":{"type":"LineString","coordinates":[[136.9965,35.025],[136.9965,35.0286],[136.9965,35.0322],[136.9965,35.0358],[136.9965,35.0394],[136.9965,35.043],[136.9965,35.0466],[136.9965,35.0502],[136.9965,35.0538],[136.9965,35.0574],[136.9965,35.061],[136.9965,35.0646],[136.9965,35.0682],[136.9965,35.0718],[136.9965,35.0754],[136.9965,35.079],[136.9965,35.0826],[136.9965,35.0862],[136.9965,35.0898],[136.9965,35.0934],[136.9965,35.097],[136.9965,35.1006],[136.9965,35.1042],[136.9965,35.1078],[136.9965,35.1114],[136.9965,35.115],[136.9965,35.1186],[136.9965,35.1222],[136.9965,35.1258],[136.9965,35.1294],[136.9965,35.133],[136.9965,35.1366],[136.9965,35.1402],[136.9965,35.1438],[136.9965,35.1474],[136.9965,35.151],[136.9965,35.1546],[136.9965,35.1582],[136.9965,35.1618],[136.9965,35.1654],[136.9965,35.169],[136.9965,35.1726],[136.9965,35.1762],[136.9965,35.1798],[136.9965,35.1834],[136.9965,35.187],[136.9965,35.1906],[136.9965,35.1942],[136.9965,35.1978],[136.9965,35.2014],[136.9965,35.205],[136.9965,35.2086],[136.9965,35.2122],[136.9965,35.2158],[136.9965,35.2194],[136.9965,35.223],[136.9965,35.2266],[136.9965,35.2302],[136.9965,35.2338],[136.9965,35.2374],[136.9965,35.241],[136.9965,35.2446],[136.9965,35.2482],[136.9965,35.2518],[136.9965,35.2554],[136.9965,35.259],[136.9965,35.2626],[136.9965,35.2662]]}},{"type":"Feature","properties":{"kind":"street","orientation":"ns","length_m":26850.4,"walk_min":335.63},"geometry":{"type":"LineString","coordinates":[[137.001,35.025],[137.001,35.0286],[137.001,35.0322],[137.001,35.0358],[137.001,35.0394],[137.001,35.043],[137.001,35.0466],[137.001,35.0502],[137.001,35.0538],[137.001,35.0574],[137.001,35.061],[137.001,35.0646],[137.001,35.0682],[137.001,35.0718],[137.001,35.0754],[137.001,35.079],[137.001,35.0826],[137.001,35.0862],[137.001,35.0898],[137.001,35.0934],[137.001,35.097],[137.001,35.1006],[137.001,35.1042],[137.001,35.1078],[137.001,35.1114],[137.001,35.115],[137.001,35.1186],[137.001,35.1222],[137.001,35.1258],[137.001,35.1294],[137.001,35.133],[137.001,35.1366],[137.001,35.1402],[137.001,35.1438],[137.001,35.1474],[137.001,35.151],[137.001,35.1546],[137.001,35.1582],[137.001,35.1618],[137.001,35.1654],[137.001,35.169],[137.001,35.1726],[137.001,35.1762],[137.001,35.1798],[137.001,35.1834],[137.001,35.187],[137.001,35.1906],[137.001,35.1942],[137.001,35.1978],[137.001,35.2014],[137.001,35.205],[137.001,35.2086],[137.001,35.2122],[137.001,35.2158],[137.001,35.2194],[137.001,35.223],[137.001,35.2266],[137.001,35.2302],[137.001,35.2338],[137.001,35.2374],[137.001,35.241],[137.001,35.2446],[137.001,35.2482],[137.001,35.2518],[137.001,35.2554],[137.001,35.259],[137.001,35.2626],[137.001,35.2662]]}},{"type":"Feature","properties":{"kind":"street","orientation":"ns","length_m":26850.4,"walk_min":335.63},"geometry":{"type":"LineString","coordinates":[[137.0055,35.025],[137.0055,35.0286],[137.0055,35.0322],[137.0055,35.0358],[137.0055,35.0394],[137.0055,35.043],[137.0055,35.0466],[137.0055,35.0502],[137.0055,35.0538],[137.0055,35.0574],[137.0055,35.061],[137.0055,35.0646],[137.0055,35.0682],[137.0055,35.0718],[137.0055,35.0754],[137.0055,35.079],[137.0055,35.0826],[137.0055,35.0862],[137.0055,35.0898],[137.0055,35.0934],[137.0055,35.097],[137.0055,35.1006],[137.0055,35.1042],[137.0055,35.1078],[137.0055,35.1114],[137.0055,35.115],[137.0055,35.1186],[137.0055,35.1222],[137.0055,35.1258],[137.0055,35.1294],[137.0055,35.133],[137.0055,35.1366],[137.0055,35.1402],[137.0055,35.1438],[137.0055,35.1474],[137.0055,35.151],[137.0055,35.1546],[137.0055,35.1582],[137.0055,35.1618],[137.0055,35.1654],[137.0055,35.169],[137.0055,35.1726],[137.0055,35.1762],[137.0055,35.1798],[137.0055,35.1834],[137.0055,35.187],[137.0055,35.1906],[137.0055,35.1942],[137.0055,35.1978],[137.0055,35.2014],[137.0055,35.205],[137.0055,35.2086],[137.0055,35.2122],[137.0055,35.2158],[137.0055,35.2194],[137.0055,35.223],[137.0055,35.2266],[137.0055,35.2302],[137.0055,35.2338],[137.0055,35.2374],[137.0055,35.241],[137.0055,35.2446],[137.0055,35.2482],[137.0055,35.2518],[137.0055,35.2554],[137.0055,35.259],[137.0055,35.2626],[137.0055,35.2662]]}},{"type":"Feature","properties":{"kind":"street","orientation":"ns","length_m":26850.4,"walk_min":335.63},"geometry":{"type":"LineString","coordinates":[[137.01,35.025],[137.01,35.0286],[137.01,35.0322],[137.01,35.0358],[137.01,35.0394],[137.01,35.043],[137.01,35.0466],[137.01,35.0502],[137.01,35.0538],[137.01,35.0574],[137.01,35.061],[137.01,35.0646],[137.01,35.0682],[137.01,35.0718],[137.01,35.0754],[137.01,35.079],[137.01,35.0826],[137.01,35.0862],[137.01,35.0898],[137.01,35.0934],[137.01,35.097],[137.01,35.1006],[137.01,35.1042],[137.01,35.1078],[137.01,35.1114],[137.01,35.115],[137.01,35.1186],[137.01,35.1222],[137.01,35.1258],[137.01,35.1294],[137.01,35.133],[137.01,35.1366],[137.01,35.1402],[137.01,35.1438],[137.01,35.1474],[137.01,35.151],[137.01,35.1546],[137.01,35.1582],[137.01,35.1618],[137.01,35.1654],[137.01,35.169],[137.01,35.1726],[137.01,35.1762],[137.01,35.1798],[137.01,35.1834],[137.01,35.187],[137.01,35.1906],[137.01,35.1942],[137.01,35.1978],[137.01,35.2014],[137.01,35.205],[137.01,35.2086],[137.01,35.2122],[137.01,35.2158],[137.01,35.2194],[137.01,35.223],[137.01,35.2266],[137.01,35.2302],[137.01,35.2338],[137.01,35.2374],[137.01,35.241],[137.01,35.2446],[137.01,35.2482],[137.01,35.2518],[137.01,35.2554],[137.01,35.259],[137.01,35.2626],[137.01,35.2662]]}},{"type":"Feature","properties":{"kind":"street","orientation":"ns","length_m":26850.4,"walk_min":335.63},"geometry":{"type":"LineString","coordinates":[[137.0145,35.025],[137.0145,35.0286],[137.0145,35.0322],[137.0145,35.0358],[137.0145,35.0394],[137.0145,35.043],[137.0145,35.0466],[137.0145,35.0502],[137.0145,35.0538],[137.0145,35.0574],[137.0145,35.061],[137.0145,35.0646],[137.0145,35.0682],[137.0145,35.0718],[137.0145,35.0754],[137.0145,35.079],[137.0145,35.0826],[137.0145,35.0862],[137.0145,35.0898],[137.0145,35.0934],[137.0145,35.097],[137.0145,35.1006],[137.0145,35.1042],[137.0145,35.1078],[137.0145,35.1114],[137.0145,35.115],[137.0145,35.1186],[137.0145,35.1222],[137.0145,35.1258],[137.0145,35.1294],[137.0145,35.133],[137.0145,35.1366],[137.0145,35.1402],[137.0145,35.1438],[137.0145,35.1474],[137.0145,35.151],[137.0145,35.1546],[137.0145,35.1582],[137.0145,35.1618],[137.0145,35.1654],[137.0145,35.169],[137.0145,35.1726],[137.0145,35.1762],[137.0145,35.1798],[137.0145,35.1834],[137.0145,35.187],[137.0145,35.1906],[137.0145,35.1942],[137.0145,35.1978],[137.0145,35.2014],[137.0145,35.205],[137.0145,35.2086],[137.0145,35.2122],[137.0145,35.2158],[137.0145,35.2194],[137.0145,35.223],[137.0145,35.2266],[137.0145,35.2302],[137.0145,35.2338],[137.0145,35.2374],[137.0145,35.241],[137.0145,35.2446],[137.0145,35.2482],[137.0145,35.2518],[137.0145,35.2554],[137.0145,35.259],[137.0145,35.2626],[137.0145,35.2662]]}},{"type":"Feature","properties":{"kind":"street","orientation":"ns","length_m":26850.4,"walk_min":335.63},"geometry":{"type":"LineString","coordinates":[[137.019,35.025],[137.019,35.0286],[137.019,35.0322],[137.019,35.0358],[137.019,35.0394],[137.019,35.043],[137.019,35.0466],[137.019,35.0502],[137.019,35.0538],[137.019,35.0574],[137.019,35.061],[137.019,35.0646],[137.019,35.0682],[137.019,35.0718],[137.019,35.0754],[137.019,35.079],[137.019,35.0826],[137.019,35.0862],[137.019,35.0898],[137.019,35.0934],[137.019,35.097],[137.019,35.1006],[137.019,35.1042],[137.019,35.1078],[137.019,35.1114],[137.019,35.115],[137.019,35.1186],[137.019,35.1222],[137.019,35.1258],[137.019,35.1294],[137.019,35.133],[137.019,35.1366],[137.019,35.1402],[137.019,35.1438],[137.019,35.1474],[137.019,35.151],[137.019,35.1546],[137.019,35.1582],[137.019,35.1618],[137.019,35.1654],[137.019,35.169],[137.019,35.1726],[137.019,35.1762],[137.019,35.1798],[137.019,35.1834],[137.019,35.187],[137.019,35.1906],[137.019,35.1942],[137.019,35.1978],[137.019,35.2014],[137.019,35.205],[137.019,35.2086],[137.019,35.2122],[137.019,35.2158],[137.019,35.2194],[137.019,35.223],[137.019,35.2266],[137.019,35.2302],[137.019,35.2338],[137.019,35.2374],[137.019,35.241],[137.019,35.2446],[137.019,35.2482],[137.019,35.2518],[137.019,35.2554],[137.019,35.259],[137.019,35.2626],[137.019,35.2662]]}},{"type":"Feature","properties":{"kind":"street","orientation":"ns","length_m":26850.4,"walk_min":335.63},"geometry":{"type":"LineString","coordinates":[[137.0235,35.025],[137.0235,35.0286],[137.0235,35.0322],[137.0235,35.0358],[137.0235,35.0394],[137.0235,35.043],[137.0235,35.0466],[137.0235,35.0502],[137.0235,35.0538],[137.0235,35.0574],[137.0235,35.061],[137.0235,35.0646],[137.0235,35.0682],[137.0235,35.0718],[137.0235,35.0754],[137.0235,35.079],[137.0235,35.0826],[137.0235,35.0862],[137.0235,35.0898],[137.0235,35.0934],[137.0235,35.097],[137.0235,35.1006],[137.0235,35.1042],[137.0235,35.1078],[137.0235,35.1114],[137.0235,35.115],[137.0235,35.1186],[137.0235,35.1222],[137.0235,35.1258],[137.0235,35.1294],[137.0235,35.133],[137.0235,35.1366],[137.0235,35.1402],[137.0235,35.1438],[137.0235,35.1474],[137.0235,35.151],[137.0235,35.1546],[137.0235,35.1582],[137.0235,35.1618],[137.0235,35.1654],[137.0235,35.169],[137.0235,35.1726],[137.0235,35.1762],[137.0235,35.1798],[137.0235,35.1834],[137.0235,35.187],[137.0235,35.1906],[137.0235,35.1942],[137.0235,35.1978],[137.0235,35.2014],[137.0235,35.205],[137.0235,35.2086],[137.0235,35.2122],[137.0235,35.2158],[137.0235,35.2194],[137.0235,35.223],[137.0235,35.2266],[137.0235,35.2302],[137.0235,35.2338],[137.0235,35.2374],[137.0235,35.241],[137.0235,35.2446],[137.0235,35.2482],[137.0235,35.2518],[137.0235,35.2554],[137.0235,35.259],[137.0235,35.2626],[137.0235,35.2662]]}},{"type":"Feature","properties":{"kind":"street","orientation":"ns","length_m":26850.4,"walk_min":335.63},"geometry":{"type":"LineString","coordinates":[[137.028,35.025],[137.028,35.0286],[137.028,35.0322],[137.028,35.0358],[137.028,35.0394],[137.028,35.043],[137.028,35.0466],[137.028,35.0502],[137.028,35.0538],[137.028,35.0574],[137.028,35.061],[137.028,35.0646],[137.028,35.0682],[137.028,35.0718],[137.028,35.0754],[137.028,35.079],[137.028,35.0826],[137.028,35.0862],[137.028,35.0898],[137.028,35.0934],[137.028,35.097],[137.028,35.1006],[137.028,35.1042],[137.028,35.1078],[137.028,35.1114],[137.028,35.115],[137.028,35.1186],[137.028,35.1222],[137.028,35.1258],[137.028,35.1294],[137.028,35.133],[137.028,35.1366],[137.028,35.1402],[137.028,35.1438],[137.028,35.1474],[137.028,35.151],[137.028,35.1546],[137.028,35.1582],[137.028,35.1618],[137.028,35.1654],[137.028,35.169],[137.028,35.1726],[137.028,35.1762],[137.028,35.1798],[137.028,35.1834],[137.028,35.187],[137.028,35.1906],[137.028,35.1942],[137.028,35.1978],[137.028,35.2014],[137.028,35.205],[137.028,35.2086],[137.028,35.2122],[137.028,35.2158],[137.028,35.2194],[137.028,35.223],[137.028,35.2266],[137.028,35.2302],[137.028,35.2338],[137.028,35.2374],[137.028,35.241],[137.028,35.2446],[137.028,35.2482],[137.028,35.2518],[137.028,35.2554],[137.028,35.259],[137.028,35.2626],[137.028,35.2662]]}},{"type":"Feature","properties":{"kind":"street","orientation":"ns","length_m":26850.4,"walk_min":335.63},"geometry":{"type":"LineString","coordinates":[[137.0325,35.025],[137.0325,35.0286],[137.0325,35.0322],[137.0325,35.0358],[137.0325,35.0394],[137.0325,35.043],[137.0325,35.0466],[137.0325,35.0502],[137.0325,35.0538],[137.0325,35.0574],[137.0325,35.061],[137.0325,35.0646],[137.0325,35.0682],[137.0325,35.0718],[137.0325,35.0754],[137.0325,35.079],[137.0325,35.0826],[137.0325,35.0862],[137.0325,35.0898],[137.0325,35.0934],[137.0325,35.097],[137.0325,35.1006],[137.0325,35.1042],[137.0325,35.1078],[137.0325,35.1114],[137.0325,35.115],[137.0325,35.1186],[137.0325,35.1222],[137.0325,35.1258],[137.0325,35.1294],[137.0325,35.133],[137.0325,35.1366],[137.0325,35.1402],[137.0325,35.1438],[137.0325,35.1474],[137.0325,35.151],[137.0325,35.1546],[137.0325,35.1582],[137.0325,35.1618],[137.0325,35.1654],[137.0325,35.169],[137.0325,35.1726],[137.0325,35.1762],[137.0325,35.1798],[137.0325,35.1834],[137.0325,35.187],[137.0325,35.1906],[137.0325,35.1942],[137.0325,35.1978],[137.0325,35.2014],[137.0325,35.205],[137.0325,35.2086],[137.0325,35.2122],[137.0325,35.2158],[137.0325,35.2194],[137.0325,35.223],[137.0325,35.2266],[137.0325,35.2302],[137.0325,35.2338],[137.0325,35.2374],[137.0325,35.241],[137.0325,35.2446],[137.0325,35.2482],[137.0325,35.2518],[137.0325,35.2554],[137.0325,35.259],[137.0325,35.2626],[137.0325,35.2662]]}},{"type":"Feature","properties":{"kind":"street","orientation":"ns","length_m":26850.4,"walk_min":335.63},"geometry":{"type":"LineString","coordinates":[[137.037,35.025],[137.037,35.0286],[137.037,35.0322],[137.037,35.0358],[137.037,35.0394],[137.037,35.043],[137.037,35.0466],[137.037,35.0502],[137.037,35.0538],[137.037,35.0574],[137.037,35.061],[137.037,35.0646],[137.037,35.0682],[137.037,35.0718],[137.037,35.0754],[137.037,35.079],[137.037,35.0826],[137.037,35.0862],[137.037,35.0898],[137.037,35.0934],[137.037,35.097],[137.037,35.1006],[137.037,35.1042],[137.037,35.1078],[137.037,35.1114],[137.037,35.115],[137.037,35.1186],[137.037,35.1222],[137.037,35.1258],[137.037,35.1294],[137.037,35.133],[137.037,35.1366],[137.037,35.1402],[137.037,35.1438],[137.037,35.1474],[137.037,35.151],[137.037,35.1546],[137.037,35.1582],[137.037,35.1618],[137.037,35.1654],[137.037,35.169],[137.037,35.1726],[137.037,35.1762],[137.037,35.1798],[137.037,35.1834],[137.037,35.187],[137.037,35.1906],[137.037,35.1942],[137.037,35.1978],[137.037,35.2014],[137.037,35.205],[137.037,35.2086],[137.037,35.2122],[137.037,35.2158],[137.037,35.2194],[137.037,35.223],[137.037,35.2266],[137.037,35.2302],[137.037,35.2338],[137.037,35.2374],[137.037,35.241],[137.037,35.2446],[137.037,35.2482],[137.037,35.2518],[137.037,35.2554],[137.037,35.259],[137.037,35.2626],[137.037,35.2662]]}},{"type":"Feature","properties":{"kind":"street","orientation":"ns","length_m":26850.4,"walk_min":335.63},"geometry":{"type":"LineString","coordinates":[[137.0415,35.025],[137.0415,35.0286],[137.0415,35.0322],[137.0415,35.0358],[137.0415,35.0394],[137.0415,35.043],[137.0415,35.0466],[137.0415,35.0502],[137.0415,35.0538],[137.0415,35.0574],[137.0415,35.061],[137.0415,35.0646],[137.0415,35.0682],[137.0415,35.0718],[137.0415,35.0754],[137.0415,35.079],[137.0415,35.0826],[137.0415,35.0862],[137.0415,35.0898],[137.0415,35.0934],[137.0415,35.097],[137.0415,35.1006],[137.0415,35.1042],[137.0415,35.1078],[137.0415,35.1114],[137.0415,35.115],[137.0415,35.1186],[137.0415,35.1222],[137.0415,35.1258],[137.0415,35.1294],[137.0415,35.133],[137.0415,35.1366],[137.0415,35.1402],[137.0415,35.1438],[137.0415,35.1474],[137.0415,35.151],[137.0415,35.1546],[137.0415,35.1582],[137.0415,35.1618],[137.0415,35.1654],[137.0415,35.169],[137.0415,35.1726],[137.0415,35.1762],[137.0415,35.1798],[137.0415,35.1834],[137.0415,35.187],[137.0415,35.1906],[137.0415,35.1942],[137.0415,35.1978],[137.0415,35.2014],[137.0415,35.205],[137.0415,35.2086],[137.0415,35.2122],[137.0415,35.2158],[137.0415,35.2194],[137.0415,35.223],[137.0415,35.2266],[137.0415,35.2302],[137.0415,35.2338],[137.0415,35.2374],[137.0415,35.241],[137.0415,35.2446],[137.0415,35.2482],[137.0415,35.2518],[137.0415,35.2554],[137.0415,35.259],[137.0415,35.2626],[137.0415,35.2662]]}},{"type":"Feature","properties":{"kind":"street","orientation":"ns","length_m":26850.4,"walk_min":335.63},"geometry":{"type":"LineString","coordinates":[[137.046,35.025],[137.046,35.0286],[137.046,35.0322],[137.046,35.0358],[137.046,35.0394],[137.046,35.043],[137.046,35.0466],[137.046,35.0502],[137.046,35.0538],[137.046,35.0574],[137.046,35.061],[137.046,35.0646],[137.046,35.0682],[137.046,35.0718],[137.046,35.0754],[137.046,35.079],[137.046,35.0826],[137.046,35.0862],[137.046,35.0898],[137.046,35.0934],[137.046,35.097],[137.046,35.1006],[137.046,35.1042],[137.046,35.1078],[137.046,35.1114],[137.046,35.115],[137.046,35.1186],[137.046,35.1222],[137.046,35.1258],[137.046,35.1294],[137.046,35.133],[137.046,35.1366],[137.046,35.1402],[137.046,35.1438],[137.046,35.1474],[137.046,35.151],[137.046,35.1546],[137.046,35.1582],[137.046,35.1618],[137.046,35.1654],[137.046,35.169],[137.046,35.1726],[137.046,35.1762],[137.046,35.1798],[137.046,35.1834],[137.046,35.187],[137.046,35.1906],[137.046,35.1942],[137.046,35.1978],[137.046,35.2014],[137.046,35.205],[137.046,35.2086],[137.046,35.2122],[137.046,35.2158],[137.046,35.2194],[137.046,35.223],[137.046,35.2266],[137.046,35.2302],[137.046,35.2338],[137.046,35.2374],[137.046,35.241],[137.046,35.2446],[137.046,35.2482],[137.046,35.2518],[137.046,35.2554],[137.046,35.259],[137.046,35.2626],[137.046,35.2662]]}},{"type":"Feature","properties":{"kind":"street","orientation":"ns","length_m":26850.4,"walk_min":335.63},"geometry":{"type":"LineString","coordinates":[[137.0505,35.025],[137.0505,35.0286],[137.0505,35.0322],[137.0505,35.0358],[137.0505,35.0394],[137.0505,35.043],[137.0505,35.0466],[137.0505,35.0502],[137.0505,35.0538],[137.0505,35.0574],[137.0505,35.061],[137.0505,35.0646],[137.0505,35.0682],[137.0505,35.0718],[137.0505,35.0754],[137.0505,35.079],[137.0505,35.0826],[137.0505,35.0862],[137.0505,35.0898],[137.0505,35.0934],[137.0505,35.097],[137.0505,35.1006],[137.0505,35.1042],[137.0505,35.1078],[137.0505,35.1114],[137.0505,35.115],[137.0505,35.1186],[137.0505,35.1222],[137.0505,35.1258],[137.0505,35.1294],[137.0505,35.133],[137.0505,35.1366],[137.0505,35.1402],[137.0505,35.1438],[137.0505,35.1474],[137.0505,35.151],[137.0505,35.1546],[137.0505,35.1582],[137.0505,35.1618],[137.0505,35.1654],[137.0505,35.169],[137.0505,35.1726],[137.0505,35.1762],[137.0505,35.1798],[137.0505,35.1834],[137.0505,35.187],[137.0505,35.1906],[137.0505,35.1942],[137.0505,35.1978],[137.0505,35.2014],[137.0505,35.205],[137.0505,35.2086],[137.0505,35.2122],[137.0505,35.2158],[137.0505,35.2194],[137.0505,35.223],[137.0505,35.2266],[137.0505,35.2302],[137.0505,35.2338],[137.0505,35.2374],[137.0505,35.241],[137.0505,35.2446],[137.0505,35.2482],[137.0505,35.2518],[137.0505,35.2554],[137.0505,35.259],[137.0505,35.2626],[137.0505,35.2662]]}},{"type":"Feature","properties":{"kind":"street","orientation":"ns","length_m":26850.4,"walk_min":335.63},"geometry":{"type":"LineString","coordinates":[[137.055,35.025],[137.055,35.0286],[137.055,35.0322],[137.055,35.0358],[137.055,35.0394],[137.055,35.043],[137.055,35.0466],[137.055,35.0502],[137.055,35.0538],[137.055,35.0574],[137.055,35.061],[137.055,35.0646],[137.055,35.0682],[137.055,35.0718],[137.055,35.0754],[137.055,35.079],[137.055,35.0826],[137.055,35.0862],[137.055,35.0898],[137.055,35.0934],[137.055,35.097],[137.055,35.1006],[137.055,35.1042],[137.055,35.1078],[137.055,35.1114],[137.055,35.115],[137.055,35.1186],[137.055,35.1222],[137.055,35.1258],[137.055,35.1294],[137.055,35.133],[137.055,35.1366],[137.055,35.1402],[137.055,35.1438],[137.055,35.1474],[137.055,35.151],[137.055,35.1546],[137.055,35.1582],[137.055,35.1618],[137.055,35.1654],[137.055,35.169],[137.055,35.1726],[137.055,35.1762],[137.055,35.1798],[137.055,35.1834],[137.055,35.187],[137.055,35.1906],[137.055,35.1942],[137.055,35.1978],[137.055,35.2014],[137.055,35.205],[137.055,35.2086],[137.055,35.2122],[137.055,35.2158],[137.055,35.2194],[137.055,35.223],[137.055,35.2266],[137.055,35.2302],[137.055,35.2338],[137.055,35.2374],[137.055,35.241],[137.055,35.2446],[137.055,35.2482],[137.055,35.2518],[137.055,35.2554],[137.055,35.259],[137.055,35.2626],[137.055,35.2662]]}},{"type":"Feature","properties":{"kind":"street","orientation":"ns","length_m":26850.4,"walk_min":335.63},"geometry":{"type":"LineString","coordinates":[[137.0595,35.025],[137.0595,35.0286],[137.0595,35.0322],[137.0595,35.0358],[137.0595,35.0394],[137.0595,35.043],[137.0595,35.0466],[137.0595,35.0502],[137.0595,35.0538],[137.0595,35.0574],[137.0595,35.061],[137.0595,35.0646],[137.0595,35.0682],[137.0595,35.0718],[137.0595,35.0754],[137.0595,35.079],[137.0595,35.0826],[137.0595,35.0862],[137.0595,35.0898],[137.0595,35.0934],[137.0595,35.097],[137.0595,35.1006],[137.0595,35.1042],[137.0595,35.1078],[137.0595,35.1114],[137.0595,35.115],[137.0595,35.1186],[137.0595,35.1222],[137.0595,35.1258],[137.0595,35.1294],[137.0595,35.133],[137.0595,35.1366],[137.0595,35.1402],[137.0595,35.1438],[137.0595,35.1474],[137.0595,35.151],[137.0595,35.1546],[137.0595,35.1582],[137.0595,35.1618],[137.0595,35.1654],[137.0595,35.169],[137.0595,35.1726],[137.0595,35.1762],[137.0595,35.1798],[137.0595,35.1834],[137.0595,35.187],[137.0595,35.1906],[137.0595,35.1942],[137.0595,35.1978],[137.0595,35.2014],[137.0595,35.205],[137.0595,35.2086],[137.0595,35.2122],[137.0595,35.2158],[137.0595,35.2194],[137.0595,35.223],[137.0595,35.2266],[137.0595,35.2302],[137.0595,35.2338],[137.0595,35.2374],[137.0595,35.241],[137.0595,35.2446],[137.0595,35.2482],[137.0595,35.2518],[137.0595,35.2554],[137.0595,35.259],[137.0595,35.2626],[137.0595,35.2662]]}},{"type":"Feature","properties":{"kind":"street","orientation":"ns","length_m":26850.4,"walk_min":335.63},"geometry":{"type":"LineString","coordinates":[[137.064,35.025],[137.064,35.0286],[137.064,35.0322],[137.064,35.0358],[137.064,35.0394],[137.064,35.043],[137.064,35.0466],[137.064,35.0502],[137.064,35.0538],[137.064,35.0574],[137.064,35.061],[137.064,35.0646],[137.064,35.0682],[137.064,35.0718],[137.064,35.0754],[137.064,35.079],[137.064,35.0826],[137.064,35.0862],[137.064,35.0898],[137.064,35.0934],[137.064,35.097],[137.064,35.1006],[137.064,35.1042],[137.064,35.1078],[137.064,35.1114],[137.064,35.115],[137.064,35.1186],[137.064,35.1222],[137.064,35.1258],[137.064,35.1294],[137.064,35.133],[137.064,35.1366],[137.064,35.1402],[137.064,35.1438],[137.064,35.1474],[137.064,35.151],[137.064,35.1546],[137.064,35.1582],[137.064,35.1618],[137.064,35.1654],[137.064,35.169],[137.064,35.1726],[137.064,35.1762],[137.064,35.1798],[137.064,35.1834],[137.064,35.187],[137.064,35.1906],[137.064,35.1942],[137.064,35.1978],[137.064,35.2014],[137.064,35.205],[137.064,35.2086],[137.064,35.2122],[137.064,35.2158],[137.064,35.2194],[137.064,35.223],[137.064,35.2266],[137.064,35.2302],[137.064,35.2338],[137.064,35.2374],[137.064,35.241],[137.064,35.2446],[137.064,35.2482],[137.064,35.2518],[137.064,35.2554],[137.064,35.259],[137.064,35.2626],[137.064,35.2662]]}},{"type":"Feature","properties":{"kind":"street","orientation":"ew","length_m":25395.8,"walk_min":317.45},"geometry":{"type":"LineString","coordinates":[[136.785,35.025],[136.7895,35.025],[136.794,35.025],[136.7985,35.025],[136.803,35.025],[136.8075,35.025],[136.812,35.025],[136.8165,35.025],[136.821,35.025],[136.8255,35.025],[136.83,35.025],[136.8345,35.025],[136.839,35.025],[136.8435,35.025],[136.848,35.025],[136.8525,35.025],[136.857,35.025],[136.8615,35.025],[136.866,35.025],[136.8705,35.025],[136.875,35.025],[136.8795,35.025],[136.884,35.025],[136.8885,35.025],[136.893,35.025],[136.8975,35.025],[136.902,35.025],[136.9065,35.025],[136.911,35.025],[136.9155,35.025],[136.92,35.025],[136.9245,35.025],[136.929,35.025],[136.9335,35.025],[136.938,35.025],[136.9425,35.025],[136.947,35.025],[136.9515,35.025],[136.956,35.025],[136.9605,35.025],[136.965,35.025],[136.9695,35.025],[136.974,35.025],[136.9785,35.025],[136.983,35.025],[136.9875,35.025],[136.992,35.025],[136.9965,35.025],[137.001,35.025],[137.0055,35.025],[137.01,35.025],[137.0145,35.025],[137.019,35.025],[137.0235,35.025],[137.028,35.025],[137.0325,35.025],[137.037,35.025],[137.0415,35.025],[137.046,35.025],[137.0505,35.025],[137.055,35.025],[137.0595,35.025],[137.064,35.025]]}},{"type":"Feature","properties":{"kind":"street","orientation":"ew","length_m":25395.8,"walk_min":317.45},"geometry":{"type":"LineString","coordinates":[[136.785,35.0286],[136.7895,35.0286],[136.794,35.0286],[136.7985,35.0286],[136.803,35.0286],[136.8075,35.0286],[136.812,35.0286],[136.8165,35.0286],[136.821,35.0286],[136.8255,35.0286],[136.83,35.0286],[136.8345,35.0286],[136.839,35.0286],[136.8435,35.0286],[136.848,35.0286],[136.8525,35.0286],[136.857,35.0286],[136.8615,35.0286],[136.866,35.0286],[136.8705,35.0286],[136.875,35.0286],[136.8795,35.0286],[136.884,35.0286],[136.8885,35.0286],[136.893,35.0286],[136.8975,35.0286],[136.902,35.0286],[136.9065,35.0286],[136.911,35.0286],[136.9155,35.0286],[136.92,35.0286],[136.9245,35.0286],[136.929,35.0286],[136.9335,35.0286],[136.938,35.0286],[136.9425,35.0286],[136.947,35.0286],[136.9515,35.0286],[136.956,35.0286],[136.9605,35.0286],[136.965,35.0286],[136.9695,35.0286],[136.974,35.0286],[136.9785,35.0286],[136.983,35.0286],[136.9875,35.0286],[136.992,35.0286],[136.9965,35.0286],[137.001,35.0286],[137.0055,35.0286],[137.01,35.0286],[137.0145,35.0286],[137.019,35.0286],[137.0235,35.0286],[137.028,35.0286],[137.0325,35.0286],[137.037,35.0286],[137.0415,35.0286],[137.046,35.0286],[137.0505,35.0286],[137.055,35.0286],[137.0595,35.0286],[137.064,35.0286]]}},{"type":"Feature","properties":{"kind":"street","orientation":"ew","length_m":25395.8,"walk_min":317.45},"geometry":{"type":"LineString","coordinates":[[136.785,35.0322],[136.7895,35.0322],[136.794,35.0322],[136.7985,35.0322],[136.803,35.0322],[136.8075,35.0322],[136.812,35.0322],[136.8165,35.0322],[136.821,35.0322],[136.8255,35.0322],[136.83,35.0322],[136.8345,35.0322],[136.839,35.0322],[136.8435,35.0322],[136.848,35.0322],[136.8525,35.0322],[136.857,35.0322],[136.8615,35.0322],[136.866,35.0322],[136.8705,35.0322],[136.875,35.0322],[136.8795,35.0322],[136.884,35.0322],[136.8885,35.0322],[136.893,35.0322],[136.8975,35.0322],[136.902,35.0322],[136.9065,35.0322],[136.911,35.0322],[136.9155,35.0322],[136.92,35.0322],[136.9245,35.0322],[136.929,35.0322],[136.9335,35.0322],[136.938,35.0322],[136.9425,35.0322],[136.947,35.0322],[136.9515,35.0322],[136.956,35.0322],[136.9605,35.0322],[136.965,35.0322],[136.9695,35.0322],[136.974,35.0322],[136.9785,35.0322],[136.983,35.0322],[136.9875,35.0322],[136.992,35.0322],[136.9965,35.0322],[137.001,35.0322],[137.0055,35.0322],[137.01,35.0322],[137.0145,35.0322],[137.019,35.0322],[137.0235,35.0322],[137.028,35.0322],[137.0325,35.0322],[137.037,35.0322],[137.0415,35.0322],[137.046,35.0322],[137.0505,35.0322],[137.055,35.0322],[137.0595,35.0322],[137.064,35.0322]]}},{"type":"Feature","properties":{"kind":"street","orientation":"ew","length_m":25395.8,"walk_min":317.45},"geometry":{"type":"LineString","coordinates":[[136.785,35.0358],[136.7895,35.0358],[136.794,35.0358],[136.7985,35.0358],[136.803,35.0358],[136.8075,35.0358],[136.812,35.0358],[136.8165,35.0358],[136.821,35.0358],[136.8255,35.0358],[136.83,35.0358],[136.8345,35.0358],[136.839,35.0358],[136.8435,35.0358],[136.848,35.0358],[136.8525,35.0358],[136.857,35.0358],[136.8615,35.0358],[136.866,35.0358],[136.8705,35.0358],[136.875,35.0358],[136.8795,35.0358],[136.884,35.0358],[136.8885,35.0358],[136.893,35.0358],[136.8975,35.0358],[136.902,35.0358],[136.9065,35.0358],[136.911,35.0358],[136.9155,35.0358],[136.92,35.0358],[136.9245,35.0358],[136.929,35.0358],[136.9335,35.0358],[136.938,35.0358],[136.9425,35.0358],[136.947,35.0358],[136.9515,35.0358],[136.956,35.0358],[136.9605,35.0358],[136.965,35.0358],[136.9695,35.0358],[136.974,35.0358],[136.9785,35.0358],[136.983,35.0358],[136.9875,35.0358],[136.992,35.0358],[136.9965,35.0358],[137.001,35.0358],[137.0055,35.0358],[137.01,35.0358],[137.0145,35.0358],[137.019,35.0358],[137.0235,35.0358],[137.028,35.0358],[137.0325,35.0358],[137.037,35.0358],[137.0415,35.0358],[137.046,35.0358],[137.0505,35.0358],[137.055,35.0358],[137.0595,35.0358],[137.064,35.0358]]}},{"type":"Feature","properties":{"kind":"street","orientation":"ew","length_m":25395.8,"walk_min":317.45},"geometry":{"type":"LineString","coordinates":[[136.785,35.0394],[136.7895,35.0394],[136.794,35.0394],[136.7985,35.0394],[136.803,35.0394],[136.8075,35.0394],[136.812,35.0394],[136.8165,35.0394],[136.821,35.0394],[136.8255,35.0394],[136.83,35.0394],[136.8345,35.0394],[136.839,35.0394],[136.8435,35.0394],[136.848,35.0394],[136.8525,35.0394],[136.857,35.0394],[136.8615,35.0394],[136.866,35.0394],[136.8705,35.0394],[136.875,35.0394],[136.8795,35.0394],[136.884,35.0394],[136.8885,35.0394],[136.893,35.0394],[136.8975,35.0394],[136.902,35.0394],[136.9065,35.0394],[136.911,35.0394],[136.9155,35.0394],[136.92,35.0394],[136.9245,35.0394],[136.929,35.0394],[136.9335,35.0394],[136.938,35.0394],[136.9425,35.0394],[136.947,35.0394],[136.9515,35.0394],[136.956,35.0394],[136.9605,35.0394],[136.965,35.0394],[136.9695,35.0394],[136.974,35.0394],[136.9785,35.0394],[136.983,35.0394],[136.9875,35.0394],[136.992,35.0394],[136.9965,35.0394],[137.001,35.0394],[137.0055,35.0394],[137.01,35.0394],[137.0145,35.0394],[137.019,35.0394],[137.0235,35.0394],[137.028,35.0394],[137.0325,35.0394],[137.037,35.0394],[137.0415,35.0394],[137.046,35.0394],[137.0505,35.0394],[137.055,35.0394],[137.0595,35.0394],[137.064,35.0394]]}},{"type":"Feature","properties":{"kind":"street","orientation":"ew","length_m":25395.8,"walk_min":317.45},"geometry":{"type":"LineString","coordinates":[[136.785,35.043],[136.7895,35.043],[136.794,35.043],[136.7985,35.043],[136.803,35.043],[136.8075,35.043],[136.812,35.043],[136.8165,35.043],[136.821,35.043],[136.8255,35.043],[136.83,35.043],[136.8345,35.043],[136.839,35.043],[136.8435,35.043],[136.848,35.043],[136.8525,35.043],[136.857,35.043],[136.8615,35.043],[136.866,35.043],[136.8705,35.043],[136.875,35.043],[136.8795,35.043],[136.884,35.043],[136.8885,35.043],[136.893,35.043],[136.8975,35.043],[136.902,35.043],[136.9065,35.043],[136.911,35.043],[136.9155,35.043],[136.92,35.043],[136.9245,35.043],[136.929,35.043],[136.9335,35.043],[136.938,35.043],[136.9425,35.043],[136.947,35.043],[136.9515,35.043],[136.956,35.043],[136.9605,35.043],[136.965,35.043],[136.9695,35.043],[136.974,35.043],[136.9785,35.043],[136.983,35.043],[136.9875,35.043],[136.992,35.043],[136.9965,35.043],[137.001,35.043],[137.0055,35.043],[137.01,35.043],[137.0145,35.043],[137.019,35.043],[137.0235,35.043],[137.028,35.043],[137.0325,35.043],[137.037,35.043],[137.0415,35.043],[137.046,35.043],[137.0505,35.043],[137.055,35.043],[137.0595,35.043],[137.064,35.043]]}},{"type":"Feature","properties":{"kind":"street","orientation":"ew","length_m":25395.8,"walk_min":317.45},"geometry":{"type":"LineString","coordinates":[[136.785,35.0466],[136.7895,35.0466],[136.794,35.0466],[136.7985,35.0466],[136.803,35.0466],[136.8075,35.0466],[136.812,35.0466],[136.8165,35.0466],[136.821,35.0466],[136.8255,35.0466],[136.83,35.0466],[136.8345,35.0466],[136.839,35.0466],[136.8435,35.0466],[136.848,35.0466],[136.8525,35.0466],[136.857,35.0466],[136.8615,35.0466],[136.866,35.0466],[136.8705,35.0466],[136.875,35.0466],[136.8795,35.0466],[136.884,35.0466],[136.8885,35.0466],[136.893,35.0466],[136.8975,35.0466],[136.902,35.0466],[136.9065,35.0466],[136.911,35.0466],[136.9155,35.0466],[136.92,35.0466],[136.9245,35.0466],[136.929,35.0466],[136.9335,35.0466],[136.938,35.0466],[136.9425,35.0466],[136.947,35.0466],[136.9515,35.0466],[136.956,35.0466],[136.9605,35.0466],[136.965,35.0466],[136.9695,35.0466],[136.974,35.0466],[136.9785,35.0466],[136.983,35.0466],[136.9875,35.0466],[136.992,35.0466],[136.9965,35.0466],[137.001,35.0466],[137.0055,35.0466],[137.01,35.0466],[137.0145,35.0466],[137.019,35.0466],[137.0235,35.0466],[137.028,35.0466],[137.0325,35.0466],[137.037,35.0466],[137.0415,35.0466],[137.046,35.0466],[137.0505,35.0466],[137.055,35.0466],[137.0595,35.0466],[137.064,35.0466]]}},{"type":"Feature","properties":{"kind":"street","orientation":"ew","length_m":25395.8,"walk_min":317.45},"geometry":{"type":"LineString","coordinates":[[136.785,35.0502],[136.7895,35.0502],[136.794,35.0502],[136.7985,35.0502],[136.803,35.0502],[136.8075,35.0502],[136.812,35.0502],[136.8165,35.0502],[136.821,35.0502],[136.8255,35.0502],[136.83,35.0502],[136.8345,35.0502],[136.839,35.0502],[136.8435,35.0502],[136.848,35.0502],[136.8525,35.0502],[136.857,35.0502],[136.8615,35.0502],[136.866,35.0502],[136.8705,35.0502],[136.875,35.0502],[136.8795,35.0502],[136.884,35.0502],[136.8885,35.0502],[136.893,35.0502],[136.8975,35.0502],[136.902,35.0502],[136.9065,35.0502],[136.911,35.0502],[136.9155,35.0502],[136.92,35.0502],[136.9245,35.0502],[136.929,35.0502],[136.9335,35.0502],[136.938,35.0502],[136.9425,35.0502],[136.947,35.0502],[136.9515,35.0502],[136.956,35.0502],[136.9605,35.0502],[136.965,35.0502],[136.9695,35.0502],[136.974,35.0502],[136.9785,35.0502],[136.983,35.0502],[136.9875,35.0502],[136.992,35.0502],[136.9965,35.0502],[137.001,35.0502],[137.0055,35.0502],[137.01,35.0502],[137.0145,35.0502],[137.019,35.0502],[137.0235,35.0502],[137.028,35.0502],[137.0325,35.0502],[137.037,35.0502],[137.0415,35.0502],[137.046,35.0502],[137.0505,35.0502],[137.055,35.0502],[137.0595,35.0502],[137.064,35.0502]]}},{"type":"Feature","properties":{"kind":"street","orientation":"ew","length_m":25395.8,"walk_min":317.45},"geometry":{"type":"LineString","coordinates":[[136.785,35.0538],[136.7895,35.0538],[136.794,35.0538],[136.7985,35.0538],[136.803,35.0538],[136.8075,35.0538],[136.812,35.0538],[136.8165,35.0538],[136.821,35.0538],[136.8255,35.0538],[136.83,35.0538],[136.8345,35.0538],[136.839,35.0538],[136.8435,35.0538],[136.848,35.0538],[136.8525,35.0538],[136.857,35.0538],[136.8615,35.0538],[136.866,35.0538],[136.8705,35.0538],[136.875,35.0538],[136.8795,35.0538],[136.884,35.0538],[136.8885,35.0538],[136.893,35.0538],[136.8975,35.0538],[136.902,35.0538],[136.9065,35.0538],[136.911,35.0538],[136.9155,35.0538],[136.92,35.0538],[136.9245,35.0538],[136.929,35.0538],[136.9335,35.0538],[136.938,35.0538],[136.9425,35.0538],[136.947,35.0538],[136.9515,35.0538],[136.956,35.0538],[136.9605,35.0538],[136.965,35.0538],[136.9695,35.0538],[136.974,35.0538],[136.9785,35.0538],[136.983,35.0538],[136.9875,35.0538],[136.992,35.0538],[136.9965,35.0538],[137.001,35.0538],[137.0055,35.0538],[137.01,35.0538],[137.0145,35.0538],[137.019,35.0538],[137.0235,35.0538],[137.028,35.0538],[137.0325,35.0538],[137.037,35.0538],[137.0415,35.0538],[137.046,35.0538],[137.0505,35.0538],[137.055,35.0538],[137.0595,35.0538],[137.064,35.0538]]}},{"type":"Feature","properties":{"kind":"street","orientation":"ew","length_m":25395.8,"walk_min":317.45},"geometry":{"type":"LineString","coordinates":[[136.785,35.0574],[136.7895,35.0574],[136.794,35.0574],[136.7985,35.0574],[136.803,35.0574],[136.8075,35.0574],[136.812,35.0574],[136.8165,35.0574],[136.821,35.0574],[136.8255,35.0574],[136.83,35.0574],[136.8345,35.0574],[136.839,35.0574],[136.8435,35.0574],[136.848,35.0574],[136.8525,35.0574],[136.857,35.0574],[136.8615,35.0574],[136.866,35.0574],[136.8705,35.0574],[136.875,35.0574],[136.8795,35.0574],[136.884,35.0574],[136.8885,35.0574],[136.893,35.0574],[136.8975,35.0574],[136.902,35.0574],[136.9065,35.0574],[136.911,35.0574],[136.9155,35.0574],[136.92,35.0574],[136.9245,35.0574],[136.929,35.0574],[136.9335,35.0574],[136.938,35.0574],[136.9425,35.0574],[136.947,35.0574],[136.9515,35.0574],[136.956,35.0574],[136.9605,35.0574],[136.965,35.0574],[136.9695,35.0574],[136.974,35.0574],[136.9785,35.0574],[136.983,35.0574],[136.9875,35.0574],[136.992,35.0574],[136.9965,35.0574],[137.001,35.0574],[137.0055,35.0574],[137.01,35.0574],[137.0145,35.0574],[137.019,35.0574],[137.0235,35.0574],[137.028,35.0574],[137.0325,35.0574],[137.037,35.0574],[137.0415,35.0574],[137.046,35.0574],[137.0505,35.0574],[137.055,35.0574],[137.0595,35.0574],[137.064,35.0574]]}},{"type":"Feature","properties":{"kind":"street","orientation":"ew","length_m":25395.8,"walk_min":317.45},"geometry":{"type":"LineString","coordinates":[[136.785,35.061],[136.7895,35.061],[136.794,35.061],[136.7985,35.061],[136.803,35.061],[136.8075,35.061],[136.812,35.061],[136.8165,35.061],[136.821,35.061],[136.8255,35.061],[136.83,35.061],[136.8345,35.061],[136.839,35.061],[136.8435,35.061],[136.848,35.061],[136.8525,35.061],[136.857,35.061],[136.8615,35.061],[136.866,35.061],[136.8705,35.061],[136.875,35.061],[136.8795,35.061],[136.884,35.061],[136.8885,35.061],[136.893,35.061],[136.8975,35.061],[136.902,35.061],[136.9065,35.061],[136.911,35.061],[136.9155,35.061],[136.92,35.061],[136.9245,35.061],[136.929,35.061],[136.9335,35.061],[136.938,35.061],[136.9425,35.061],[136.947,35.061],[136.9515,35.061],[136.956,35.061],[136.9605,35.061],[136.965,35.061],[136.9695,35.061],[136.974,35.061],[136.9785,35.061],[136.983,35.061],[136.9875,35.061],[136.992,35.061],[136.9965,35.061],[137.001,35.061],[137.0055,35.061],[137.01,35.061],[137.0145,35.061],[137.019,35.061],[137.0235,35.061],[137.028,35.061],[137.0325,35.061],[137.037,35.061],[137.0415,35.061],[137.046,35.061],[137.0505,35.061],[137.055,35.061],[137.0595,35.061],[137.064,35.061]]}},{"type":"Feature","properties":{"kind":"street","orientation":"ew","length_m":25395.8,"walk_min":317.45},"geometry":{"type":"LineString","coordinates":[[136.785,35.0646],[136.7895,35.0646],[136.794,35.0646],[136.7985,35.0646],[136.803,35.0646],[136.8075,35.0646],[136.812,35.0646],[136.8165,35.0646],[136.821,35.0646],[136.8255,35.0646],[136.83,35.0646],[136.8345,35.0646],[136.839,35.0646],[136.8435,35.0646],[136.848,35.0646],[136.8525,35.0646],[136.857,35.0646],[136.8615,35.0646],[136.866,35.0646],[136.8705,35.0646],[136.875,35.0646],[136.8795,35.0646],[136.884,35.0646],[136.8885,35.0646],[136.893,35.0646],[136.8975,35.0646],[136.902,35.0646],[136.9065,35.0646],[136.911,35.0646],[136.9155,35.0646],[136.92,35.0646],[136.9245,35.0646],[136.929,35.0646],[136.9335,35.0646],[136.938,35.0646],[136.9425,35.0646],[136.947,35.0646],[136.9515,35.0646],[136.956,35.0646],[136.9605,35.0646],[136.965,35.0646],[136.9695,35.0646],[136.974,35.0646],[136.9785,35.0646],[136.983,35.0646],[136.9875,35.0646],[136.992,35.0646],[136.9965,35.0646],[137.001,35.0646],[137.0055,35.0646],[137.01,35.0646],[137.0145,35.0646],[137.019,35.0646],[137.0235,35.0646],[137.028,35.0646],[137.0325,35.0646],[137.037,35.0646],[137.0415,35.0646],[137.046,35.0646],[137.0505,35.0646],[137.055,35.0646],[137.0595,35.0646],[137.064,35.0646]]}},{"type":"Feature","properties":{"kind":"street","orientation":"ew","length_m":25395.8,"walk_min":317.45},"geometry":{"type":"LineString","coordinates":[[136.785,35.0682],[136.7895,35.0682],[136.794,35.0682],[136.7985,35.0682],[136.803,35.0682],[136.8075,35.0682],[136.812,35.0682],[136.8165,35.0682],[136.821,35.0682],[136.8255,35.0682],[136.83,35.0682],[136.8345,35.0682],[136.839,35.0682],[136.8435,35.0682],[136.848,35.0682],[136.8525,35.0682],[136.857,35.0682],[136.8615,35.0682],[136.866,35.0682],[136.8705,35.0682],[136.875,35.0682],[136.8795,35.0682],[136.884,35.0682],[136.8885,35.0682],[136.893,35.0682],[136.8975,35.0682],[136.902,35.0682],[136.9065,35.0682],[136.911,35.0682],[136.9155,35.0682],[136.92,35.0682],[136.9245,35.0682],[136.929,35.0682],[136.9335,35.0682],[136.938,35.0682],[136.9425,35.0682],[136.947,35.0682],[136.9515,35.0682],[136.956,35.0682],[136.9605,35.0682],[136.965,35.0682],[136.9695,35.0682],[136.974,35.0682],[136.9785,35.0682],[136.983,35.0682],[136.9875,35.0682],[136.992,35.0682],[136.9965,35.0682],[137.001,35.0682],[137.0055,35.0682],[137.01,35.0682],[137.0145,35.0682],[137.019,35.0682],[137.0235,35.0682],[137.028,35.0682],[137.0325,35.0682],[137.037,35.0682],[137.0415,35.0682],[137.046,35.0682],[137.0505,35.0682],[137.055,35.0682],[137.0595,35.0682],[137.064,35.0682]]}},{"type":"Feature","properties":{"kind":"street","orientation":"ew","length_m":25395.8,"walk_min":317.45},"geometry":{"type":"LineString","coordinates":[[136.785,35.0718],[136.7895,35.0718],[136.794,35.0718],[136.7985,35.0718],[136.803,35.0718],[136.8075,35.0718],[136.812,35.0718],[136.8165,35.0718],[136.821,35.0718],[136.8255,35.0718],[136.83,35.0718],[136.8345,35.0718],[136.839,35.0718],[136.8435,35.0718],[136.848,35.0718],[136.8525,35.0718],[136.857,35.0718],[136.8615,35.0718],[136.866,35.0718],[136.8705,35.0718],[136.875,35.0718],[136.8795,35.0718],[136.884,35.0718],[136.8885,35.0718],[136.893,35.0718],[136.8975,35.0718],[136.902,35.0718],[136.9065,35.0718],[136.911,35.0718],[136.9155,35.0718],[136.92,35.0718],[136.9245,35.0718],[136.929,35.0718],[136.9335,35.0718],[136.938,35.0718],[136.9425,35.0718],[136.947,35.0718],[136.9515,35.0718],[136.956,35.0718],[136.9605,35.0718],[136.965,35.0718],[136.9695,35.0718],[136.974,35.0718],[136.9785,35.0718],[136.983,35.0718],[136.9875,35.0718],[136.992,35.0718],[136.9965,35.0718],[137.001,35.0718],[137.0055,35.0718],[137.01,35.0718],[137.0145,35.0718],[137.019,35.0718],[137.0235,35.0718],[137.028,35.0718],[137.0325,35.0718],[137.037,35.0718],[137.0415,35.0718],[137.046,35.0718],[137.0505,35.0718],[137.055,35.0718],[137.0595,35.0718],[137.064,35.0718]]}},{"type":"Feature","properties":{"kind":"street","orientation":"ew","length_m":25395.8,"walk_min":317.45},"geometry":{"type":"LineString","coordinates":[[136.785,35.0754],[136.7895,35.0754],[136.794,35.0754],[136.7985,35.0754],[136.803,35.0754],[136.8075,35.0754],[136.812,35.0754],[136.8165,35.0754],[136.821,35.0754],[136.8255,35.0754],[136.83,35.0754],[136.8345,35.0754],[136.839,35.0754],[136.8435,35.0754],[136.848,35.0754],[136.8525,35.0754],[136.857,35.0754],[136.8615,35.0754],[136.866,35.0754],[136.8705,35.0754],[136.875,35.0754],[136.8795,35.0754],[136.884,35.0754],[136.8885,35.0754],[136.893,35.0754],[136.8975,35.0754],[136.902,35.0754],[136.9065,35.0754],[136.911,35.0754],[136.9155,35.0754],[136.92,35.0754],[136.9245,35.0754],[136.929,35.0754],[136.9335,35.0754],[136.938,35.0754],[136.9425,35.0754],[136.947,35.0754],[136.9515,35.0754],[136.956,35.0754],[136.9605,35.0754],[136.965,35.0754],[136.9695,35.0754],[136.974,35.0754],[136.9785,35.0754],[136.983,35.0754],[136.9875,35.0754],[136.992,35.0754],[136.9965,35.0754],[137.001,35.0754],[137.0055,35.0754],[137.01,35.0754],[137.0145,35.0754],[137.019,35.0754],[137.0235,35.0754],[137.028,35.0754],[137.0325,35.0754],[137.037,35.0754],[137.0415,35.0754],[137.046,35.0754],[137.0505,35.0754],[137.055,35.0754],[137.0595,35.0754],[137.064,35.0754]]}},{"type":"Feature","properties":{"kind":"street","orientation":"ew","length_m":25395.8,"walk_min":317.45},"geometry":{"type":"LineString","coordinates":[[136.785,35.079],[136.7895,35.079],[136.794,35.079],[136.7985,35.079],[136.803,35.079],[136.8075,35.079],[136.812,35.079],[136.8165,35.079],[136.821,35.079],[136.8255,35.079],[136.83,35.079],[136.8345,35.079],[136.839,35.079],[136.8435,35.079],[136.848,35.079],[136.8525,35.079],[136.857,35.079],[136.8615,35.079],[136.866,35.079],[136.8705,35.079],[136.875,35.079],[136.8795,35.079],[136.884,35.079],[136.8885,35.079],[136.893,35.079],[136.8975,35.079],[136.902,35.079],[136.9065,35.079],[136.911,35.079],[136.9155,35.079],[136.92,35.079],[136.9245,35.079],[136.929,35.079],[136.9335,35.079],[136.938,35.079],[136.9425,35.079],[136.947,35.079],[136.9515,35.079],[136.956,35.079],[136.9605,35.079],[136.965,35.079],[136.9695,35.079],[136.974,35.079],[136.9785,35.079],[136.983,35.079],[136.9875,35.079],[136.992,35.079],[136.9965,35.079],[137.001,35.079],[137.0055,35.079],[137.01,35.079],[137.0145,35.079],[137.019,35.079],[137.0235,35.079],[137.028,35.079],[137.0325,35.079],[137.037,35.079],[137.0415,35.079],[137.046,35.079],[137.0505,35.079],[137.055,35.079],[137.0595,35.079],[137.064,35.079]]}},{"type":"Feature","properties":{"kind":"street","orientation":"ew","length_m":25395.8,"walk_min":317.45},"geometry":{"type":"LineString","coordinates":[[136.785,35.0826],[136.7895,35.0826],[136.794,35.0826],[136.7985,35.0826],[136.803,35.0826],[136.8075,35.0826],[136.812,35.0826],[136.8165,35.0826],[136.821,35.0826],[136.8255,35.0826],[136.83,35.0826],[136.8345,35.0826],[136.839,35.0826],[136.8435,35.0826],[136.848,35.0826],[136.8525,35.0826],[136.857,35.0826],[136.8615,35.0826],[136.866,35.0826],[136.8705,35.0826],[136.875,35.0826],[136.8795,35.0826],[136.884,35.0826],[136.8885,35.0826],[136.893,35.0826],[136.8975,35.0826],[136.902,35.0826],[136.9065,35.0826],[136.911,35.0826],[136.9155,35.0826],[136.92,35.0826],[136.9245,35.0826],[136.929,35.0826],[136.9335,35.0826],[136.938,35.0826],[136.9425,35.0826],[136.947,35.0826],[136.9515,35.0826],[136.956,35.0826],[136.9605,35.0826],[136.965,35.0826],[136.9695,35.0826],[136.974,35.0826],[136.9785,35.0826],[136.983,35.0826],[136.9875,35.0826],[136.992,35.0826],[136.9965,35.0826],[137.001,35.0826],[137.0055,35.0826],[137.01,35.0826],[137.0145,35.0826],[137.019,35.0826],[137.0235,35.0826],[137.028,35.0826],[137.0325,35.0826],[137.037,35.0826],[137.0415,35.0826],[137.046,35.0826],[137.0505,35.0826],[137.055,35.0826],[137.0595,35.0826],[137.064,35.0826]]}},{"type":"Feature","properties":{"kind":"street","orientation":"ew","length_m":25395.8,"walk_min":317.45},"geometry":{"type":"LineString","coordinates":[[136.785,35.0862],[136.7895,35.0862],[136.794,35.0862],[136.7985,35.0862],[136.803,35.0862],[136.8075,35.0862],[136.812,35.0862],[136.8165,35.0862],[136.821,35.0862],[136.8255,35.0862],[136.83,35.0862],[136.8345,35.0862],[136.839,35.0862],[136.8435,35.0862],[136.848,35.0862],[136.8525,35.0862],[136.857,35.0862],[136.8615,35.0862],[136.866,35.0862],[136.8705,35.0862],[136.875,35.0862],[136.8795,35.0862],[136.884,35.0862],[136.8885,35.0862],[136.893,35.0862],[136.8975,35.0862],[136.902,35.0862],[136.9065,35.0862],[136.911,35.0862],[136.9155,35.0862],[136.92,35.0862],[136.9245,35.0862],[136.929,35.0862],[136.9335,35.0862],[136.938,35.0862],[136.9425,35.0862],[136.947,35.0862],[136.9515,35.0862],[136.956,35.0862],[136.9605,35.0862],[136.965,35.0862],[136.9695,35.0862],[136.974,35.0862],[136.9785,35.0862],[136.983,35.0862],[136.9875,35.0862],[136.992,35.0862],[136.9965,35.0862],[137.001,35.0862],[137.0055,35.0862],[137.01,35.0862],[137.0145,35.0862],[137.019,35.0862],[137.0235,35.0862],[137.028,35.0862],[137.0325,35.0862],[137.037,35.0862],[137.0415,35.0862],[137.046,35.0862],[137.0505,35.0862],[137.055,35.0862],[137.0595,35.0862],[137.064,35.0862]]}},{"type":"Feature","properties":{"kind":"street","orientation":"ew","length_m":25395.8,"walk_min":317.45},"geometry":{"type":"LineString","coordinates":[[136.785,35.0898],[136.7895,35.0898],[136.794,35.0898],[136.7985,35.0898],[136.803,35.0898],[136.8075,35.0898],[136.812,35.0898],[136.8165,35.0898],[136.821,35.0898],[136.8255,35.0898],[136.83,35.0898],[136.8345,35.0898],[136.839,35.0898],[136.8435,35.0898],[136.848,35.0898],[136.8525,35.0898],[136.857,35.0898],[136.8615,35.0898],[136.866,35.0898],[136.8705,35.0898],[136.875,35.0898],[136.8795,35.0898],[136.884,35.0898],[136.8885,35.0898],[136.893,35.0898],[136.8975,35.0898],[136.902,35.0898],[136.9065,35.0898],[136.911,35.0898],[136.9155,35.0898],[136.92,35.0898],[136.9245,35.0898],[136.929,35.0898],[136.9335,35.0898],[136.938,35.0898],[136.9425,35.0898],[136.947,35.0898],[136.9515,35.0898],[136.956,35.0898],[136.9605,35.0898],[136.965,35.0898],[136.9695,35.0898],[136.974,35.0898],[136.9785,35.0898],[136.983,35.0898],[136.9875,35.0898],[136.992,35.0898],[136.9965,35.0898],[137.001,35.0898],[137.0055,35.0898],[137.01,35.0898],[137.0145,35.0898],[137.019,35.0898],[137.0235,35.0898],[137.028,35.0898],[137.0325,35.0898],[137.037,35.0898],[137.0415,35.0898],[137.046,35.0898],[137.0505,35.0898],[137.055,35.0898],[137.0595,35.0898],[137.064,35.0898]]}},{"type":"Feature","properties":{"kind":"street","orientation":"ew","length_m":25395.8,"walk_min":317.45},"geometry":{"type":"LineString","coordinates":[[136.785,35.0934],[136.7895,35.0934],[136.794,35.0934],[136.7985,35.0934],[136.803,35.0934],[136.8075,35.0934],[136.812,35.0934],[136.8165,35.0934],[136.821,35.0934],[136.8255,35.0934],[136.83,35.0934],[136.8345,35.0934],[136.839,35.0934],[136.8435,35.0934],[136.848,35.0934],[136.8525,35.0934],[136.857,35.0934],[136.8615,35.0934],[136.866,35.0934],[136.8705,35.0934],[136.875,35.0934],[136.8795,35.0934],[136.884,35.0934],[136.8885,35.0934],[136.893,35.0934],[136.8975,35.0934],[136.902,35.0934],[136.9065,35.0934],[136.911,35.0934],[136.9155,35.0934],[136.92,35.0934],[136.9245,35.0934],[136.929,35.0934],[136.9335,35.0934],[136.938,35.0934],[136.9425,35.0934],[136.947,35.0934],[136.9515,35.0934],[136.956,35.0934],[136.9605,35.0934],[136.965,35.0934],[136.9695,35.0934],[136.974,35.0934],[136.9785,35.0934],[136.983,35.0934],[136.9875,35.0934],[136.992,35.0934],[136.9965,35.0934],[137.001,35.0934],[137.0055,35.0934],[137.01,35.0934],[137.0145,35.0934],[137.019,35.0934],[137.0235,35.0934],[137.028,35.0934],[137.0325,35.0934],[137.037,35.0934],[137.0415,35.0934],[137.046,35.0934],[137.0505,35.0934],[137.055,35.0934],[137.0595,35.0934],[137.064,35.0934]]}},{"type":"Feature","properties":{"kind":"street","orientation":"ew","length_m":25395.8,"walk_min":317.45},"geometry":{"type":"LineString","coordinates":[[136.785,35.097],[136.7895,35.097],[136.794,35.097],[136.7985,35.097],[136.803,35.097],[136.8075,35.097],[136.812,35.097],[136.8165,35.097],[136.821,35.097],[136.8255,35.097],[136.83,35.097],[136.8345,35.097],[136.839,35.097],[136.8435,35.097],[136.848,35.097],[136.8525,35.097],[136.857,35.097],[136.8615,35.097],[136.866,35.097],[136.8705,35.097],[136.875,35.097],[136.8795,35.097],[136.884,35.097],[136.8885,35.097],[136.893,35.097],[136.8975,35.097],[136.902,35.097],[136.9065,35.097],[136.911,35.097],[136.9155,35.097],[136.92,35.097],[136.9245,35.097],[136.929,35.097],[136.9335,35.097],[136.938,35.097],[136.9425,35.097],[136.947,35.097],[136.9515,35.097],[136.956,35.097],[136.9605,35.097],[136.965,35.097],[136.9695,35.097],[136.974,35.097],[136.9785,35.097],[136.983,35.097],[136.9875,35.097],[136.992,35.097],[136.9965,35.097],[137.001,35.097],[137.0055,35.097],[137.01,35.097],[137.0145,35.097],[137.019,35.097],[137.0235,35.097],[137.028,35.097],[137.0325,35.097],[137.037,35.097],[137.0415,35.097],[137.046,35.097],[137.0505,35.097],[137.055,35.097],[137.0595,35.097],[137.064,35.097]]}},{"type":"Feature","properties":{"kind":"street","orientation":"ew","length_m":25395.8,"walk_min":317.45},"geometry":{"type":"LineString","coordinates":[[136.785,35.1006],[136.7895,35.1006],[136.794,35.1006],[136.7985,35.1006],[136.803,35.1006],[136.8075,35.1006],[136.812,35.1006],[136.8165,35.1006],[136.821,35.1006],[136.8255,35.1006],[136.83,35.1006],[136.8345,35.1006],[136.839,35.1006],[136.8435,35.1006],[136.848,35.1006],[136.8525,35.1006],[136.857,35.1006],[136.8615,35.1006],[136.866,35.1006],[136.8705,35.1006],[136.875,35.1006],[136.8795,35.1006],[136.884,35.1006],[136.8885,35.1006],[136.893,35.1006],[136.8975,35.1006],[136.902,35.1006],[136.9065,35.1006],[136.911,35.1006],[136.9155,35.1006],[136.92,35.1006],[136.9245,35.1006],[136.929,35.1006],[136.9335,35.1006],[136.938,35.1006],[136.9425,35.1006],[136.947,35.1006],[136.9515,35.1006],[136.956,35.1006],[136.9605,35.1006],[136.965,35.1006],[136.9695,35.1006],[136.974,35.1006],[136.9785,35.1006],[136.983,35.1006],[136.9875,35.1006],[136.992,35.1006],[136.9965,35.1006],[137.001,35.1006],[137.0055,35.1006],[137.01,35.1006],[137.0145,35.1006],[137.019,35.1006],[137.0235,35.1006],[137.028,35.1006],[137.0325,35.1006],[137.037,35.1006],[137.0415,35.1006],[137.046,35.1006],[137.0505,35.1006],[137.055,35.1006],[137.0595,35.1006],[137.064,35.1006]]}},{"type":"Feature","properties":{"kind":"street","orientation":"ew","length_m":25395.8,"walk_min":317.45},"geometry":{"type":"LineString","coordinates":[[136.785,35.1042],[136.7895,35.1042],[136.794,35.1042],[136.7985,35.1042],[136.803,35.1042],[136.8075,35.1042],[136.812,35.1042],[136.8165,35.1042],[136.821,35.1042],[136.8255,35.1042],[136.83,35.1042],[136.8345,35.1042],[136.839,35.1042],[136.8435,35.1042],[136.848,35.1042],[136.8525,35.1042],[136.857,35.1042],[136.8615,35.1042],[136.866,35.1042],[136.8705,35.1042],[136.875,35.1042],[136.8795,35.1042],[136.884,35.1042],[136.8885,35.1042],[136.893,35.1042],[136.8975,35.1042],[136.902,35.1042],[136.9065,35.1042],[136.911,35.1042],[136.9155,35.1042],[136.92,35.1042],[136.9245,35.1042],[136.929,35.1042],[136.9335,35.1042],[136.938,35.1042],[136.9425,35.1042],[136.947,35.1042],[136.9515,35.1042],[136.956,35.1042],[136.9605,35.1042],[136.965,35.1042],[136.9695,35.1042],[136.974,35.1042],[136.9785,35.1042],[136.983,35.1042],[136.9875,35.1042],[136.992,35.1042],[136.9965,35.1042],[137.001,35.1042],[137.0055,35.1042],[137.01,35.1042],[137.0145,35.1042],[137.019,35.1042],[137.0235,35.1042],[137.028,35.1042],[137.0325,35.1042],[137.037,35.1042],[137.0415,35.1042],[137.046,35.1042],[137.0505,35.1042],[137.055,35.1042],[137.0595,35.1042],[137.064,35.1042]]}},{"type":"Feature","properties":{"kind":"street","orientation":"ew","length_m":25395.8,"walk_min":317.45},"geometry":{"type":"LineString","coordinates":[[136.785,35.1078],[136.7895,35.1078],[136.794,35.1078],[136.7985,35.1078],[136.803,35.1078],[136.8075,35.1078],[136.812,35.1078],[136.8165,35.1078],[136.821,35.1078],[136.8255,35.1078],[136.83,35.1078],[136.8345,35.1078],[136.839,35.1078],[136.8435,35.1078],[136.848,35.1078],[136.8525,35.1078],[136.857,35.1078],[136.8615,35.1078],[136.866,35.1078],[136.8705,35.1078],[136.875,35.1078],[136.8795,35.1078],[136.884,35.1078],[136.8885,35.1078],[136.893,35.1078],[136.8975,35.1078],[136.902,35.1078],[136.9065,35.1078],[136.911,35.1078],[136.9155,35.1078],[136.92,35.1078],[136.9245,35.1078],[136.929,35.1078],[136.9335,35.1078],[136.938,35.1078],[136.9425,35.1078],[136.947,35.1078],[136.9515,35.1078],[136.956,35.1078],[136.9605,35.1078],[136.965,35.1078],[136.9695,35.1078],[136.974,35.1078],[136.9785,35.1078],[136.983,35.1078],[136.9875,35.1078],[136.992,35.1078],[136.9965,35.1078],[137.001,35.1078],[137.0055,35.1078],[137.01,35.1078],[137.0145,35.1078],[137.019,35.1078],[137.0235,35.1078],[137.028,35.1078],[137.0325,35.1078],[137.037,35.1078],[137.0415,35.1078],[137.046,35.1078],[137.0505,35.1078],[137.055,35.1078],[137.0595,35.1078],[137.064,35.1078]]}},{"type":"Feature","properties":{"kind":"street","orientation":"ew","length_m":25395.8,"walk_min":317.45},"geometry":{"type":"LineString","coordinates":[[136.785,35.1114],[136.7895,35.1114],[136.794,35.1114],[136.7985,35.1114],[136.803,35.1114],[136.8075,35.1114],[136.812,35.1114],[136.8165,35.1114],[136.821,35.1114],[136.8255,35.1114],[136.83,35.1114],[136.8345,35.1114],[136.839,35.1114],[136.8435,35.1114],[136.848,35.1114],[136.8525,35.1114],[136.857,35.1114],[136.8615,35.1114],[136.866,35.1114],[136.8705,35.1114],[136.875,35.1114],[136.8795,35.1114],[136.884,35.1114],[136.8885,35.1114],[136.893,35.1114],[136.8975,35.1114],[136.902,35.1114],[136.9065,35.1114],[136.911,35.1114],[136.9155,35.1114],[136.92,35.1114],[136.9245,35.1114],[136.929,35.1114],[136.9335,35.1114],[136.938,35.1114],[136.9425,35.1114],[136.947,35.1114],[136.9515,35.1114],[136.956,35.1114],[136.9605,35.1114],[136.965,35.1114],[136.9695,35.1114],[136.974,35.1114],[136.9785,35.1114],[136.983,35.1114],[136.9875,35.1114],[136.992,35.1114],[136.9965,35.1114],[137.001,35.1114],[137.0055,35.1114],[137.01,35.1114],[137.0145,35.1114],[137.019,35.1114],[137.0235,35.1114],[137.028,35.1114],[137.0325,35.1114],[137.037,35.1114],[137.0415,35.1114],[137.046,35.1114],[137.0505,35.1114],[137.055,35.1114],[137.0595,35.1114],[137.064,35.1114]]}},{"type":"Feature","properties":{"kind":"street","orientation":"ew","length_m":25395.8,"walk_min":317.45},"geometry":{"type":"LineString","coordinates":[[136.785,35.115],[136.7895,35.115],[136.794,35.115],[136.7985,35.115],[136.803,35.115],[136.8075,35.115],[136.812,35.115],[136.8165,35.115],[136.821,35.115],[136.8255,35.115],[136.83,35.115],[136.8345,35.115],[136.839,35.115],[136.8435,35.115],[136.848,35.115],[136.8525,35.115],[136.857,35.115],[136.8615,35.115],[136.866,35.115],[136.8705,35.115],[136.875,35.115],[136.8795,35.115],[136.884,35.115],[136.8885,35.115],[136.893,35.115],[136.8975,35.115],[136.902,35.115],[136.9065,35.115],[136.911,35.115],[136.9155,35.115],[136.92,35.115],[136.9245,35.115],[136.929,35.115],[136.9335,35.115],[136.938,35.115],[136.9425,35.115],[136.947,35.115],[136.9515,35.115],[136.956,35.115],[136.9605,35.115],[136.965,35.115],[136.9695,35.115],[136.974,35.115],[136.9785,35.115],[136.983,35.115],[136.9875,35.115],[136.992,35.115],[136.9965,35.115],[137.001,35.115],[137.0055,35.115],[137.01,35.115],[137.0145,35.115],[137.019,35.115],[137.0235,35.115],[137.028,35.115],[137.0325,35.115],[137.037,35.115],[137.0415,35.115],[137.046,35.115],[137.0505,35.115],[137.055,35.115],[137.0595,35.115],[137.064,35.115]]}},{"type":"Feature","properties":{"kind":"street","orientation":"ew","length_m":25395.8,"walk_min":317.45},"geometry":{"type":"LineString","coordinates":[[136.785,35.1186],[136.7895,35.1186],[136.794,35.1186],[136.7985,35.1186],[136.803,35.1186],[136.8075,35.1186],[136.812,35.1186],[136.8165,35.1186],[136.821,35.1186],[136.8255,35.1186],[136.83,35.1186],[136.8345,35.1186],[136.839,35.1186],[136.8435,35.1186],[136.848,35.1186],[136.8525,35.1186],[136.857,35.1186],[136.8615,35.1186],[136.866,35.1186],[136.8705,35.1186],[136.875,35.1186],[136.8795,35.1186],[136.884,35.1186],[136.8885,35.1186],[136.893,35.1186],[136.8975,35.1186],[136.902,35.1186],[136.9065,35.1186],[136.911,35.1186],[136.9155,35.1186],[136.92,35.1186],[136.9245,35.1186],[136.929,35.1186],[136.9335,35.1186],[136.938,35.1186],[136.9425,35.1186],[136.947,35.1186],[136.9515,35.1186],[136.956,35.1186],[136.9605,35.1186],[136.965,35.1186],[136.9695,35.1186],[136.974,35.1186],[136.9785,35.1186],[136.983,35.1186],[136.9875,35.1186],[136.992,35.1186],[136.9965,35.1186],[137.001,35.1186],[137.0055,35.1186],[137.01,35.1186],[137.0145,35.1186],[137.019,35.1186],[137.0235,35.1186],[137.028,35.1186],[137.0325,35.1186],[137.037,35.1186],[137.0415,35.1186],[137.046,35.1186],[137.0505,35.1186],[137.055,35.1186],[137.0595,35.1186],[137.064,35.1186]]}},{"type":"Feature","properties":{"kind":"street","orientation":"ew","length_m":25395.8,"walk_min":317.45},"geometry":{"type":"LineString","coordinates":[[136.785,35.1222],[136.7895,35.1222],[136.794,35.1222],[136.7985,35.1222],[136.803,35.1222],[136.8075,35.1222],[136.812,35.1222],[136.8165,35.1222],[136.821,35.1222],[136.8255,35.1222],[136.83,35.1222],[136.8345,35.1222],[136.839,35.1222],[136.8435,35.1222],[136.848,35.1222],[136.8525,35.1222],[136.857,35.1222],[136.8615,35.1222],[136.866,35.1222],[136.8705,35.1222],[136.875,35.1222],[136.8795,35.1222],[136.884,35.1222],[136.8885,35.1222],[136.893,35.1222],[136.8975,35.1222],[136.902,35.1222],[136.9065,35.1222],[136.911,35.1222],[136.9155,35.1222],[136.92,35.1222],[136.9245,35.1222],[136.929,35.1222],[136.9335,35.1222],[136.938,35.1222],[136.9425,35.1222],[136.947,35.1222],[136.9515,35.1222],[136.956,35.1222],[136.9605,35.1222],[136.965,35.1222],[136.9695,35.1222],[136.974,35.1222],[136.9785,35.1222],[136.983,35.1222],[136.9875,35.1222],[136.992,35.1222],[136.9965,35.1222],[137.001,35.1222],[137.0055,35.1222],[137.01,35.1222],[137.0145,35.1222],[137.019,35.1222],[137.0235,35.1222],[137.028,35.1222],[137.0325,35.1222],[137.037,35.1222],[137.0415,35.1222],[137.046,35.1222],[137.0505,35.1222],[137.055,35.1222],[137.0595,35.1222],[137.064,35.1222]]}},{"type":"Feature","properties":{"kind":"street","orientation":"ew","length_m":25395.8,"walk_min":317.45},"geometry":{"type":"LineString","coordinates":[[136.785,35.1258],[136.7895,35.1258],[136.794,35.1258],[136.7985,35.1258],[136.803,35.1258],[136.8075,35.1258],[136.812,35.1258],[136.8165,35.1258],[136.821,35.1258],[136.8255,35.1258],[136.83,35.1258],[136.8345,35.1258],[136.839,35.1258],[136.8435,35.1258],[136.848,35.1258],[136.8525,35.1258],[136.857,35.1258],[136.8615,35.1258],[136.866,35.1258],[136.8705,35.1258],[136.875,35.1258],[136.8795,35.1258],[136.884,35.1258],[136.8885,35.1258],[136.893,35.1258],[136.8975,35.1258],[136.902,35.1258],[136.9065,35.1258],[136.911,35.1258],[136.9155,35.1258],[136.92,35.1258],[136.9245,35.1258],[136.929,35.1258],[136.9335,35.1258],[136.938,35.1258],[136.9425,35.1258],[136.947,35.1258],[136.9515,35.1258],[136.956,35.1258],[136.9605,35.1258],[136.965,35.1258],[136.9695,35.1258],[136.974,35.1258],[136.9785,35.1258],[136.983,35.1258],[136.9875,35.1258],[136.992,35.1258],[136.9965,35.1258],[137.001,35.1258],[137.0055,35.1258],[137.01,35.1258],[137.0145,35.1258],[137.019,35.1258],[137.0235,35.1258],[137.028,35.1258],[137.0325,35.1258],[137.037,35.1258],[137.0415,35.1258],[137.046,35.1258],[137.0505,35.1258],[137.055,35.1258],[137.0595,35.1258],[137.064,35.1258]]}},{"type":"Feature","properties":{"kind":"street","orientation":"ew","length_m":25395.8,"walk_min":317.45},"geometry":{"type":"LineString","coordinates":[[136.785,35.1294],[136.7895,35.1294],[136.794,35.1294],[136.7985,35.1294],[136.803,35.1294],[136.8075,35.1294],[136.812,35.1294],[136.8165,35.1294],[136.821,35.1294],[136.8255,35.1294],[136.83,35.1294],[136.8345,35.1294],[136.839,35.1294],[136.8435,35.1294],[136.848,35.1294],[136.8525,35.1294],[136.857,35.1294],[136.8615,35.1294],[136.866,35.1294],[136.8705,35.1294],[136.875,35.1294],[136.8795,35.1294],[136.884,35.1294],[136.8885,35.1294],[136.893,35.1294],[136.8975,35.1294],[136.902,35.1294],[136.9065,35.1294],[136.911,35.1294],[136.9155,35.1294],[136.92,35.1294],[136.9245,35.1294],[136.929,35.1294],[136.9335,35.1294],[136.938,35.1294],[136.9425,35.1294],[136.947,35.1294],[136.9515,35.1294],[136.956,35.1294],[136.9605,35.1294],[136.965,35.1294],[136.9695,35.1294],[136.974,35.1294],[136.9785,35.1294],[136.983,35.1294],[136.9875,35.1294],[136.992,35.1294],[136.9965,35.1294],[137.001,35.1294],[137.0055,35.1294],[137.01,35.1294],[137.0145,35.1294],[137.019,35.1294],[137.0235,35.1294],[137.028,35.1294],[137.0325,35.1294],[137.037,35.1294],[137.0415,35.1294],[137.046,35.1294],[137.0505,35.1294],[137.055,35.1294],[137.0595,35.1294],[137.064,35.1294]]}},{"type":"Feature","properties":{"kind":"street","orientation":"ew","length_m":25395.8,"walk_min":317.45},"geometry":{"type":"LineString","coordinates":[[136.785,35.133],[136.7895,35.133],[136.794,35.133],[136.7985,35.133],[136.803,35.133],[136.8075,35.133],[136.812,35.133],[136.8165,35.133],[136.821,35.133],[136.8255,35.133],[136.83,35.133],[136.8345,35.133],[136.839,35.133],[136.8435,35.133],[136.848,35.133],[136.8525,35.133],[136.857,35.133],[136.8615,35.133],[136.866,35.133],[136.8705,35.133],[136.875,35.133],[136.8795,35.133],[136.884,35.133],[136.8885,35.133],[136.893,35.133],[136.8975,35.133],[136.902,35.133],[136.9065,35.133],[136.911,35.133],[136.9155,35.133],[136.92,35.133],[136.9245,35.133],[136.929,35.133],[136.9335,35.133],[136.938,35.133],[136.9425,35.133],[136.947,35.133],[136.9515,35.133],[136.956,35.133],[136.9605,35.133],[136.965,35.133],[136.9695,35.133],[136.974,35.133],[136.9785,35.133],[136.983,35.133],[136.9875,35.133],[136.992,35.133],[136.9965,35.133],[137.001,35.133],[137.0055,35.133],[137.01,35.133],[137.0145,35.133],[137.019,35.133],[137.0235,35.133],[137.028,35.133],[137.0325,35.133],[137.037,35.133],[137.0415,35.133],[137.046,35.133],[137.0505,35.133],[137.055,35.133],[137.0595,35.133],[137.064,35.133]]}},{"type":"Feature","properties":{"kind":"street","orientation":"ew","length_m":25395.8,"walk_min":317.45},"geometry":{"type":"LineString","coordinates":[[136.785,35.1366],[136.7895,35.1366],[136.794,35.1366],[136.7985,35.1366],[136.803,35.1366],[136.8075,35.1366],[136.812,35.1366],[136.8165,35.1366],[136.821,35.1366],[136.8255,35.1366],[136.83,35.1366],[136.8345,35.1366],[136.839,35.1366],[136.8435,35.1366],[136.848,35.1366],[136.8525,35.1366],[136.857,35.1366],[136.8615,35.1366],[136.866,35.1366],[136.8705,35.1366],[136.875,35.1366],[136.8795,35.1366],[136.884,35.1366],[136.8885,35.1366],[136.893,35.1366],[136.8975,35.1366],[136.902,35.1366],[136.9065,35.1366],[136.911,35.1366],[136.9155,35.1366],[136.92,35.1366],[136.9245,35.1366],[136.929,35.1366],[136.9335,35.1366],[136.938,35.1366],[136.9425,35.1366],[136.947,35.1366],[136.9515,35.1366],[136.956,35.1366],[136.9605,35.1366],[136.965,35.1366],[136.9695,35.1366],[136.974,35.1366],[136.9785,35.1366],[136.983,35.1366],[136.9875,35.1366],[136.992,35.1366],[136.9965,35.1366],[137.001,35.1366],[137.0055,35.1366],[137.01,35.1366],[137.0145,35.1366],[137.019,35.1366],[137.0235,35.1366],[137.028,35.1366],[137.0325,35.1366],[137.037,35.1366],[137.0415,35.1366],[137.046,35.1366],[137.0505,35.1366],[137.055,35.1366],[137.0595,35.1366],[137.064,35.1366]]}},{"type":"Feature","properties":{"kind":"street","orientation":"ew","length_m":25395.8,"walk_min":317.45},"geometry":{"type":"LineString","coordinates":[[136.785,35.1402],[136.7895,35.1402],[136.794,35.1402],[136.7985,35.1402],[136.803,35.1402],[136.8075,35.1402],[136.812,35.1402],[136.8165,35.1402],[136.821,35.1402],[136.8255,35.1402],[136.83,35.1402],[136.8345,35.1402],[136.839,35.1402],[136.8435,35.1402],[136.848,35.1402],[136.8525,35.1402],[136.857,35.1402],[136.8615,35.1402],[136.866,35.1402],[136.8705,35.1402],[136.875,35.1402],[136.8795,35.1402],[136.884,35.1402],[136.8885,35.1402],[136.893,35.1402],[136.8975,35.1402],[136.902,35.1402],[136.9065,35.1402],[136.911,35.1402],[136.9155,35.1402],[136.92,35.1402],[136.9245,35.1402],[136.929,35.1402],[136.9335,35.1402],[136.938,35.1402],[136.9425,35.1402],[136.947,35.1402],[136.9515,35.1402],[136.956,35.1402],[136.9605,35.1402],[136.965,35.1402],[136.9695,35.1402],[136.974,35.1402],[136.9785,35.1402],[136.983,35.1402],[136.9875,35.1402],[136.992,35.1402],[136.9965,35.1402],[137.001,35.1402],[137.0055,35.1402],[137.01,35.1402],[137.0145,35.1402],[137.019,35.1402],[137.0235,35.1402],[137.028,35.1402],[137.0325,35.1402],[137.037,35.1402],[137.0415,35.1402],[137.046,35.1402],[137.0505,35.1402],[137.055,35.1402],[137.0595,35.1402],[137.064,35.1402]]}},{"type":"Feature","properties":{"kind":"street","orientation":"ew","length_m":25395.8,"walk_min":317.45},"geometry":{"type":"LineString","coordinates":[[136.785,35.1438],[136.7895,35.1438],[136.794,35.1438],[136.7985,35.1438],[136.803,35.1438],[136.8075,35.1438],[136.812,35.1438],[136.8165,35.1438],[136.821,35.1438],[136.8255,35.1438],[136.83,35.1438],[136.8345,35.1438],[136.839,35.1438],[136.8435,35.1438],[136.848,35.1438],[136.8525,35.1438],[136.857,35.1438],[136.8615,35.1438],[136.866,35.1438],[136.8705,35.1438],[136.875,35.1438],[136.8795,35.1438],[136.884,35.1438],[136.8885,35.1438],[136.893,35.1438],[136.8975,35.1438],[136.902,35.1438],[136.9065,35.1438],[136.911,35.1438],[136.9155,35.1438],[136.92,35.1438],[136.9245,35.1438],[136.929,35.1438],[136.9335,35.1438],[136.938,35.1438],[136.9425,35.1438],[136.947,35.1438],[136.9515,35.1438],[136.956,35.1438],[136.9605,35.1438],[136.965,35.1438],[136.9695,35.1438],[136.974,35.1438],[136.9785,35.1438],[136.983,35.1438],[136.9875,35.1438],[136.992,35.1438],[136.9965,35.1438],[137.001,35.1438],[137.0055,35.1438],[137.01,35.1438],[137.0145,35.1438],[137.019,35.1438],[137.0235,35.1438],[137.028,35.1438],[137.0325,35.1438],[137.037,35.1438],[137.0415,35.1438],[137.046,35.1438],[137.0505,35.1438],[137.055,35.1438],[137.0595,35.1438],[137.064,35.1438]]}},{"type":"Feature","properties":{"kind":"street","orientation":"ew","length_m":25395.8,"walk_min":317.45},"geometry":{"type":"LineString","coordinates":[[136.785,35.1474],[136.7895,35.1474],[136.794,35.1474],[136.7985,35.1474],[136.803,35.1474],[136.8075,35.1474],[136.812,35.1474],[136.8165,35.1474],[136.821,35.1474],[136.8255,35.1474],[136.83,35.1474],[136.8345,35.1474],[136.839,35.1474],[136.8435,35.1474],[136.848,35.1474],[136.8525,35.1474],[136.857,35.1474],[136.8615,35.1474],[136.866,35.1474],[136.8705,35.1474],[136.875,35.1474],[136.8795,35.1474],[136.884,35.1474],[136.8885,35.1474],[136.893,35.1474],[136.8975,35.1474],[136.902,35.1474],[136.9065,35.1474],[136.911,35.1474],[136.9155,35.1474],[136.92,35.1474],[136.9245,35.1474],[136.929,35.1474],[136.9335,35.1474],[136.938,35.1474],[136.9425,35.1474],[136.947,35.1474],[136.9515,35.1474],[136.956,35.1474],[136.9605,35.1474],[136.965,35.1474],[136.9695,35.1474],[136.974,35.1474],[136.9785,35.1474],[136.983,35.1474],[136.9875,35.1474],[136.992,35.1474],[136.9965,35.1474],[137.001,35.1474],[137.0055,35.1474],[137.01,35.1474],[137.0145,35.1474],[137.019,35.1474],[137.0235,35.1474],[137.028,35.1474],[137.0325,35.1474],[137.037,35.1474],[137.0415,35.1474],[137.046,35.1474],[137.0505,35.1474],[137.055,35.1474],[137.0595,35.1474],[137.064,35.1474]]}},{"type":"Feature","properties":{"kind":"street","orientation":"ew","length_m":25395.8,"walk_min":317.45},"geometry":{"type":"LineString","coordinates":[[136.785,35.151],[136.7895,35.151],[136.794,35.151],[136.7985,35.151],[136.803,35.151],[136.8075,35.151],[136.812,35.151],[136.8165,35.151],[136.821,35.151],[136.8255,35.151],[136.83,35.151],[136.8345,35.151],[136.839,35.151],[136.8435,35.151],[136.848,35.151],[136.8525,35.151],[136.857,35.151],[136.8615,35.151],[136.866,35.151],[136.8705,35.151],[136.875,35.151],[136.8795,35.151],[136.884,35.151],[136.8885,35.151],[136.893,35.151],[136.8975,35.151],[136.902,35.151],[136.9065,35.151],[136.911,35.151],[136.9155,35.151],[136.92,35.151],[136.9245,35.151],[136.929,35.151],[136.9335,35.151],[136.938,35.151],[136.9425,35.151],[136.947,35.151],[136.9515,35.151],[136.956,35.151],[136.9605,35.151],[136.965,35.151],[136.9695,35.151],[136.974,35.151],[136.9785,35.151],[136.983,35.151],[136.9875,35.151],[136.992,35.151],[136.9965,35.151],[137.001,35.151],[137.0055,35.151],[137.01,35.151],[137.0145,35.151],[137.019,35.151],[137.0235,35.151],[137.028,35.151],[137.0325,35.151],[137.037,35.151],[137.0415,35.151],[137.046,35.151],[137.0505,35.151],[137.055,35.151],[137.0595,35.151],[137.064,35.151]]}},{"type":"Feature","properties":{"kind":"street","orientation":"ew","length_m":25395.8,"walk_min":317.45},"geometry":{"type":"LineString","coordinates":[[136.785,35.1546],[136.7895,35.1546],[136.794,35.1546],[136.7985,35.1546],[136.803,35.1546],[136.8075,35.1546],[136.812,35.1546],[136.8165,35.1546],[136.821,35.1546],[136.8255,35.1546],[136.83,35.1546],[136.8345,35.1546],[136.839,35.1546],[136.8435,35.1546],[136.848,35.1546],[136.8525,35.1546],[136.857,35.1546],[136.8615,35.1546],[136.866,35.1546],[136.8705,35.1546],[136.875,35.1546],[136.8795,35.1546],[136.884,35.1546],[136.8885,35.1546],[136.893,35.1546],[136.8975,35.1546],[136.902,35.1546],[136.9065,35.1546],[136.911,35.1546],[136.9155,35.1546],[136.92,35.1546],[136.9245,35.1546],[136.929,35.1546],[136.9335,35.1546],[136.938,35.1546],[136.9425,35.1546],[136.947,35.1546],[136.9515,35.1546],[136.956,35.1546],[136.9605,35.1546],[136.965,35.1546],[136.9695,35.1546],[136.974,35.1546],[136.9785,35.1546],[136.983,35.1546],[136.9875,35.1546],[136.992,35.1546],[136.9965,35.1546],[137.001,35.1546],[137.0055,35.1546],[137.01,35.1546],[137.0145,35.1546],[137.019,35.1546],[137.0235,35.1546],[137.028,35.1546],[137.0325,35.1546],[137.037,35.1546],[137.0415,35.1546],[137.046,35.1546],[137.0505,35.1546],[137.055,35.1546],[137.0595,35.1546],[137.064,35.1546]]}},{"type":"Feature","properties":{"kind":"street","orientation":"ew","length_m":25395.8,"walk_min":317.45},"geometry":{"type":"LineString","coordinates":[[136.785,35.1582],[136.7895,35.1582],[136.794,35.1582],[136.7985,35.1582],[136.803,35.1582],[136.8075,35.1582],[136.812,35.1582],[136.8165,35.1582],[136.821,35.1582],[136.8255,35.1582],[136.83,35.1582],[136.8345,35.1582],[136.839,35.1582],[136.8435,35.1582],[136.848,35.1582],[136.8525,35.1582],[136.857,35.1582],[136.8615,35.1582],[136.866,35.1582],[136.8705,35.1582],[136.875,35.1582],[136.8795,35.1582],[136.884,35.1582],[136.8885,35.1582],[136.893,35.1582],[136.8975,35.1582],[136.902,35.1582],[136.9065,35.1582],[136.911,35.1582],[136.9155,35.1582],[136.92,35.1582],[136.9245,35.1582],[136.929,35.1582],[136.9335,35.1582],[136.938,35.1582],[136.9425,35.1582],[136.947,35.1582],[136.9515,35.1582],[136.956,35.1582],[136.9605,35.1582],[136.965,35.1582],[136.9695,35.1582],[136.974,35.1582],[136.9785,35.1582],[136.983,35.1582],[136.9875,35.1582],[136.992,35.1582],[136.9965,35.1582],[137.001,35.1582],[137.0055,35.1582],[137.01,35.1582],[137.0145,35.1582],[137.019,35.1582],[137.0235,35.1582],[137.028,35.1582],[137.0325,35.1582],[137.037,35.1582],[137.0415,35.1582],[137.046,35.1582],[137.0505,35.1582],[137.055,35.1582],[137.0595,35.1582],[137.064,35.1582]]}},{"type":"Feature","properties":{"kind":"street","orientation":"ew","length_m":25395.8,"walk_min":317.45},"geometry":{"type":"LineString","coordinates":[[136.785,35.1618],[136.7895,35.1618],[136.794,35.1618],[136.7985,35.1618],[136.803,35.1618],[136.8075,35.1618],[136.812,35.1618],[136.8165,35.1618],[136.821,35.1618],[136.8255,35.1618],[136.83,35.1618],[136.8345,35.1618],[136.839,35.1618],[136.8435,35.1618],[136.848,35.1618],[136.8525,35.1618],[136.857,35.1618],[136.8615,35.1618],[136.866,35.1618],[136.8705,35.1618],[136.875,35.1618],[136.8795,35.1618],[136.884,35.1618],[136.8885,35.1618],[136.893,35.1618],[136.8975,35.1618],[136.902,35.1618],[136.9065,35.1618],[136.911,35.1618],[136.9155,35.1618],[136.92,35.1618],[136.9245,35.1618],[136.929,35.1618],[136.9335,35.1618],[136.938,35.1618],[136.9425,35.1618],[136.947,35.1618],[136.9515,35.1618],[136.956,35.1618],[136.9605,35.1618],[136.965,35.1618],[136.9695,35.1618],[136.974,35.1618],[136.9785,35.1618],[136.983,35.1618],[136.9875,35.1618],[136.992,35.1618],[136.9965,35.1618],[137.001,35.1618],[137.0055,35.1618],[137.01,35.1618],[137.0145,35.1618],[137.019,35.1618],[137.0235,35.1618],[137.028,35.1618],[137.0325,35.1618],[137.037,35.1618],[137.0415,35.1618],[137.046,35.1618],[137.0505,35.1618],[137.055,35.1618],[137.0595,35.1618],[137.064,35.1618]]}},{"type":"Feature","properties":{"kind":"street","orientation":"ew","length_m":25395.8,"walk_min":317.45},"geometry":{"type":"LineString","coordinates":[[136.785,35.1654],[136.7895,35.1654],[136.794,35.1654],[136.7985,35.1654],[136.803,35.1654],[136.8075,35.1654],[136.812,35.1654],[136.8165,35.1654],[136.821,35.1654],[136.8255,35.1654],[136.83,35.1654],[136.8345,35.1654],[136.839,35.1654],[136.8435,35.1654],[136.848,35.1654],[136.8525,35.1654],[136.857,35.1654],[136.8615,35.1654],[136.866,35.1654],[136.8705,35.1654],[136.875,35.1654],[136.8795,35.1654],[136.884,35.1654],[136.8885,35.1654],[136.893,35.1654],[136.8975,35.1654],[136.902,35.1654],[136.9065,35.1654],[136.911,35.1654],[136.9155,35.1654],[136.92,35.1654],[136.9245,35.1654],[136.929,35.1654],[136.9335,35.1654],[136.938,35.1654],[136.9425,35.1654],[136.947,35.1654],[136.9515,35.1654],[136.956,35.1654],[136.9605,35.1654],[136.965,35.1654],[136.9695,35.1654],[136.974,35.1654],[136.9785,35.1654],[136.983,35.1654],[136.9875,35.1654],[136.992,35.1654],[136.9965,35.1654],[137.001,35.1654],[137.0055,35.1654],[137.01,35.1654],[137.0145,35.1654],[137.019,35.1654],[137.0235,35.1654],[137.028,35.1654],[137.0325,35.1654],[137.037,35.1654],[137.0415,35.1654],[137.046,35.1654],[137.0505,35.1654],[137.055,35.1654],[137.0595,35.1654],[137.064,35.1654]]}},{"type":"Feature","properties":{"kind":"street","orientation":"ew","length_m":25395.8,"walk_min":317.45},"geometry":{"type":"LineString","coordinates":[[136.785,35.169],[136.7895,35.169],[136.794,35.169],[136.7985,35.169],[136.803,35.169],[136.8075,35.169],[136.812,35.169],[136.8165,35.169],[136.821,35.169],[136.8255,35.169],[136.83,35.169],[136.8345,35.169],[136.839,35.169],[136.8435,35.169],[136.848,35.169],[136.8525,35.169],[136.857,35.169],[136.8615,35.169],[136.866,35.169],[136.8705,35.169],[136.875,35.169],[136.8795,35.169],[136.884,35.169],[136.8885,35.169],[136.893,35.169],[136.8975,35.169],[136.902,35.169],[136.9065,35.169],[136.911,35.169],[136.9155,35.169],[136.92,35.169],[136.9245,35.169],[136.929,35.169],[136.9335,35.169],[136.938,35.169],[136.9425,35.169],[136.947,35.169],[136.9515,35.169],[136.956,35.169],[136.9605,35.169],[136.965,35.169],[136.9695,35.169],[136.974,35.169],[136.9785,35.169],[136.983,35.169],[136.9875,35.169],[136.992,35.169],[136.9965,35.169],[137.001,35.169],[137.0055,35.169],[137.01,35.169],[137.0145,35.169],[137.019,35.169],[137.0235,35.169],[137.028,35.169],[137.0325,35.169],[137.037,35.169],[137.0415,35.169],[137.046,35.169],[137.0505,35.169],[137.055,35.169],[137.0595,35.169],[137.064,35.169]]}},{"type":"Feature","properties":{"kind":"street","orientation":"ew","length_m":25395.8,"walk_min":317.45},"geometry":{"type":"LineString","coordinates":[[136.785,35.1726],[136.7895,35.1726],[136.794,35.1726],[136.7985,35.1726],[136.803,35.1726],[136.8075,35.1726],[136.812,35.1726],[136.8165,35.1726],[136.821,35.1726],[136.8255,35.1726],[136.83,35.1726],[136.8345,35.1726],[136.839,35.1726],[136.8435,35.1726],[136.848,35.1726],[136.8525,35.1726],[136.857,35.1726],[136.8615,35.1726],[136.866,35.1726],[136.8705,35.1726],[136.875,35.1726],[136.8795,35.1726],[136.884,35.1726],[136.8885,35.1726],[136.893,35.1726],[136.8975,35.1726],[136.902,35.1726],[136.9065,35.1726],[136.911,35.1726],[136.9155,35.1726],[136.92,35.1726],[136.9245,35.1726],[136.929,35.1726],[136.9335,35.1726],[136.938,35.1726],[136.9425,35.1726],[136.947,35.1726],[136.9515,35.1726],[136.956,35.1726],[136.9605,35.1726],[136.965,35.1726],[136.9695,35.1726],[136.974,35.1726],[136.9785,35.1726],[136.983,35.1726],[136.9875,35.1726],[136.992,35.1726],[136.9965,35.1726],[137.001,35.1726],[137.0055,35.1726],[137.01,35.1726],[137.0145,35.1726],[137.019,35.1726],[137.0235,35.1726],[137.028,35.1726],[137.0325,35.1726],[137.037,35.1726],[137.0415,35.1726],[137.046,35.1726],[137.0505,35.1726],[137.055,35.1726],[137.0595,35.1726],[137.064,35.1726]]}},{"type":"Feature","properties":{"kind":"street","orientation":"ew","length_m":25395.8,"walk_min":317.45},"geometry":{"type":"LineString","coordinates":[[136.785,35.1762],[136.7895,35.1762],[136.794,35.1762],[136.7985,35.1762],[136.803,35.1762],[136.8075,35.1762],[136.812,35.1762],[136.8165,35.1762],[136.821,35.1762],[136.8255,35.1762],[136.83,35.1762],[136.8345,35.1762],[136.839,35.1762],[136.8435,35.1762],[136.848,35.1762],[136.8525,35.1762],[136.857,35.1762],[136.8615,35.1762],[136.866,35.1762],[136.8705,35.1762],[136.875,35.1762],[136.8795,35.1762],[136.884,35.1762],[136.8885,35.1762],[136.893,35.1762],[136.8975,35.1762],[136.902,35.1762],[136.9065,35.1762],[136.911,35.1762],[136.9155,35.1762],[136.92,35.1762],[136.9245,35.1762],[136.929,35.1762],[136.9335,35.1762],[136.938,35.1762],[136.9425,35.1762],[136.947,35.1762],[136.9515,35.1762],[136.956,35.1762],[136.9605,35.1762],[136.965,35.1762],[136.9695,35.1762],[136.974,35.1762],[136.9785,35.1762],[136.983,35.1762],[136.9875,35.1762],[136.992,35.1762],[136.9965,35.1762],[137.001,35.1762],[137.0055,35.1762],[137.01,35.1762],[137.0145,35.1762],[137.019,35.1762],[137.0235,35.1762],[137.028,35.1762],[137.0325,35.1762],[137.037,35.1762],[137.0415,35.1762],[137.046,35.1762],[137.0505,35.1762],[137.055,35.1762],[137.0595,35.1762],[137.064,35.1762]]}},{"type":"Feature","properties":{"kind":"street","orientation":"ew","length_m":25395.8,"walk_min":317.45},"geometry":{"type":"LineString","coordinates":[[136.785,35.1798],[136.7895,35.1798],[136.794,35.1798],[136.7985,35.1798],[136.803,35.1798],[136.8075,35.1798],[136.812,35.1798],[136.8165,35.1798],[136.821,35.1798],[136.8255,35.1798],[136.83,35.1798],[136.8345,35.1798],[136.839,35.1798],[136.8435,35.1798],[136.848,35.1798],[136.8525,35.1798],[136.857,35.1798],[136.8615,35.1798],[136.866,35.1798],[136.8705,35.1798],[136.875,35.1798],[136.8795,35.1798],[136.884,35.1798],[136.8885,35.1798],[136.893,35.1798],[136.8975,35.1798],[136.902,35.1798],[136.9065,35.1798],[136.911,35.1798],[136.9155,35.1798],[136.92,35.1798],[136.9245,35.1798],[136.929,35.1798],[136.9335,35.1798],[136.938,35.1798],[136.9425,35.1798],[136.947,35.1798],[136.9515,35.1798],[136.956,35.1798],[136.9605,35.1798],[136.965,35.1798],[136.9695,35.1798],[136.974,35.1798],[136.9785,35.1798],[136.983,35.1798],[136.9875,35.1798],[136.992,35.1798],[136.9965,35.1798],[137.001,35.1798],[137.0055,35.1798],[137.01,35.1798],[137.0145,35.1798],[137.019,35.1798],[137.0235,35.1798],[137.028,35.1798],[137.0325,35.1798],[137.037,35.1798],[137.0415,35.1798],[137.046,35.1798],[137.0505,35.1798],[137.055,35.1798],[137.0595,35.1798],[137.064,35.1798]]}},{"type":"Feature","properties":{"kind":"street","orientation":"ew","length_m":25395.8,"walk_min":317.45},"geometry":{"type":"LineString","coordinates":[[136.785,35.1834],[136.7895,35.1834],[136.794,35.1834],[136.7985,35.1834],[136.803,35.1834],[136.8075,35.1834],[136.812,35.1834],[136.8165,35.1834],[136.821,35.1834],[136.8255,35.1834],[136.83,35.1834],[136.8345,35.1834],[136.839,35.1834],[136.8435,35.1834],[136.848,35.1834],[136.8525,35.1834],[136.857,35.1834],[136.8615,35.1834],[136.866,35.1834],[136.8705,35.1834],[136.875,35.1834],[136.8795,35.1834],[136.884,35.1834],[136.8885,35.1834],[136.893,35.1834],[136.8975,35.1834],[136.902,35.1834],[136.9065,35.1834],[136.911,35.1834],[136.9155,35.1834],[136.92,35.1834],[136.9245,35.1834],[136.929,35.1834],[136.9335,35.1834],[136.938,35.1834],[136.9425,35.1834],[136.947,35.1834],[136.9515,35.1834],[136.956,35.1834],[136.9605,35.1834],[136.965,35.1834],[136.9695,35.1834],[136.974,35.1834],[136.9785,35.1834],[136.983,35.1834],[136.9875,35.1834],[136.992,35.1834],[136.9965,35.1834],[137.001,35.1834],[137.0055,35.1834],[137.01,35.1834],[137.0145,35.1834],[137.019,35.1834],[137.0235,35.1834],[137.028,35.1834],[137.0325,35.1834],[137.037,35.1834],[137.0415,35.1834],[137.046,35.1834],[137.0505,35.1834],[137.055,35.1834],[137.0595,35.1834],[137.064,35.1834]]}},{"type":"Feature","properties":{"kind":"street","orientation":"ew","length_m":25395.8,"walk_min":317.45},"geometry":{"type":"LineString","coordinates":[[136.785,35.187],[136.7895,35.187],[136.794,35.187],[136.7985,35.187],[136.803,35.187],[136.8075,35.187],[136.812,35.187],[136.8165,35.187],[136.821,35.187],[136.8255,35.187],[136.83,35.187],[136.8345,35.187],[136.839,35.187],[136.8435,35.187],[136.848,35.187],[136.8525,35.187],[136.857,35.187],[136.8615,35.187],[136.866,35.187],[136.8705,35.187],[136.875,35.187],[136.8795,35.187],[136.884,35.187],[136.8885,35.187],[136.893,35.187],[136.8975,35.187],[136.902,35.187],[136.9065,35.187],[136.911,35.187],[136.9155,35.187],[136.92,35.187],[136.9245,35.187],[136.929,35.187],[136.9335,35.187],[136.938,35.187],[136.9425,35.187],[136.947,35.187],[136.9515,35.187],[136.956,35.187],[136.9605,35.187],[136.965,35.187],[136.9695,35.187],[136.974,35.187],[136.9785,35.187],[136.983,35.187],[136.9875,35.187],[136.992,35.187],[136.9965,35.187],[137.001,35.187],[137.0055,35.187],[137.01,35.187],[137.0145,35.187],[137.019,35.187],[137.0235,35.187],[137.028,35.187],[137.0325,35.187],[137.037,35.187],[137.0415,35.187],[137.046,35.187],[137.0505,35.187],[137.055,35.187],[137.0595,35.187],[137.064,35.187]]}},{"type":"Feature","properties":{"kind":"street","orientation":"ew","length_m":25395.8,"walk_min":317.45},"geometry":{"type":"LineString","coordinates":[[136.785,35.1906],[136.7895,35.1906],[136.794,35.1906],[136.7985,35.1906],[136.803,35.1906],[136.8075,35.1906],[136.812,35.1906],[136.8165,35.1906],[136.821,35.1906],[136.8255,35.1906],[136.83,35.1906],[136.8345,35.1906],[136.839,35.1906],[136.8435,35.1906],[136.848,35.1906],[136.8525,35.1906],[136.857,35.1906],[136.8615,35.1906],[136.866,35.1906],[136.8705,35.1906],[136.875,35.1906],[136.8795,35.1906],[136.884,35.1906],[136.8885,35.1906],[136.893,35.1906],[136.8975,35.1906],[136.902,35.1906],[136.9065,35.1906],[136.911,35.1906],[136.9155,35.1906],[136.92,35.1906],[136.9245,35.1906],[136.929,35.1906],[136.9335,35.1906],[136.938,35.1906],[136.9425,35.1906],[136.947,35.1906],[136.9515,35.1906],[136.956,35.1906],[136.9605,35.1906],[136.965,35.1906],[136.9695,35.1906],[136.974,35.1906],[136.9785,35.1906],[136.983,35.1906],[136.9875,35.1906],[136.992,35.1906],[136.9965,35.1906],[137.001,35.1906],[137.0055,35.1906],[137.01,35.1906],[137.0145,35.1906],[137.019,35.1906],[137.0235,35.1906],[137.028,35.1906],[137.0325,35.1906],[137.037,35.1906],[137.0415,35.1906],[137.046,35.1906],[137.0505,35.1906],[137.055,35.1906],[137.0595,35.1906],[137.064,35.1906]]}},{"type":"Feature","properties":{"kind":"street","orientation":"ew","length_m":25395.8,"walk_min":317.45},"geometry":{"type":"LineString","coordinates":[[136.785,35.1942],[136.7895,35.1942],[136.794,35.1942],[136.7985,35.1942],[136.803,35.1942],[136.8075,35.1942],[136.812,35.1942],[136.8165,35.1942],[136.821,35.1942],[136.8255,35.1942],[136.83,35.1942],[136.8345,35.1942],[136.839,35.1942],[136.8435,35.1942],[136.848,35.1942],[136.8525,35.1942],[136.857,35.1942],[136.8615,35.1942],[136.866,35.1942],[136.8705,35.1942],[136.875,35.1942],[136.8795,35.1942],[136.884,35.1942],[136.8885,35.1942],[136.893,35.1942],[136.8975,35.1942],[136.902,35.1942],[136.9065,35.1942],[136.911,35.1942],[136.9155,35.1942],[136.92,35.1942],[136.9245,35.1942],[136.929,35.1942],[136.9335,35.1942],[136.938,35.1942],[136.9425,35.1942],[136.947,35.1942],[136.9515,35.1942],[136.956,35.1942],[136.9605,35.1942],[136.965,35.1942],[136.9695,35.1942],[136.974,35.1942],[136.9785,35.1942],[136.983,35.1942],[136.9875,35.1942],[136.992,35.1942],[136.9965,35.1942],[137.001,35.1942],[137.0055,35.1942],[137.01,35.1942],[137.0145,35.1942],[137.019,35.1942],[137.0235,35.1942],[137.028,35.1942],[137.0325,35.1942],[137.037,35.1942],[137.0415,35.1942],[137.046,35.1942],[137.0505,35.1942],[137.055,35.1942],[137.0595,35.1942],[137.064,35.1942]]}},{"type":"Feature","properties":{"kind":"street","orientation":"ew","length_m":25395.8,"walk_min":317.45},"geometry":{"type":"LineString","coordinates":[[136.785,35.1978],[136.7895,35.1978],[136.794,35.1978],[136.7985,35.1978],[136.803,35.1978],[136.8075,35.1978],[136.812,35.1978],[136.8165,35.1978],[136.821,35.1978],[136.8255,35.1978],[136.83,35.1978],[136.8345,35.1978],[136.839,35.1978],[136.8435,35.1978],[136.848,35.1978],[136.8525,35.1978],[136.857,35.1978],[136.8615,35.1978],[136.866,35.1978],[136.8705,35.1978],[136.875,35.1978],[136.8795,35.1978],[136.884,35.1978],[136.8885,35.1978],[136.893,35.1978],[136.8975,35.1978],[136.902,35.1978],[136.9065,35.1978],[136.911,35.1978],[136.9155,35.1978],[136.92,35.1978],[136.9245,35.1978],[136.929,35.1978],[136.9335,35.1978],[136.938,35.1978],[136.9425,35.1978],[136.947,35.1978],[136.9515,35.1978],[136.956,35.1978],[136.9605,35.1978],[136.965,35.1978],[136.9695,35.1978],[136.974,35.1978],[136.9785,35.1978],[136.983,35.1978],[136.9875,35.1978],[136.992,35.1978],[136.9965,35.1978],[137.001,35.1978],[137.0055,35.1978],[137.01,35.1978],[137.0145,35.1978],[137.019,35.1978],[137.0235,35.1978],[137.028,35.1978],[137.0325,35.1978],[137.037,35.1978],[137.0415,35.1978],[137.046,35.1978],[137.0505,35.1978],[137.055,35.1978],[137.0595,35.1978],[137.064,35.1978]]}},{"type":"Feature","properties":{"kind":"street","orientation":"ew","length_m":25395.8,"walk_min":317.45},"geometry":{"type":"LineString","coordinates":[[136.785,35.2014],[136.7895,35.2014],[136.794,35.2014],[136.7985,35.2014],[136.803,35.2014],[136.8075,35.2014],[136.812,35.2014],[136.8165,35.2014],[136.821,35.2014],[136.8255,35.2014],[136.83,35.2014],[136.8345,35.2014],[136.839,35.2014],[136.8435,35.2014],[136.848,35.2014],[136.8525,35.2014],[136.857,35.2014],[136.8615,35.2014],[136.866,35.2014],[136.8705,35.2014],[136.875,35.2014],[136.8795,35.2014],[136.884,35.2014],[136.8885,35.2014],[136.893,35.2014],[136.8975,35.2014],[136.902,35.2014],[136.9065,35.2014],[136.911,35.2014],[136.9155,35.2014],[136.92,35.2014],[136.9245,35.2014],[136.929,35.2014],[136.9335,35.2014],[136.938,35.2014],[136.9425,35.2014],[136.947,35.2014],[136.9515,35.2014],[136.956,35.2014],[136.9605,35.2014],[136.965,35.2014],[136.9695,35.2014],[136.974,35.2014],[136.9785,35.2014],[136.983,35.2014],[136.9875,35.2014],[136.992,35.2014],[136.9965,35.2014],[137.001,35.2014],[137.0055,35.2014],[137.01,35.2014],[137.0145,35.2014],[137.019,35.2014],[137.0235,35.2014],[137.028,35.2014],[137.0325,35.2014],[137.037,35.2014],[137.0415,35.2014],[137.046,35.2014],[137.0505,35.2014],[137.055,35.2014],[137.0595,35.2014],[137.064,35.2014]]}},{"type":"Feature","properties":{"kind":"street","orientation":"ew","length_m":25395.8,"walk_min":317.45},"geometry":{"type":"LineString","coordinates":[[136.785,35.205],[136.7895,35.205],[136.794,35.205],[136.7985,35.205],[136.803,35.205],[136.8075,35.205],[136.812,35.205],[136.8165,35.205],[136.821,35.205],[136.8255,35.205],[136.83,35.205],[136.8345,35.205],[136.839,35.205],[136.8435,35.205],[136.848,35.205],[136.8525,35.205],[136.857,35.205],[136.8615,35.205],[136.866,35.205],[136.8705,35.205],[136.875,35.205],[136.8795,35.205],[136.884,35.205],[136.8885,35.205],[136.893,35.205],[136.8975,35.205],[136.902,35.205],[136.9065,35.205],[136.911,35.205],[136.9155,35.205],[136.92,35.205],[136.9245,35.205],[136.929,35.205],[136.9335,35.205],[136.938,35.205],[136.9425,35.205],[136.947,35.205],[136.9515,35.205],[136.956,35.205],[136.9605,35.205],[136.965,35.205],[136.9695,35.205],[136.974,35.205],[136.9785,35.205],[136.983,35.205],[136.9875,35.205],[136.992,35.205],[136.9965,35.205],[137.001,35.205],[137.0055,35.205],[137.01,35.205],[137.0145,35.205],[137.019,35.205],[137.0235,35.205],[137.028,35.205],[137.0325,35.205],[137.037,35.205],[137.0415,35.205],[137.046,35.205],[137.0505,35.205],[137.055,35.205],[137.0595,35.205],[137.064,35.205]]}},{"type":"Feature","properties":{"kind":"street","orientation":"ew","length_m":25395.8,"walk_min":317.45},"geometry":{"type":"LineString","coordinates":[[136.785,35.2086],[136.7895,35.2086],[136.794,35.2086],[136.7985,35.2086],[136.803,35.2086],[136.8075,35.2086],[136.812,35.2086],[136.8165,35.2086],[136.821,35.2086],[136.8255,35.2086],[136.83,35.2086],[136.8345,35.2086],[136.839,35.2086],[136.8435,35.2086],[136.848,35.2086],[136.8525,35.2086],[136.857,35.2086],[136.8615,35.2086],[136.866,35.2086],[136.8705,35.2086],[136.875,35.2086],[136.8795,35.2086],[136.884,35.2086],[136.8885,35.2086],[136.893,35.2086],[136.8975,35.2086],[136.902,35.2086],[136.9065,35.2086],[136.911,35.2086],[136.9155,35.2086],[136.92,35.2086],[136.9245,35.2086],[136.929,35.2086],[136.9335,35.2086],[136.938,35.2086],[136.9425,35.2086],[136.947,35.2086],[136.9515,35.2086],[136.956,35.2086],[136.9605,35.2086],[136.965,35.2086],[136.9695,35.2086],[136.974,35.2086],[136.9785,35.2086],[136.983,35.2086],[136.9875,35.2086],[136.992,35.2086],[136.9965,35.2086],[137.001,35.2086],[137.0055,35.2086],[137.01,35.2086],[137.0145,35.2086],[137.019,35.2086],[137.0235,35.2086],[137.028,35.2086],[137.0325,35.2086],[137.037,35.2086],[137.0415,35.2086],[137.046,35.2086],[137.0505,35.2086],[137.055,35.2086],[137.0595,35.2086],[137.064,35.2086]]}},{"type":"Feature","properties":{"kind":"street","orientation":"ew","length_m":25395.8,"walk_min":317.45},"geometry":{"type":"LineString","coordinates":[[136.785,35.2122],[136.7895,35.2122],[136.794,35.2122],[136.7985,35.2122],[136.803,35.2122],[136.8075,35.2122],[136.812,35.2122],[136.8165,35.2122],[136.821,35.2122],[136.8255,35.2122],[136.83,35.2122],[136.8345,35.2122],[136.839,35.2122],[136.8435,35.2122],[136.848,35.2122],[136.8525,35.2122],[136.857,35.2122],[136.8615,35.2122],[136.866,35.2122],[136.8705,35.2122],[136.875,35.2122],[136.8795,35.2122],[136.884,35.2122],[136.8885,35.2122],[136.893,35.2122],[136.8975,35.2122],[136.902,35.2122],[136.9065,35.2122],[136.911,35.2122],[136.9155,35.2122],[136.92,35.2122],[136.9245,35.2122],[136.929,35.2122],[136.9335,35.2122],[136.938,35.2122],[136.9425,35.2122],[136.947,35.2122],[136.9515,35.2122],[136.956,35.2122],[136.9605,35.2122],[136.965,35.2122],[136.9695,35.2122],[136.974,35.2122],[136.9785,35.2122],[136.983,35.2122],[136.9875,35.2122],[136.992,35.2122],[136.9965,35.2122],[137.001,35.2122],[137.0055,35.2122],[137.01,35.2122],[137.0145,35.2122],[137.019,35.2122],[137.0235,35.2122],[137.028,35.2122],[137.0325,35.2122],[137.037,35.2122],[137.0415,35.2122],[137.046,35.2122],[137.0505,35.2122],[137.055,35.2122],[137.0595,35.2122],[137.064,35.2122]]}},{"type":"Feature","properties":{"kind":"street","orientation":"ew","length_m":25395.8,"walk_min":317.45},"geometry":{"type":"LineString","coordinates":[[136.785,35.2158],[136.7895,35.2158],[136.794,35.2158],[136.7985,35.2158],[136.803,35.2158],[136.8075,35.2158],[136.812,35.2158],[136.8165,35.2158],[136.821,35.2158],[136.8255,35.2158],[136.83,35.2158],[136.8345,35.2158],[136.839,35.2158],[136.8435,35.2158],[136.848,35.2158],[136.8525,35.2158],[136.857,35.2158],[136.8615,35.2158],[136.866,35.2158],[136.8705,35.2158],[136.875,35.2158],[136.8795,35.2158],[136.884,35.2158],[136.8885,35.2158],[136.893,35.2158],[136.8975,35.2158],[136.902,35.2158],[136.9065,35.2158],[136.911,35.2158],[136.9155,35.2158],[136.92,35.2158],[136.9245,35.2158],[136.929,35.2158],[136.9335,35.2158],[136.938,35.2158],[136.9425,35.2158],[136.947,35.2158],[136.9515,35.2158],[136.956,35.2158],[136.9605,35.2158],[136.965,35.2158],[136.9695,35.2158],[136.974,35.2158],[136.9785,35.2158],[136.983,35.2158],[136.9875,35.2158],[136.992,35.2158],[136.9965,35.2158],[137.001,35.2158],[137.0055,35.2158],[137.01,35.2158],[137.0145,35.2158],[137.019,35.2158],[137.0235,35.2158],[137.028,35.2158],[137.0325,35.2158],[137.037,35.2158],[137.0415,35.2158],[137.046,35.2158],[137.0505,35.2158],[137.055,35.2158],[137.0595,35.2158],[137.064,35.2158]]}},{"type":"Feature","properties":{"kind":"street","orientation":"ew","length_m":25395.8,"walk_min":317.45},"geometry":{"type":"LineString","coordinates":[[136.785,35.2194],[136.7895,35.2194],[136.794,35.2194],[136.7985,35.2194],[136.803,35.2194],[136.8075,35.2194],[136.812,35.2194],[136.8165,35.2194],[136.821,35.2194],[136.8255,35.2194],[136.83,35.2194],[136.8345,35.2194],[136.839,35.2194],[136.8435,35.2194],[136.848,35.2194],[136.8525,35.2194],[136.857,35.2194],[136.8615,35.2194],[136.866,35.2194],[136.8705,35.2194],[136.875,35.2194],[136.8795,35.2194],[136.884,35.2194],[136.8885,35.2194],[136.893,35.2194],[136.8975,35.2194],[136.902,35.2194],[136.9065,35.2194],[136.911,35.2194],[136.9155,35.2194],[136.92,35.2194],[136.9245,35.2194],[136.929,35.2194],[136.9335,35.2194],[136.938,35.2194],[136.9425,35.2194],[136.947,35.2194],[136.9515,35.2194],[136.956,35.2194],[136.9605,35.2194],[136.965,35.2194],[136.9695,35.2194],[136.974,35.2194],[136.9785,35.2194],[136.983,35.2194],[136.9875,35.2194],[136.992,35.2194],[136.9965,35.2194],[137.001,35.2194],[137.0055,35.2194],[137.01,35.2194],[137.0145,35.2194],[137.019,35.2194],[137.0235,35.2194],[137.028,35.2194],[137.0325,35.2194],[137.037,35.2194],[137.0415,35.2194],[137.046,35.2194],[137.0505,35.2194],[137.055,35.2194],[137.0595,35.2194],[137.064,35.2194]]}},{"type":"Feature","properties":{"kind":"street","orientation":"ew","length_m":25395.8,"walk_min":317.45},"geometry":{"type":"LineString","coordinates":[[136.785,35.223],[136.7895,35.223],[136.794,35.223],[136.7985,35.223],[136.803,35.223],[136.8075,35.223],[136.812,35.223],[136.8165,35.223],[136.821,35.223],[136.8255,35.223],[136.83,35.223],[136.8345,35.223],[136.839,35.223],[136.8435,35.223],[136.848,35.223],[136.8525,35.223],[136.857,35.223],[136.8615,35.223],[136.866,35.223],[136.8705,35.223],[136.875,35.223],[136.8795,35.223],[136.884,35.223],[136.8885,35.223],[136.893,35.223],[136.8975,35.223],[136.902,35.223],[136.9065,35.223],[136.911,35.223],[136.9155,35.223],[136.92,35.223],[136.9245,35.223],[136.929,35.223],[136.9335,35.223],[136.938,35.223],[136.9425,35.223],[136.947,35.223],[136.9515,35.223],[136.956,35.223],[136.9605,35.223],[136.965,35.223],[136.9695,35.223],[136.974,35.223],[136.9785,35.223],[136.983,35.223],[136.9875,35.223],[136.992,35.223],[136.9965,35.223],[137.001,35.223],[137.0055,35.223],[137.01,35.223],[137.0145,35.223],[137.019,35.223],[137.0235,35.223],[137.028,35.223],[137.0325,35.223],[137.037,35.223],[137.0415,35.223],[137.046,35.223],[137.0505,35.223],[137.055,35.223],[137.0595,35.223],[137.064,35.223]]}},{"type":"Feature","properties":{"kind":"street","orientation":"ew","length_m":25395.8,"walk_min":317.45},"geometry":{"type":"LineString","coordinates":[[136.785,35.2266],[136.7895,35.2266],[136.794,35.2266],[136.7985,35.2266],[136.803,35.2266],[136.8075,35.2266],[136.812,35.2266],[136.8165,35.2266],[136.821,35.2266],[136.8255,35.2266],[136.83,35.2266],[136.8345,35.2266],[136.839,35.2266],[136.8435,35.2266],[136.848,35.2266],[136.8525,35.2266],[136.857,35.2266],[136.8615,35.2266],[136.866,35.2266],[136.8705,35.2266],[136.875,35.2266],[136.8795,35.2266],[136.884,35.2266],[136.8885,35.2266],[136.893,35.2266],[136.8975,35.2266],[136.902,35.2266],[136.9065,35.2266],[136.911,35.2266],[136.9155,35.2266],[136.92,35.2266],[136.9245,35.2266],[136.929,35.2266],[136.9335,35.2266],[136.938,35.2266],[136.9425,35.2266],[136.947,35.2266],[136.9515,35.2266],[136.956,35.2266],[136.9605,35.2266],[136.965,35.2266],[136.9695,35.2266],[136.974,35.2266],[136.9785,35.2266],[136.983,35.2266],[136.9875,35.2266],[136.992,35.2266],[136.9965,35.2266],[137.001,35.2266],[137.0055,35.2266],[137.01,35.2266],[137.0145,35.2266],[137.019,35.2266],[137.0235,35.2266],[137.028,35.2266],[137.0325,35.2266],[137.037,35.2266],[137.0415,35.2266],[137.046,35.2266],[137.0505,35.2266],[137.055,35.2266],[137.0595,35.2266],[137.064,35.2266]]}},{"type":"Feature","properties":{"kind":"street","orientation":"ew","length_m":25395.8,"walk_min":317.45},"geometry":{"type":"LineString","coordinates":[[136.785,35.2302],[136.7895,35.2302],[136.794,35.2302],[136.7985,35.2302],[136.803,35.2302],[136.8075,35.2302],[136.812,35.2302],[136.8165,35.2302],[136.821,35.2302],[136.8255,35.2302],[136.83,35.2302],[136.8345,35.2302],[136.839,35.2302],[136.8435,35.2302],[136.848,35.2302],[136.8525,35.2302],[136.857,35.2302],[136.8615,35.2302],[136.866,35.2302],[136.8705,35.2302],[136.875,35.2302],[136.8795,35.2302],[136.884,35.2302],[136.8885,35.2302],[136.893,35.2302],[136.8975,35.2302],[136.902,35.2302],[136.9065,35.2302],[136.911,35.2302],[136.9155,35.2302],[136.92,35.2302],[136.9245,35.2302],[136.929,35.2302],[136.9335,35.2302],[136.938,35.2302],[136.9425,35.2302],[136.947,35.2302],[136.9515,35.2302],[136.956,35.2302],[136.9605,35.2302],[136.965,35.2302],[136.9695,35.2302],[136.974,35.2302],[136.9785,35.2302],[136.983,35.2302],[136.9875,35.2302],[136.992,35.2302],[136.9965,35.2302],[137.001,35.2302],[137.0055,35.2302],[137.01,35.2302],[137.0145,35.2302],[137.019,35.2302],[137.0235,35.2302],[137.028,35.2302],[137.0325,35.2302],[137.037,35.2302],[137.0415,35.2302],[137.046,35.2302],[137.0505,35.2302],[137.055,35.2302],[137.0595,35.2302],[137.064,35.2302]]}},{"type":"Feature","properties":{"kind":"street","orientation":"ew","length_m":25395.8,"walk_min":317.45},"geometry":{"type":"LineString","coordinates":[[136.785,35.2338],[136.7895,35.2338],[136.794,35.2338],[136.7985,35.2338],[136.803,35.2338],[136.8075,35.2338],[136.812,35.2338],[136.8165,35.2338],[136.821,35.2338],[136.8255,35.2338],[136.83,35.2338],[136.8345,35.2338],[136.839,35.2338],[136.8435,35.2338],[136.848,35.2338],[136.8525,35.2338],[136.857,35.2338],[136.8615,35.2338],[136.866,35.2338],[136.8705,35.2338],[136.875,35.2338],[136.8795,35.2338],[136.884,35.2338],[136.8885,35.2338],[136.893,35.2338],[136.8975,35.2338],[136.902,35.2338],[136.9065,35.2338],[136.911,35.2338],[136.9155,35.2338],[136.92,35.2338],[136.9245,35.2338],[136.929,35.2338],[136.9335,35.2338],[136.938,35.2338],[136.9425,35.2338],[136.947,35.2338],[136.9515,35.2338],[136.956,35.2338],[136.9605,35.2338],[136.965,35.2338],[136.9695,35.2338],[136.974,35.2338],[136.9785,35.2338],[136.983,35.2338],[136.9875,35.2338],[136.992,35.2338],[136.9965,35.2338],[137.001,35.2338],[137.0055,35.2338],[137.01,35.2338],[137.0145,35.2338],[137.019,35.2338],[137.0235,35.2338],[137.028,35.2338],[137.0325,35.2338],[137.037,35.2338],[137.0415,35.2338],[137.046,35.2338],[137.0505,35.2338],[137.055,35.2338],[137.0595,35.2338],[137.064,35.2338]]}},{"type":"Feature","properties":{"kind":"street","orientation":"ew","length_m":25395.8,"walk_min":317.45},"geometry":{"type":"LineString","coordinates":[[136.785,35.2374],[136.7895,35.2374],[136.794,35.2374],[136.7985,35.2374],[136.803,35.2374],[136.8075,35.2374],[136.812,35.2374],[136.8165,35.2374],[136.821,35.2374],[136.8255,35.2374],[136.83,35.2374],[136.8345,35.2374],[136.839,35.2374],[136.8435,35.2374],[136.848,35.2374],[136.8525,35.2374],[136.857,35.2374],[136.8615,35.2374],[136.866,35.2374],[136.8705,35.2374],[136.875,35.2374],[136.8795,35.2374],[136.884,35.2374],[136.8885,35.2374],[136.893,35.2374],[136.8975,35.2374],[136.902,35.2374],[136.9065,35.2374],[136.911,35.2374],[136.9155,35.2374],[136.92,35.2374],[136.9245,35.2374],[136.929,35.2374],[136.9335,35.2374],[136.938,35.2374],[136.9425,35.2374],[136.947,35.2374],[136.9515,35.2374],[136.956,35.2374],[136.9605,35.2374],[136.965,35.2374],[136.9695,35.2374],[136.974,35.2374],[136.9785,35.2374],[136.983,35.2374],[136.9875,35.2374],[136.992,35.2374],[136.9965,35.2374],[137.001,35.2374],[137.0055,35.2374],[137.01,35.2374],[137.0145,35.2374],[137.019,35.2374],[137.0235,35.2374],[137.028,35.2374],[137.0325,35.2374],[137.037,35.2374],[137.0415,35.2374],[137.046,35.2374],[137.0505,35.2374],[137.055,35.2374],[137.0595,35.2374],[137.064,35.2374]]}},{"type":"Feature","properties":{"kind":"street","orientation":"ew","length_m":25395.8,"walk_min":317.45},"geometry":{"type":"LineString","coordinates":[[136.785,35.241],[136.7895,35.241],[136.794,35.241],[136.7985,35.241],[136.803,35.241],[136.8075,35.241],[136.812,35.241],[136.8165,35.241],[136.821,35.241],[136.8255,35.241],[136.83,35.241],[136.8345,35.241],[136.839,35.241],[136.8435,35.241],[136.848,35.241],[136.8525,35.241],[136.857,35.241],[136.8615,35.241],[136.866,35.241],[136.8705,35.241],[136.875,35.241],[136.8795,35.241],[136.884,35.241],[136.8885,35.241],[136.893,35.241],[136.8975,35.241],[136.902,35.241],[136.9065,35.241],[136.911,35.241],[136.9155,35.241],[136.92,35.241],[136.9245,35.241],[136.929,35.241],[136.9335,35.241],[136.938,35.241],[136.9425,35.241],[136.947,35.241],[136.9515,35.241],[136.956,35.241],[136.9605,35.241],[136.965,35.241],[136.9695,35.241],[136.974,35.241],[136.9785,35.241],[136.983,35.241],[136.9875,35.241],[136.992,35.241],[136.9965,35.241],[137.001,35.241],[137.0055,35.241],[137.01,35.241],[137.0145,35.241],[137.019,35.241],[137.0235,35.241],[137.028,35.241],[137.0325,35.241],[137.037,35.241],[137.0415,35.241],[137.046,35.241],[137.0505,35.241],[137.055,35.241],[137.0595,35.241],[137.064,35.241]]}},{"type":"Feature","properties":{"kind":"street","orientation":"ew","length_m":25395.8,"walk_min":317.45},"geometry":{"type":"LineString","coordinates":[[136.785,35.2446],[136.7895,35.2446],[136.794,35.2446],[136.7985,35.2446],[136.803,35.2446],[136.8075,35.2446],[136.812,35.2446],[136.8165,35.2446],[136.821,35.2446],[136.8255,35.2446],[136.83,35.2446],[136.8345,35.2446],[136.839,35.2446],[136.8435,35.2446],[136.848,35.2446],[136.8525,35.2446],[136.857,35.2446],[136.8615,35.2446],[136.866,35.2446],[136.8705,35.2446],[136.875,35.2446],[136.8795,35.2446],[136.884,35.2446],[136.8885,35.2446],[136.893,35.2446],[136.8975,35.2446],[136.902,35.2446],[136.9065,35.2446],[136.911,35.2446],[136.9155,35.2446],[136.92,35.2446],[136.9245,35.2446],[136.929,35.2446],[136.9335,35.2446],[136.938,35.2446],[136.9425,35.2446],[136.947,35.2446],[136.9515,35.2446],[136.956,35.2446],[136.9605,35.2446],[136.965,35.2446],[136.9695,35.2446],[136.974,35.2446],[136.9785,35.2446],[136.983,35.2446],[136.9875,35.2446],[136.992,35.2446],[136.9965,35.2446],[137.001,35.2446],[137.0055,35.2446],[137.01,35.2446],[137.0145,35.2446],[137.019,35.2446],[137.0235,35.2446],[137.028,35.2446],[137.0325,35.2446],[137.037,35.2446],[137.0415,35.2446],[137.046,35.2446],[137.0505,35.2446],[137.055,35.2446],[137.0595,35.2446],[137.064,35.2446]]}},{"type":"Feature","properties":{"kind":"street","orientation":"ew","length_m":25395.8,"walk_min":317.45},"geometry":{"type":"LineString","coordinates":[[136.785,35.2482],[136.7895,35.2482],[136.794,35.2482],[136.7985,35.2482],[136.803,35.2482],[136.8075,35.2482],[136.812,35.2482],[136.8165,35.2482],[136.821,35.2482],[136.8255,35.2482],[136.83,35.2482],[136.8345,35.2482],[136.839,35.2482],[136.8435,35.2482],[136.848,35.2482],[136.8525,35.2482],[136.857,35.2482],[136.8615,35.2482],[136.866,35.2482],[136.8705,35.2482],[136.875,35.2482],[136.8795,35.2482],[136.884,35.2482],[136.8885,35.2482],[136.893,35.2482],[136.8975,35.2482],[136.902,35.2482],[136.9065,35.2482],[136.911,35.2482],[136.9155,35.2482],[136.92,35.2482],[136.9245,35.2482],[136.929,35.2482],[136.9335,35.2482],[136.938,35.2482],[136.9425,35.2482],[136.947,35.2482],[136.9515,35.2482],[136.956,35.2482],[136.9605,35.2482],[136.965,35.2482],[136.9695,35.2482],[136.974,35.2482],[136.9785,35.2482],[136.983,35.2482],[136.9875,35.2482],[136.992,35.2482],[136.9965,35.2482],[137.001,35.2482],[137.0055,35.2482],[137.01,35.2482],[137.0145,35.2482],[137.019,35.2482],[137.0235,35.2482],[137.028,35.2482],[137.0325,35.2482],[137.037,35.2482],[137.0415,35.2482],[137.046,35.2482],[137.0505,35.2482],[137.055,35.2482],[137.0595,35.2482],[137.064,35.2482]]}},{"type":"Feature","properties":{"kind":"street","orientation":"ew","length_m":25395.8,"walk_min":317.45},"geometry":{"type":"LineString","coordinates":[[136.785,35.2518],[136.7895,35.2518],[136.794,35.2518],[136.7985,35.2518],[136.803,35.2518],[136.8075,35.2518],[136.812,35.2518],[136.8165,35.2518],[136.821,35.2518],[136.8255,35.2518],[136.83,35.2518],[136.8345,35.2518],[136.839,35.2518],[136.8435,35.2518],[136.848,35.2518],[136.8525,35.2518],[136.857,35.2518],[136.8615,35.2518],[136.866,35.2518],[136.8705,35.2518],[136.875,35.2518],[136.8795,35.2518],[136.884,35.2518],[136.8885,35.2518],[136.893,35.2518],[136.8975,35.2518],[136.902,35.2518],[136.9065,35.2518],[136.911,35.2518],[136.9155,35.2518],[136.92,35.2518],[136.9245,35.2518],[136.929,35.2518],[136.9335,35.2518],[136.938,35.2518],[136.9425,35.2518],[136.947,35.2518],[136.9515,35.2518],[136.956,35.2518],[136.9605,35.2518],[136.965,35.2518],[136.9695,35.2518],[136.974,35.2518],[136.9785,35.2518],[136.983,35.2518],[136.9875,35.2518],[136.992,35.2518],[136.9965,35.2518],[137.001,35.2518],[137.0055,35.2518],[137.01,35.2518],[137.0145,35.2518],[137.019,35.2518],[137.0235,35.2518],[137.028,35.2518],[137.0325,35.2518],[137.037,35.2518],[137.0415,35.2518],[137.046,35.2518],[137.0505,35.2518],[137.055,35.2518],[137.0595,35.2518],[137.064,35.2518]]}},{"type":"Feature","properties":{"kind":"street","orientation":"ew","length_m":25395.8,"walk_min":317.45},"geometry":{"type":"LineString","coordinates":[[136.785,35.2554],[136.7895,35.2554],[136.794,35.2554],[136.7985,35.2554],[136.803,35.2554],[136.8075,35.2554],[136.812,35.2554],[136.8165,35.2554],[136.821,35.2554],[136.8255,35.2554],[136.83,35.2554],[136.8345,35.2554],[136.839,35.2554],[136.8435,35.2554],[136.848,35.2554],[136.8525,35.2554],[136.857,35.2554],[136.8615,35.2554],[136.866,35.2554],[136.8705,35.2554],[136.875,35.2554],[136.8795,35.2554],[136.884,35.2554],[136.8885,35.2554],[136.893,35.2554],[136.8975,35.2554],[136.902,35.2554],[136.9065,35.2554],[136.911,35.2554],[136.9155,35.2554],[136.92,35.2554],[136.9245,35.2554],[136.929,35.2554],[136.9335,35.2554],[136.938,35.2554],[136.9425,35.2554],[136.947,35.2554],[136.9515,35.2554],[136.956,35.2554],[136.9605,35.2554],[136.965,35.2554],[136.9695,35.2554],[136.974,35.2554],[136.9785,35.2554],[136.983,35.2554],[136.9875,35.2554],[136.992,35.2554],[136.9965,35.2554],[137.001,35.2554],[137.0055,35.2554],[137.01,35.2554],[137.0145,35.2554],[137.019,35.2554],[137.0235,35.2554],[137.028,35.2554],[137.0325,35.2554],[137.037,35.2554],[137.0415,35.2554],[137.046,35.2554],[137.0505,35.2554],[137.055,35.2554],[137.0595,35.2554],[137.064,35.2554]]}},{"type":"Feature","properties":{"kind":"street","orientation":"ew","length_m":25395.8,"walk_min":317.45},"geometry":{"type":"LineString","coordinates":[[136.785,35.259],[136.7895,35.259],[136.794,35.259],[136.7985,35.259],[136.803,35.259],[136.8075,35.259],[136.812,35.259],[136.8165,35.259],[136.821,35.259],[136.8255,35.259],[136.83,35.259],[136.8345,35.259],[136.839,35.259],[136.8435,35.259],[136.848,35.259],[136.8525,35.259],[136.857,35.259],[136.8615,35.259],[136.866,35.259],[136.8705,35.259],[136.875,35.259],[136.8795,35.259],[136.884,35.259],[136.8885,35.259],[136.893,35.259],[136.8975,35.259],[136.902,35.259],[136.9065,35.259],[136.911,35.259],[136.9155,35.259],[136.92,35.259],[136.9245,35.259],[136.929,35.259],[136.9335,35.259],[136.938,35.259],[136.9425,35.259],[136.947,35.259],[136.9515,35.259],[136.956,35.259],[136.9605,35.259],[136.965,35.259],[136.9695,35.259],[136.974,35.259],[136.9785,35.259],[136.983,35.259],[136.9875,35.259],[136.992,35.259],[136.9965,35.259],[137.001,35.259],[137.0055,35.259],[137.01,35.259],[137.0145,35.259],[137.019,35.259],[137.0235,35.259],[137.028,35.259],[137.0325,35.259],[137.037,35.259],[137.0415,35.259],[137.046,35.259],[137.0505,35.259],[137.055,35.259],[137.0595,35.259],[137.064,35.259]]}},{"type":"Feature","properties":{"kind":"street","orientation":"ew","length_m":25395.8,"walk_min":317.45},"geometry":{"type":"LineString","coordinates":[[136.785,35.2626],[136.7895,35.2626],[136.794,35.2626],[136.7985,35.2626],[136.803,35.2626],[136.8075,35.2626],[136.812,35.2626],[136.8165,35.2626],[136.821,35.2626],[136.8255,35.2626],[136.83,35.2626],[136.8345,35.2626],[136.839,35.2626],[136.8435,35.2626],[136.848,35.2626],[136.8525,35.2626],[136.857,35.2626],[136.8615,35.2626],[136.866,35.2626],[136.8705,35.2626],[136.875,35.2626],[136.8795,35.2626],[136.884,35.2626],[136.8885,35.2626],[136.893,35.2626],[136.8975,35.2626],[136.902,35.2626],[136.9065,35.2626],[136.911,35.2626],[136.9155,35.2626],[136.92,35.2626],[136.9245,35.2626],[136.929,35.2626],[136.9335,35.2626],[136.938,35.2626],[136.9425,35.2626],[136.947,35.2626],[136.9515,35.2626],[136.956,35.2626],[136.9605,35.2626],[136.965,35.2626],[136.9695,35.2626],[136.974,35.2626],[136.9785,35.2626],[136.983,35.2626],[136.9875,35.2626],[136.992,35.2626],[136.9965,35.2626],[137.001,35.2626],[137.0055,35.2626],[137.01,35.2626],[137.0145,35.2626],[137.019,35.2626],[137.0235,35.2626],[137.028,35.2626],[137.0325,35.2626],[137.037,35.2626],[137.0415,35.2626],[137.046,35.2626],[137.0505,35.2626],[137.055,35.2626],[137.0595,35.2626],[137.064,35.2626]]}},{"type":"Feature","properties":{"kind":"street","orientation":"ew","length_m":25395.8,"walk_min":317.45},"geometry":{"type":"LineString","coordinates":[[136.785,35.2662],[136.7895,35.2662],[136.794,35.2662],[136.7985,35.2662],[136.803,35.2662],[136.8075,35.2662],[136.812,35.2662],[136.8165,35.2662],[136.821,35.2662],[136.8255,35.2662],[136.83,35.2662],[136.8345,35.2662],[136.839,35.2662],[136.8435,35.2662],[136.848,35.2662],[136.8525,35.2662],[136.857,35.2662],[136.8615,35.2662],[136.866,35.2662],[136.8705,35.2662],[136.875,35.2662],[136.8795,35.2662],[136.884,35.2662],[136.8885,35.2662],[136.893,35.2662],[136.8975,35.2662],[136.902,35.2662],[136.9065,35.2662],[136.911,35.2662],[136.9155,35.2662],[136.92,35.2662],[136.9245,35.2662],[136.929,35.2662],[136.9335,35.2662],[136.938,35.2662],[136.9425,35.2662],[136.947,35.2662],[136.9515,35.2662],[136.956,35.2662],[136.9605,35.2662],[136.965,35.2662],[136.9695,35.2662],[136.974,35.2662],[136.9785,35.2662],[136.983,35.2662],[136.9875,35.2662],[136.992,35.2662],[136.9965,35.2662],[137.001,35.2662],[137.0055,35.2662],[137.01,35.2662],[137.0145,35.2662],[137.019,35.2662],[137.0235,35.2662],[137.028,35.2662],[137.0325,35.2662],[137.037,35.2662],[137.0415,35.2662],[137.046,35.2662],[137.0505,35.2662],[137.055,35.2662],[137.0595,35.2662],[137.064,35.2662]]}}]}